Responder Type,Year,Survey Responder,Survey question,Response option,Percent,N
Employer Firms,2016,All employer firms,Actions taken in response to financial challenges,Used personal funds,75%,3968
Employer Firms,2017,All employer firms,Actions taken in response to financial challenges,Used personal funds,67%,4956
Employer Firms,2018,All employer firms,Actions taken in response to financial challenges,Used personal funds,67%,4067
Employer Firms,2020,All employer firms,Actions taken in response to financial challenges,Used personal funds,62%,7897
Employer Firms,2021,All employer firms,Actions taken in response to financial challenges,Used personal funds,61%,9537
Employer Firms,2022,All employer firms,Actions taken in response to financial challenges,Used personal funds,53%,7493
Employer Firms,2023,All employer firms,Actions taken in response to financial challenges,Used personal funds,53%,5777
Employer Firms,2016,All employer firms,Applications for financing,"Applied for a loan, line of credit, or merchant cash advance",38%,9868
Employer Firms,2017,All employer firms,Applications for financing,"Applied for a loan, line of credit, or merchant cash advance",34%,8169
Employer Firms,2018,All employer firms,Applications for financing,"Applied for a loan, line of credit, or merchant cash advance",36%,6614
Employer Firms,2019,All employer firms,Applications for financing,"Applied for a loan, line of credit, or merchant cash advance",37%,5154
Employer Firms,2020,All employer firms,Applications for financing,"Applied for a loan, line of credit, or merchant cash advance",28%,9407
Employer Firms,2021,All employer firms,Applications for financing,"Applied for a loan, line of credit, or merchant cash advance",25%,10580
Employer Firms,2022,All employer firms,Applications for financing,"Applied for a loan, line of credit, or merchant cash advance",40%,7864
Employer Firms,2023,All employer firms,Applications for financing,"Applied for a loan, line of credit, or merchant cash advance",37%,6131
Employer Firms,2016,All employer firms,Best outcome on loan/LOC/merchant cash advance application(s),All (100%),54%,3661
Employer Firms,2017,All employer firms,Best outcome on loan/LOC/merchant cash advance application(s),All (100%),57%,2695
Employer Firms,2018,All employer firms,Best outcome on loan/LOC/merchant cash advance application(s),All (100%),58%,2297
Employer Firms,2019,All employer firms,Best outcome on loan/LOC/merchant cash advance application(s),All (100%),62%,1835
Employer Firms,2020,All employer firms,Best outcome on loan/LOC/merchant cash advance application(s),All (100%),50%,2433
Employer Firms,2021,All employer firms,Best outcome on loan/LOC/merchant cash advance application(s),All (100%),46%,2426
Employer Firms,2022,All employer firms,Best outcome on loan/LOC/merchant cash advance application(s),All (100%),53%,3026
Employer Firms,2023,All employer firms,Best outcome on loan/LOC/merchant cash advance application(s),All (100%),51%,2171
Employer Firms,2020,All employer firms,Current financial condition,Poor or fair,58%,9664
Employer Firms,2021,All employer firms,Current financial condition,Poor or fair,59%,10907
Employer Firms,2022,All employer firms,Current financial condition,Poor or fair,57%,7864
Employer Firms,2023,All employer firms,Current financial condition,Poor or fair,55%,6130
Employer Firms,2016,All employer firms,"Employment change, prior 12 months",Increased,35%,9706
Employer Firms,2017,All employer firms,"Employment change, prior 12 months",Increased,35%,7684
Employer Firms,2018,All employer firms,"Employment change, prior 12 months",Increased,37%,6176
Employer Firms,2019,All employer firms,"Employment change, prior 12 months",Increased,36%,4810
Employer Firms,2020,All employer firms,"Employment change, prior 12 months",Increased,12%,9392
Employer Firms,2021,All employer firms,"Employment change, prior 12 months",Increased,24%,10571
Employer Firms,2022,All employer firms,"Employment change, prior 12 months",Increased,29%,7538
Employer Firms,2023,All employer firms,"Employment change, prior 12 months",Increased,29%,5995
Employer Firms,2016,All employer firms,"Employment expectations, next 12 months",Will increase,45%,9765
Employer Firms,2017,All employer firms,"Employment expectations, next 12 months",Will increase,48%,7736
Employer Firms,2018,All employer firms,"Employment expectations, next 12 months",Will increase,44%,6450
Employer Firms,2019,All employer firms,"Employment expectations, next 12 months",Will increase,44%,5024
Employer Firms,2020,All employer firms,"Employment expectations, next 12 months",Will increase,32%,9412
Employer Firms,2021,All employer firms,"Employment expectations, next 12 months",Will increase,41%,10635
Employer Firms,2022,All employer firms,"Employment expectations, next 12 months",Will increase,39%,7599
Employer Firms,2023,All employer firms,"Employment expectations, next 12 months",Will increase,39%,6033
Employer Firms,2016,All employer firms,"Profitability, end of prior year",Operating at a profit,55%,9633
Employer Firms,2017,All employer firms,"Profitability, end of prior year",Operating at a profit,57%,7830
Employer Firms,2018,All employer firms,"Profitability, end of prior year",Operating at a profit,57%,6280
Employer Firms,2019,All employer firms,"Profitability, end of prior year",Operating at a profit,57%,4942
Employer Firms,2020,All employer firms,"Profitability, end of prior year",Operating at a profit,65%,9225
Employer Firms,2021,All employer firms,"Profitability, end of prior year",Operating at a profit,35%,10213
Employer Firms,2022,All employer firms,"Profitability, end of prior year",Operating at a profit,45%,7503
Employer Firms,2023,All employer firms,"Profitability, end of prior year",Operating at a profit,47%,5913
Employer Firms,2016,All employer firms,"Revenue change, prior 12 months",Increased,51%,9758
Employer Firms,2017,All employer firms,"Revenue change, prior 12 months",Increased,53%,7983
Employer Firms,2018,All employer firms,"Revenue change, prior 12 months",Increased,57%,6438
Employer Firms,2019,All employer firms,"Revenue change, prior 12 months",Increased,56%,4983
Employer Firms,2020,All employer firms,"Revenue change, prior 12 months",Increased,14%,9561
Employer Firms,2021,All employer firms,"Revenue change, prior 12 months",Increased,38%,10617
Employer Firms,2022,All employer firms,"Revenue change, prior 12 months",Increased,44%,7589
Employer Firms,2023,All employer firms,"Revenue change, prior 12 months",Increased,43%,5856
Employer Firms,2016,All employer firms,"Revenue expectations, next 12 months",Will increase,69%,9795
Employer Firms,2017,All employer firms,"Revenue expectations, next 12 months",Will increase,72%,8073
Employer Firms,2018,All employer firms,"Revenue expectations, next 12 months",Will increase,72%,6480
Employer Firms,2019,All employer firms,"Revenue expectations, next 12 months",Will increase,69%,4967
Employer Firms,2020,All employer firms,"Revenue expectations, next 12 months",Will increase,41%,9616
Employer Firms,2021,All employer firms,"Revenue expectations, next 12 months",Will increase,59%,10692
Employer Firms,2022,All employer firms,"Revenue expectations, next 12 months",Will increase,56%,7674
Employer Firms,2023,All employer firms,"Revenue expectations, next 12 months",Will increase,57%,5945
Employer Firms,2016,All employer firms,Share that experienced a financial challenge,Experienced a financial challenge,59%,9710
Employer Firms,2017,All employer firms,Share that experienced a financial challenge,Experienced a financial challenge,64%,8097
Employer Firms,2018,All employer firms,Share that experienced a financial challenge,Experienced a financial challenge,64%,6490
Employer Firms,2019,All employer firms,Share that experienced a financial challenge,Experienced a financial challenge,66%,5100
Employer Firms,2020,All employer firms,Share that experienced a financial challenge,Experienced a financial challenge,81%,9645
Employer Firms,2021,All employer firms,Share that experienced a financial challenge,Experienced a financial challenge,85%,10851
Employer Firms,2022,All employer firms,Share that experienced a financial challenge,Experienced a financial challenge,94%,7837
Employer Firms,2023,All employer firms,Share that experienced a financial challenge,Experienced a financial challenge,93%,6103
Employer Firms,2016,All employer firms,Share with outstanding debt,Have outstanding debt,69%,9323
Employer Firms,2017,All employer firms,Share with outstanding debt,Have outstanding debt,67%,7958
Employer Firms,2018,All employer firms,Share with outstanding debt,Have outstanding debt,70%,6451
Employer Firms,2019,All employer firms,Share with outstanding debt,Have outstanding debt,71%,5063
Employer Firms,2020,All employer firms,Share with outstanding debt,Have outstanding debt,79%,9443
Employer Firms,2021,All employer firms,Share with outstanding debt,Have outstanding debt,74%,10679
Employer Firms,2022,All employer firms,Share with outstanding debt,Have outstanding debt,72%,7708
Employer Firms,2023,All employer firms,Share with outstanding debt,Have outstanding debt,72%,6059
"Race, Ethnicity of Owner(s)",2016,Asian,Actions taken in response to financial challenges,Used personal funds,78%,199
"Race, Ethnicity of Owner(s)",2016,Black or African American,Actions taken in response to financial challenges,Used personal funds,86%,506
"Race, Ethnicity of Owner(s)",2016,Hispanic,Actions taken in response to financial challenges,Used personal funds,71%,252
"Race, Ethnicity of Owner(s)",2016,White,Actions taken in response to financial challenges,Used personal funds,75%,2965
"Race, Ethnicity of Owner(s)",2017,American Indian or Alaska Native,Actions taken in response to financial challenges,Used personal funds,72%,67
"Race, Ethnicity of Owner(s)",2017,Asian,Actions taken in response to financial challenges,Used personal funds,70%,181
"Race, Ethnicity of Owner(s)",2017,Black or African American,Actions taken in response to financial challenges,Used personal funds,76%,512
"Race, Ethnicity of Owner(s)",2017,Hispanic,Actions taken in response to financial challenges,Used personal funds,79%,362
"Race, Ethnicity of Owner(s)",2017,White,Actions taken in response to financial challenges,Used personal funds,65%,3834
"Race, Ethnicity of Owner(s)",2018,American Indian or Alaska Native,Actions taken in response to financial challenges,Used personal funds,82%,54
"Race, Ethnicity of Owner(s)",2018,Asian,Actions taken in response to financial challenges,Used personal funds,67%,171
"Race, Ethnicity of Owner(s)",2018,Black or African American,Actions taken in response to financial challenges,Used personal funds,80%,435
"Race, Ethnicity of Owner(s)",2018,Hispanic,Actions taken in response to financial challenges,Used personal funds,66%,331
"Race, Ethnicity of Owner(s)",2018,White,Actions taken in response to financial challenges,Used personal funds,67%,3076
"Race, Ethnicity of Owner(s)",2020,American Indian or Alaska Native,Actions taken in response to financial challenges,Used personal funds,79%,91
"Race, Ethnicity of Owner(s)",2020,Asian,Actions taken in response to financial challenges,Used personal funds,65%,587
"Race, Ethnicity of Owner(s)",2020,Black or African American,Actions taken in response to financial challenges,Used personal funds,76%,1079
"Race, Ethnicity of Owner(s)",2020,Hispanic,Actions taken in response to financial challenges,Used personal funds,65%,736
"Race, Ethnicity of Owner(s)",2020,White,Actions taken in response to financial challenges,Used personal funds,61%,5404
"Race, Ethnicity of Owner(s)",2021,American Indian or Alaska Native,Actions taken in response to financial challenges,Used personal funds,75%,119
"Race, Ethnicity of Owner(s)",2021,Asian,Actions taken in response to financial challenges,Used personal funds,59%,927
"Race, Ethnicity of Owner(s)",2021,Black or African American,Actions taken in response to financial challenges,Used personal funds,73%,1662
"Race, Ethnicity of Owner(s)",2021,Hispanic,Actions taken in response to financial challenges,Used personal funds,64%,1028
"Race, Ethnicity of Owner(s)",2021,White,Actions taken in response to financial challenges,Used personal funds,60%,5801
"Race, Ethnicity of Owner(s)",2022,American Indian or Alaska Native,Actions taken in response to financial challenges,Used personal funds,61%,128
"Race, Ethnicity of Owner(s)",2022,Asian,Actions taken in response to financial challenges,Used personal funds,56%,545
"Race, Ethnicity of Owner(s)",2022,Black or African American,Actions taken in response to financial challenges,Used personal funds,79%,1415
"Race, Ethnicity of Owner(s)",2022,Hispanic,Actions taken in response to financial challenges,Used personal funds,70%,882
"Race, Ethnicity of Owner(s)",2022,White,Actions taken in response to financial challenges,Used personal funds,51%,4523
"Race, Ethnicity of Owner(s)",2023,American Indian or Alaska Native,Actions taken in response to financial challenges,Used personal funds,78%,71
"Race, Ethnicity of Owner(s)",2023,Asian,Actions taken in response to financial challenges,Used personal funds,67%,357
"Race, Ethnicity of Owner(s)",2023,Black or African American,Actions taken in response to financial challenges,Used personal funds,74%,884
"Race, Ethnicity of Owner(s)",2023,Hispanic,Actions taken in response to financial challenges,Used personal funds,62%,633
"Race, Ethnicity of Owner(s)",2023,White,Actions taken in response to financial challenges,Used personal funds,50%,3832
"Race, Ethnicity of Owner(s)",2016,American Indian or Alaska Native,Applications for financing,"Applied for a loan, line of credit, or merchant cash advance",40%,104
"Race, Ethnicity of Owner(s)",2016,Asian,Applications for financing,"Applied for a loan, line of credit, or merchant cash advance",40%,421
"Race, Ethnicity of Owner(s)",2016,Black or African American,Applications for financing,"Applied for a loan, line of credit, or merchant cash advance",45%,883
"Race, Ethnicity of Owner(s)",2016,Hispanic,Applications for financing,"Applied for a loan, line of credit, or merchant cash advance",44%,512
"Race, Ethnicity of Owner(s)",2016,White,Applications for financing,"Applied for a loan, line of credit, or merchant cash advance",37%,7948
"Race, Ethnicity of Owner(s)",2017,American Indian or Alaska Native,Applications for financing,"Applied for a loan, line of credit, or merchant cash advance",39%,97
"Race, Ethnicity of Owner(s)",2017,Asian,Applications for financing,"Applied for a loan, line of credit, or merchant cash advance",34%,300
"Race, Ethnicity of Owner(s)",2017,Black or African American,Applications for financing,"Applied for a loan, line of credit, or merchant cash advance",39%,642
"Race, Ethnicity of Owner(s)",2017,Hispanic,Applications for financing,"Applied for a loan, line of credit, or merchant cash advance",38%,530
"Race, Ethnicity of Owner(s)",2017,White,Applications for financing,"Applied for a loan, line of credit, or merchant cash advance",33%,6600
"Race, Ethnicity of Owner(s)",2018,American Indian or Alaska Native,Applications for financing,"Applied for a loan, line of credit, or merchant cash advance",45%,68
"Race, Ethnicity of Owner(s)",2018,Asian,Applications for financing,"Applied for a loan, line of credit, or merchant cash advance",31%,260
"Race, Ethnicity of Owner(s)",2018,Black or African American,Applications for financing,"Applied for a loan, line of credit, or merchant cash advance",36%,558
"Race, Ethnicity of Owner(s)",2018,Hispanic,Applications for financing,"Applied for a loan, line of credit, or merchant cash advance",40%,496
"Race, Ethnicity of Owner(s)",2018,White,Applications for financing,"Applied for a loan, line of credit, or merchant cash advance",36%,5232
"Race, Ethnicity of Owner(s)",2019,American Indian or Alaska Native,Applications for financing,"Applied for a loan, line of credit, or merchant cash advance",36%,67
"Race, Ethnicity of Owner(s)",2019,Asian,Applications for financing,"Applied for a loan, line of credit, or merchant cash advance",26%,198
"Race, Ethnicity of Owner(s)",2019,Black or African American,Applications for financing,"Applied for a loan, line of credit, or merchant cash advance",47%,468
"Race, Ethnicity of Owner(s)",2019,Hispanic,Applications for financing,"Applied for a loan, line of credit, or merchant cash advance",40%,422
"Race, Ethnicity of Owner(s)",2019,White,Applications for financing,"Applied for a loan, line of credit, or merchant cash advance",38%,3999
"Race, Ethnicity of Owner(s)",2020,American Indian or Alaska Native,Applications for financing,"Applied for a loan, line of credit, or merchant cash advance",34%,104
"Race, Ethnicity of Owner(s)",2020,Asian,Applications for financing,"Applied for a loan, line of credit, or merchant cash advance",25%,645
"Race, Ethnicity of Owner(s)",2020,Black or African American,Applications for financing,"Applied for a loan, line of credit, or merchant cash advance",35%,1141
"Race, Ethnicity of Owner(s)",2020,Hispanic,Applications for financing,"Applied for a loan, line of credit, or merchant cash advance",30%,812
"Race, Ethnicity of Owner(s)",2020,White,Applications for financing,"Applied for a loan, line of credit, or merchant cash advance",29%,6705
"Race, Ethnicity of Owner(s)",2021,American Indian or Alaska Native,Applications for financing,"Applied for a loan, line of credit, or merchant cash advance",44%,127
"Race, Ethnicity of Owner(s)",2021,Asian,Applications for financing,"Applied for a loan, line of credit, or merchant cash advance",24%,931
"Race, Ethnicity of Owner(s)",2021,Black or African American,Applications for financing,"Applied for a loan, line of credit, or merchant cash advance",31%,1722
"Race, Ethnicity of Owner(s)",2021,Hispanic,Applications for financing,"Applied for a loan, line of credit, or merchant cash advance",30%,1058
"Race, Ethnicity of Owner(s)",2021,White,Applications for financing,"Applied for a loan, line of credit, or merchant cash advance",25%,6742
"Race, Ethnicity of Owner(s)",2022,American Indian or Alaska Native,Applications for financing,"Applied for a loan, line of credit, or merchant cash advance",46%,135
"Race, Ethnicity of Owner(s)",2022,Asian,Applications for financing,"Applied for a loan, line of credit, or merchant cash advance",40%,565
"Race, Ethnicity of Owner(s)",2022,Black or African American,Applications for financing,"Applied for a loan, line of credit, or merchant cash advance",48%,1466
"Race, Ethnicity of Owner(s)",2022,Hispanic,Applications for financing,"Applied for a loan, line of credit, or merchant cash advance",44%,915
"Race, Ethnicity of Owner(s)",2022,White,Applications for financing,"Applied for a loan, line of credit, or merchant cash advance",40%,4783
"Race, Ethnicity of Owner(s)",2023,American Indian or Alaska Native,Applications for financing,"Applied for a loan, line of credit, or merchant cash advance",47%,74
"Race, Ethnicity of Owner(s)",2023,Asian,Applications for financing,"Applied for a loan, line of credit, or merchant cash advance",41%,380
"Race, Ethnicity of Owner(s)",2023,Black or African American,Applications for financing,"Applied for a loan, line of credit, or merchant cash advance",51%,923
"Race, Ethnicity of Owner(s)",2023,Hispanic,Applications for financing,"Applied for a loan, line of credit, or merchant cash advance",42%,660
"Race, Ethnicity of Owner(s)",2023,White,Applications for financing,"Applied for a loan, line of credit, or merchant cash advance",35%,4094
"Race, Ethnicity of Owner(s)",2016,Asian,Best outcome on loan/LOC/merchant cash advance application(s),All (100%),36%,173
"Race, Ethnicity of Owner(s)",2016,Black or African American,Best outcome on loan/LOC/merchant cash advance application(s),All (100%),28%,372
"Race, Ethnicity of Owner(s)",2016,Hispanic,Best outcome on loan/LOC/merchant cash advance application(s),All (100%),42%,219
"Race, Ethnicity of Owner(s)",2016,White,Best outcome on loan/LOC/merchant cash advance application(s),All (100%),58%,2853
"Race, Ethnicity of Owner(s)",2017,Asian,Best outcome on loan/LOC/merchant cash advance application(s),All (100%),49%,98
"Race, Ethnicity of Owner(s)",2017,Black or African American,Best outcome on loan/LOC/merchant cash advance application(s),All (100%),30%,242
"Race, Ethnicity of Owner(s)",2017,Hispanic,Best outcome on loan/LOC/merchant cash advance application(s),All (100%),41%,179
"Race, Ethnicity of Owner(s)",2017,White,Best outcome on loan/LOC/merchant cash advance application(s),All (100%),60%,2133
"Race, Ethnicity of Owner(s)",2018,Asian,Best outcome on loan/LOC/merchant cash advance application(s),All (100%),49%,88
"Race, Ethnicity of Owner(s)",2018,Black or African American,Best outcome on loan/LOC/merchant cash advance application(s),All (100%),38%,204
"Race, Ethnicity of Owner(s)",2018,Hispanic,Best outcome on loan/LOC/merchant cash advance application(s),All (100%),40%,182
"Race, Ethnicity of Owner(s)",2018,White,Best outcome on loan/LOC/merchant cash advance application(s),All (100%),61%,1798
"Race, Ethnicity of Owner(s)",2019,Asian,Best outcome on loan/LOC/merchant cash advance application(s),All (100%),46%,61
"Race, Ethnicity of Owner(s)",2019,Black or African American,Best outcome on loan/LOC/merchant cash advance application(s),All (100%),34%,192
"Race, Ethnicity of Owner(s)",2019,Hispanic,Best outcome on loan/LOC/merchant cash advance application(s),All (100%),46%,150
"Race, Ethnicity of Owner(s)",2019,White,Best outcome on loan/LOC/merchant cash advance application(s),All (100%),66%,1405
"Race, Ethnicity of Owner(s)",2020,Asian,Best outcome on loan/LOC/merchant cash advance application(s),All (100%),45%,154
"Race, Ethnicity of Owner(s)",2020,Black or African American,Best outcome on loan/LOC/merchant cash advance application(s),All (100%),25%,347
"Race, Ethnicity of Owner(s)",2020,Hispanic,Best outcome on loan/LOC/merchant cash advance application(s),All (100%),30%,226
"Race, Ethnicity of Owner(s)",2020,White,Best outcome on loan/LOC/merchant cash advance application(s),All (100%),53%,1677
"Race, Ethnicity of Owner(s)",2021,Asian,Best outcome on loan/LOC/merchant cash advance application(s),All (100%),34%,186
"Race, Ethnicity of Owner(s)",2021,Black or African American,Best outcome on loan/LOC/merchant cash advance application(s),All (100%),25%,483
"Race, Ethnicity of Owner(s)",2021,Hispanic,Best outcome on loan/LOC/merchant cash advance application(s),All (100%),27%,272
"Race, Ethnicity of Owner(s)",2021,White,Best outcome on loan/LOC/merchant cash advance application(s),All (100%),50%,1441
"Race, Ethnicity of Owner(s)",2022,American Indian or Alaska Native,Best outcome on loan/LOC/merchant cash advance application(s),All (100%),36%,50
"Race, Ethnicity of Owner(s)",2022,Asian,Best outcome on loan/LOC/merchant cash advance application(s),All (100%),33%,198
"Race, Ethnicity of Owner(s)",2022,Black or African American,Best outcome on loan/LOC/merchant cash advance application(s),All (100%),20%,651
"Race, Ethnicity of Owner(s)",2022,Hispanic,Best outcome on loan/LOC/merchant cash advance application(s),All (100%),38%,352
"Race, Ethnicity of Owner(s)",2022,White,Best outcome on loan/LOC/merchant cash advance application(s),All (100%),58%,1775
"Race, Ethnicity of Owner(s)",2023,Asian,Best outcome on loan/LOC/merchant cash advance application(s),All (100%),34%,145
"Race, Ethnicity of Owner(s)",2023,Black or African American,Best outcome on loan/LOC/merchant cash advance application(s),All (100%),32%,408
"Race, Ethnicity of Owner(s)",2023,Hispanic,Best outcome on loan/LOC/merchant cash advance application(s),All (100%),32%,250
"Race, Ethnicity of Owner(s)",2023,White,Best outcome on loan/LOC/merchant cash advance application(s),All (100%),56%,1336
"Race, Ethnicity of Owner(s)",2020,American Indian or Alaska Native,Current financial condition,Poor or fair,54%,106
"Race, Ethnicity of Owner(s)",2020,Asian,Current financial condition,Poor or fair,79%,663
"Race, Ethnicity of Owner(s)",2020,Black or African American,Current financial condition,Poor or fair,79%,1178
"Race, Ethnicity of Owner(s)",2020,Hispanic,Current financial condition,Poor or fair,67%,852
"Race, Ethnicity of Owner(s)",2020,White,Current financial condition,Poor or fair,55%,6865
"Race, Ethnicity of Owner(s)",2021,American Indian or Alaska Native,Current financial condition,Poor or fair,67%,132
"Race, Ethnicity of Owner(s)",2021,Asian,Current financial condition,Poor or fair,81%,982
"Race, Ethnicity of Owner(s)",2021,Black or African American,Current financial condition,Poor or fair,76%,1775
"Race, Ethnicity of Owner(s)",2021,Hispanic,Current financial condition,Poor or fair,74%,1118
"Race, Ethnicity of Owner(s)",2021,White,Current financial condition,Poor or fair,55%,6900
"Race, Ethnicity of Owner(s)",2022,American Indian or Alaska Native,Current financial condition,Poor or fair,72%,135
"Race, Ethnicity of Owner(s)",2022,Asian,Current financial condition,Poor or fair,83%,565
"Race, Ethnicity of Owner(s)",2022,Black or African American,Current financial condition,Poor or fair,74%,1466
"Race, Ethnicity of Owner(s)",2022,Hispanic,Current financial condition,Poor or fair,67%,915
"Race, Ethnicity of Owner(s)",2022,White,Current financial condition,Poor or fair,52%,4783
"Race, Ethnicity of Owner(s)",2023,American Indian or Alaska Native,Current financial condition,Poor or fair,73%,74
"Race, Ethnicity of Owner(s)",2023,Asian,Current financial condition,Poor or fair,74%,379
"Race, Ethnicity of Owner(s)",2023,Black or African American,Current financial condition,Poor or fair,73%,923
"Race, Ethnicity of Owner(s)",2023,Hispanic,Current financial condition,Poor or fair,65%,660
"Race, Ethnicity of Owner(s)",2023,White,Current financial condition,Poor or fair,51%,4094
"Race, Ethnicity of Owner(s)",2016,American Indian or Alaska Native,"Employment change, prior 12 months",Increased,42%,102
"Race, Ethnicity of Owner(s)",2016,Asian,"Employment change, prior 12 months",Increased,34%,413
"Race, Ethnicity of Owner(s)",2016,Black or African American,"Employment change, prior 12 months",Increased,36%,854
"Race, Ethnicity of Owner(s)",2016,Hispanic,"Employment change, prior 12 months",Increased,36%,496
"Race, Ethnicity of Owner(s)",2016,White,"Employment change, prior 12 months",Increased,35%,7841
"Race, Ethnicity of Owner(s)",2017,American Indian or Alaska Native,"Employment change, prior 12 months",Increased,32%,92
"Race, Ethnicity of Owner(s)",2017,Asian,"Employment change, prior 12 months",Increased,43%,285
"Race, Ethnicity of Owner(s)",2017,Black or African American,"Employment change, prior 12 months",Increased,33%,581
"Race, Ethnicity of Owner(s)",2017,Hispanic,"Employment change, prior 12 months",Increased,36%,472
"Race, Ethnicity of Owner(s)",2017,White,"Employment change, prior 12 months",Increased,34%,6254
"Race, Ethnicity of Owner(s)",2018,American Indian or Alaska Native,"Employment change, prior 12 months",Increased,47%,64
"Race, Ethnicity of Owner(s)",2018,Asian,"Employment change, prior 12 months",Increased,35%,237
"Race, Ethnicity of Owner(s)",2018,Black or African American,"Employment change, prior 12 months",Increased,31%,506
"Race, Ethnicity of Owner(s)",2018,Hispanic,"Employment change, prior 12 months",Increased,34%,444
"Race, Ethnicity of Owner(s)",2018,White,"Employment change, prior 12 months",Increased,37%,4925
"Race, Ethnicity of Owner(s)",2019,American Indian or Alaska Native,"Employment change, prior 12 months",Increased,27%,63
"Race, Ethnicity of Owner(s)",2019,Asian,"Employment change, prior 12 months",Increased,32%,180
"Race, Ethnicity of Owner(s)",2019,Black or African American,"Employment change, prior 12 months",Increased,27%,424
"Race, Ethnicity of Owner(s)",2019,Hispanic,"Employment change, prior 12 months",Increased,40%,377
"Race, Ethnicity of Owner(s)",2019,White,"Employment change, prior 12 months",Increased,37%,3766
"Race, Ethnicity of Owner(s)",2020,American Indian or Alaska Native,"Employment change, prior 12 months",Increased,13%,102
"Race, Ethnicity of Owner(s)",2020,Asian,"Employment change, prior 12 months",Increased,8%,645
"Race, Ethnicity of Owner(s)",2020,Black or African American,"Employment change, prior 12 months",Increased,11%,1110
"Race, Ethnicity of Owner(s)",2020,Hispanic,"Employment change, prior 12 months",Increased,9%,805
"Race, Ethnicity of Owner(s)",2020,White,"Employment change, prior 12 months",Increased,13%,6730
"Race, Ethnicity of Owner(s)",2021,American Indian or Alaska Native,"Employment change, prior 12 months",Increased,25%,127
"Race, Ethnicity of Owner(s)",2021,Asian,"Employment change, prior 12 months",Increased,15%,954
"Race, Ethnicity of Owner(s)",2021,Black or African American,"Employment change, prior 12 months",Increased,19%,1652
"Race, Ethnicity of Owner(s)",2021,Hispanic,"Employment change, prior 12 months",Increased,21%,1052
"Race, Ethnicity of Owner(s)",2021,White,"Employment change, prior 12 months",Increased,25%,6786
"Race, Ethnicity of Owner(s)",2022,American Indian or Alaska Native,"Employment change, prior 12 months",Increased,27%,129
"Race, Ethnicity of Owner(s)",2022,Asian,"Employment change, prior 12 months",Increased,20%,541
"Race, Ethnicity of Owner(s)",2022,Black or African American,"Employment change, prior 12 months",Increased,20%,1364
"Race, Ethnicity of Owner(s)",2022,Hispanic,"Employment change, prior 12 months",Increased,28%,839
"Race, Ethnicity of Owner(s)",2022,White,"Employment change, prior 12 months",Increased,31%,4665
"Race, Ethnicity of Owner(s)",2023,American Indian or Alaska Native,"Employment change, prior 12 months",Increased,20%,73
"Race, Ethnicity of Owner(s)",2023,Asian,"Employment change, prior 12 months",Increased,24%,370
"Race, Ethnicity of Owner(s)",2023,Black or African American,"Employment change, prior 12 months",Increased,30%,885
"Race, Ethnicity of Owner(s)",2023,Hispanic,"Employment change, prior 12 months",Increased,34%,628
"Race, Ethnicity of Owner(s)",2023,White,"Employment change, prior 12 months",Increased,29%,4039
"Race, Ethnicity of Owner(s)",2016,American Indian or Alaska Native,"Employment expectations, next 12 months",Will increase,67%,102
"Race, Ethnicity of Owner(s)",2016,Asian,"Employment expectations, next 12 months",Will increase,55%,416
"Race, Ethnicity of Owner(s)",2016,Black or African American,"Employment expectations, next 12 months",Will increase,64%,870
"Race, Ethnicity of Owner(s)",2016,Hispanic,"Employment expectations, next 12 months",Will increase,58%,504
"Race, Ethnicity of Owner(s)",2016,White,"Employment expectations, next 12 months",Will increase,42%,7873
"Race, Ethnicity of Owner(s)",2017,American Indian or Alaska Native,"Employment expectations, next 12 months",Will increase,65%,90
"Race, Ethnicity of Owner(s)",2017,Asian,"Employment expectations, next 12 months",Will increase,57%,288
"Race, Ethnicity of Owner(s)",2017,Black or African American,"Employment expectations, next 12 months",Will increase,66%,585
"Race, Ethnicity of Owner(s)",2017,Hispanic,"Employment expectations, next 12 months",Will increase,59%,476
"Race, Ethnicity of Owner(s)",2017,White,"Employment expectations, next 12 months",Will increase,46%,6297
"Race, Ethnicity of Owner(s)",2018,American Indian or Alaska Native,"Employment expectations, next 12 months",Will increase,42%,65
"Race, Ethnicity of Owner(s)",2018,Asian,"Employment expectations, next 12 months",Will increase,47%,253
"Race, Ethnicity of Owner(s)",2018,Black or African American,"Employment expectations, next 12 months",Will increase,60%,534
"Race, Ethnicity of Owner(s)",2018,Hispanic,"Employment expectations, next 12 months",Will increase,49%,473
"Race, Ethnicity of Owner(s)",2018,White,"Employment expectations, next 12 months",Will increase,43%,5125
"Race, Ethnicity of Owner(s)",2019,American Indian or Alaska Native,"Employment expectations, next 12 months",Will increase,62%,67
"Race, Ethnicity of Owner(s)",2019,Asian,"Employment expectations, next 12 months",Will increase,43%,196
"Race, Ethnicity of Owner(s)",2019,Black or African American,"Employment expectations, next 12 months",Will increase,61%,440
"Race, Ethnicity of Owner(s)",2019,Hispanic,"Employment expectations, next 12 months",Will increase,54%,406
"Race, Ethnicity of Owner(s)",2019,White,"Employment expectations, next 12 months",Will increase,43%,3915
"Race, Ethnicity of Owner(s)",2020,American Indian or Alaska Native,"Employment expectations, next 12 months",Will increase,26%,103
"Race, Ethnicity of Owner(s)",2020,Asian,"Employment expectations, next 12 months",Will increase,22%,642
"Race, Ethnicity of Owner(s)",2020,Black or African American,"Employment expectations, next 12 months",Will increase,44%,1121
"Race, Ethnicity of Owner(s)",2020,Hispanic,"Employment expectations, next 12 months",Will increase,36%,821
"Race, Ethnicity of Owner(s)",2020,White,"Employment expectations, next 12 months",Will increase,33%,6725
"Race, Ethnicity of Owner(s)",2021,American Indian or Alaska Native,"Employment expectations, next 12 months",Will increase,47%,130
"Race, Ethnicity of Owner(s)",2021,Asian,"Employment expectations, next 12 months",Will increase,33%,961
"Race, Ethnicity of Owner(s)",2021,Black or African American,"Employment expectations, next 12 months",Will increase,50%,1674
"Race, Ethnicity of Owner(s)",2021,Hispanic,"Employment expectations, next 12 months",Will increase,45%,1059
"Race, Ethnicity of Owner(s)",2021,White,"Employment expectations, next 12 months",Will increase,42%,6811
"Race, Ethnicity of Owner(s)",2022,American Indian or Alaska Native,"Employment expectations, next 12 months",Will increase,48%,129
"Race, Ethnicity of Owner(s)",2022,Asian,"Employment expectations, next 12 months",Will increase,29%,548
"Race, Ethnicity of Owner(s)",2022,Black or African American,"Employment expectations, next 12 months",Will increase,57%,1375
"Race, Ethnicity of Owner(s)",2022,Hispanic,"Employment expectations, next 12 months",Will increase,52%,847
"Race, Ethnicity of Owner(s)",2022,White,"Employment expectations, next 12 months",Will increase,39%,4700
"Race, Ethnicity of Owner(s)",2023,American Indian or Alaska Native,"Employment expectations, next 12 months",Will increase,27%,74
"Race, Ethnicity of Owner(s)",2023,Asian,"Employment expectations, next 12 months",Will increase,41%,372
"Race, Ethnicity of Owner(s)",2023,Black or African American,"Employment expectations, next 12 months",Will increase,58%,898
"Race, Ethnicity of Owner(s)",2023,Hispanic,"Employment expectations, next 12 months",Will increase,56%,633
"Race, Ethnicity of Owner(s)",2023,White,"Employment expectations, next 12 months",Will increase,37%,4056
"Race, Ethnicity of Owner(s)",2016,American Indian or Alaska Native,"Profitability, end of prior year",Operating at a profit,47%,101
"Race, Ethnicity of Owner(s)",2016,Asian,"Profitability, end of prior year",Operating at a profit,52%,404
"Race, Ethnicity of Owner(s)",2016,Black or African American,"Profitability, end of prior year",Operating at a profit,40%,834
"Race, Ethnicity of Owner(s)",2016,Hispanic,"Profitability, end of prior year",Operating at a profit,51%,489
"Race, Ethnicity of Owner(s)",2016,White,"Profitability, end of prior year",Operating at a profit,56%,7805
"Race, Ethnicity of Owner(s)",2017,American Indian or Alaska Native,"Profitability, end of prior year",Operating at a profit,50%,88
"Race, Ethnicity of Owner(s)",2017,Asian,"Profitability, end of prior year",Operating at a profit,58%,288
"Race, Ethnicity of Owner(s)",2017,Black or African American,"Profitability, end of prior year",Operating at a profit,43%,598
"Race, Ethnicity of Owner(s)",2017,Hispanic,"Profitability, end of prior year",Operating at a profit,53%,487
"Race, Ethnicity of Owner(s)",2017,White,"Profitability, end of prior year",Operating at a profit,58%,6369
"Race, Ethnicity of Owner(s)",2018,American Indian or Alaska Native,"Profitability, end of prior year",Operating at a profit,33%,60
"Race, Ethnicity of Owner(s)",2018,Asian,"Profitability, end of prior year",Operating at a profit,51%,241
"Race, Ethnicity of Owner(s)",2018,Black or African American,"Profitability, end of prior year",Operating at a profit,46%,509
"Race, Ethnicity of Owner(s)",2018,Hispanic,"Profitability, end of prior year",Operating at a profit,55%,445
"Race, Ethnicity of Owner(s)",2018,White,"Profitability, end of prior year",Operating at a profit,58%,5025
"Race, Ethnicity of Owner(s)",2019,American Indian or Alaska Native,"Profitability, end of prior year",Operating at a profit,51%,62
"Race, Ethnicity of Owner(s)",2019,Asian,"Profitability, end of prior year",Operating at a profit,57%,188
"Race, Ethnicity of Owner(s)",2019,Black or African American,"Profitability, end of prior year",Operating at a profit,39%,440
"Race, Ethnicity of Owner(s)",2019,Hispanic,"Profitability, end of prior year",Operating at a profit,50%,395
"Race, Ethnicity of Owner(s)",2019,White,"Profitability, end of prior year",Operating at a profit,58%,3857
"Race, Ethnicity of Owner(s)",2020,American Indian or Alaska Native,"Profitability, end of prior year",Operating at a profit,71%,101
"Race, Ethnicity of Owner(s)",2020,Asian,"Profitability, end of prior year",Operating at a profit,62%,626
"Race, Ethnicity of Owner(s)",2020,Black or African American,"Profitability, end of prior year",Operating at a profit,43%,1075
"Race, Ethnicity of Owner(s)",2020,Hispanic,"Profitability, end of prior year",Operating at a profit,59%,801
"Race, Ethnicity of Owner(s)",2020,White,"Profitability, end of prior year",Operating at a profit,66%,6622
"Race, Ethnicity of Owner(s)",2021,American Indian or Alaska Native,"Profitability, end of prior year",Operating at a profit,29%,122
"Race, Ethnicity of Owner(s)",2021,Asian,"Profitability, end of prior year",Operating at a profit,20%,925
"Race, Ethnicity of Owner(s)",2021,Black or African American,"Profitability, end of prior year",Operating at a profit,20%,1586
"Race, Ethnicity of Owner(s)",2021,Hispanic,"Profitability, end of prior year",Operating at a profit,27%,996
"Race, Ethnicity of Owner(s)",2021,White,"Profitability, end of prior year",Operating at a profit,38%,6584
"Race, Ethnicity of Owner(s)",2022,American Indian or Alaska Native,"Profitability, end of prior year",Operating at a profit,38%,125
"Race, Ethnicity of Owner(s)",2022,Asian,"Profitability, end of prior year",Operating at a profit,30%,543
"Race, Ethnicity of Owner(s)",2022,Black or African American,"Profitability, end of prior year",Operating at a profit,26%,1361
"Race, Ethnicity of Owner(s)",2022,Hispanic,"Profitability, end of prior year",Operating at a profit,37%,861
"Race, Ethnicity of Owner(s)",2022,White,"Profitability, end of prior year",Operating at a profit,48%,4613
"Race, Ethnicity of Owner(s)",2023,American Indian or Alaska Native,"Profitability, end of prior year",Operating at a profit,56%,71
"Race, Ethnicity of Owner(s)",2023,Asian,"Profitability, end of prior year",Operating at a profit,39%,373
"Race, Ethnicity of Owner(s)",2023,Black or African American,"Profitability, end of prior year",Operating at a profit,28%,870
"Race, Ethnicity of Owner(s)",2023,Hispanic,"Profitability, end of prior year",Operating at a profit,38%,623
"Race, Ethnicity of Owner(s)",2023,White,"Profitability, end of prior year",Operating at a profit,50%,3976
"Race, Ethnicity of Owner(s)",2016,American Indian or Alaska Native,"Revenue change, prior 12 months",Increased,53%,102
"Race, Ethnicity of Owner(s)",2016,Asian,"Revenue change, prior 12 months",Increased,49%,413
"Race, Ethnicity of Owner(s)",2016,Black or African American,"Revenue change, prior 12 months",Increased,51%,866
"Race, Ethnicity of Owner(s)",2016,Hispanic,"Revenue change, prior 12 months",Increased,48%,504
"Race, Ethnicity of Owner(s)",2016,White,"Revenue change, prior 12 months",Increased,51%,7873
"Race, Ethnicity of Owner(s)",2017,American Indian or Alaska Native,"Revenue change, prior 12 months",Increased,55%,92
"Race, Ethnicity of Owner(s)",2017,Asian,"Revenue change, prior 12 months",Increased,49%,294
"Race, Ethnicity of Owner(s)",2017,Black or African American,"Revenue change, prior 12 months",Increased,46%,631
"Race, Ethnicity of Owner(s)",2017,Hispanic,"Revenue change, prior 12 months",Increased,52%,520
"Race, Ethnicity of Owner(s)",2017,White,"Revenue change, prior 12 months",Increased,54%,6446
"Race, Ethnicity of Owner(s)",2018,American Indian or Alaska Native,"Revenue change, prior 12 months",Increased,49%,66
"Race, Ethnicity of Owner(s)",2018,Asian,"Revenue change, prior 12 months",Increased,54%,253
"Race, Ethnicity of Owner(s)",2018,Black or African American,"Revenue change, prior 12 months",Increased,49%,549
"Race, Ethnicity of Owner(s)",2018,Hispanic,"Revenue change, prior 12 months",Increased,51%,486
"Race, Ethnicity of Owner(s)",2018,White,"Revenue change, prior 12 months",Increased,58%,5084
"Race, Ethnicity of Owner(s)",2019,American Indian or Alaska Native,"Revenue change, prior 12 months",Increased,63%,67
"Race, Ethnicity of Owner(s)",2019,Asian,"Revenue change, prior 12 months",Increased,53%,188
"Race, Ethnicity of Owner(s)",2019,Black or African American,"Revenue change, prior 12 months",Increased,50%,455
"Race, Ethnicity of Owner(s)",2019,Hispanic,"Revenue change, prior 12 months",Increased,55%,403
"Race, Ethnicity of Owner(s)",2019,White,"Revenue change, prior 12 months",Increased,57%,3870
"Race, Ethnicity of Owner(s)",2020,American Indian or Alaska Native,"Revenue change, prior 12 months",Increased,12%,106
"Race, Ethnicity of Owner(s)",2020,Asian,"Revenue change, prior 12 months",Increased,5%,655
"Race, Ethnicity of Owner(s)",2020,Black or African American,"Revenue change, prior 12 months",Increased,9%,1162
"Race, Ethnicity of Owner(s)",2020,Hispanic,"Revenue change, prior 12 months",Increased,11%,841
"Race, Ethnicity of Owner(s)",2020,White,"Revenue change, prior 12 months",Increased,15%,6797
"Race, Ethnicity of Owner(s)",2021,American Indian or Alaska Native,"Revenue change, prior 12 months",Increased,28%,129
"Race, Ethnicity of Owner(s)",2021,Asian,"Revenue change, prior 12 months",Increased,24%,971
"Race, Ethnicity of Owner(s)",2021,Black or African American,"Revenue change, prior 12 months",Increased,21%,1719
"Race, Ethnicity of Owner(s)",2021,Hispanic,"Revenue change, prior 12 months",Increased,27%,1093
"Race, Ethnicity of Owner(s)",2021,White,"Revenue change, prior 12 months",Increased,41%,6705
"Race, Ethnicity of Owner(s)",2022,American Indian or Alaska Native,"Revenue change, prior 12 months",Increased,43%,134
"Race, Ethnicity of Owner(s)",2022,Asian,"Revenue change, prior 12 months",Increased,29%,552
"Race, Ethnicity of Owner(s)",2022,Black or African American,"Revenue change, prior 12 months",Increased,40%,1416
"Race, Ethnicity of Owner(s)",2022,Hispanic,"Revenue change, prior 12 months",Increased,44%,883
"Race, Ethnicity of Owner(s)",2022,White,"Revenue change, prior 12 months",Increased,47%,4604
"Race, Ethnicity of Owner(s)",2023,American Indian or Alaska Native,"Revenue change, prior 12 months",Increased,28%,71
"Race, Ethnicity of Owner(s)",2023,Asian,"Revenue change, prior 12 months",Increased,36%,369
"Race, Ethnicity of Owner(s)",2023,Black or African American,"Revenue change, prior 12 months",Increased,45%,892
"Race, Ethnicity of Owner(s)",2023,Hispanic,"Revenue change, prior 12 months",Increased,46%,636
"Race, Ethnicity of Owner(s)",2023,White,"Revenue change, prior 12 months",Increased,44%,3888
"Race, Ethnicity of Owner(s)",2016,American Indian or Alaska Native,"Revenue expectations, next 12 months",Will increase,84%,104
"Race, Ethnicity of Owner(s)",2016,Asian,"Revenue expectations, next 12 months",Will increase,71%,418
"Race, Ethnicity of Owner(s)",2016,Black or African American,"Revenue expectations, next 12 months",Will increase,84%,873
"Race, Ethnicity of Owner(s)",2016,Hispanic,"Revenue expectations, next 12 months",Will increase,77%,508
"Race, Ethnicity of Owner(s)",2016,White,"Revenue expectations, next 12 months",Will increase,68%,7892
"Race, Ethnicity of Owner(s)",2017,American Indian or Alaska Native,"Revenue expectations, next 12 months",Will increase,75%,95
"Race, Ethnicity of Owner(s)",2017,Asian,"Revenue expectations, next 12 months",Will increase,71%,298
"Race, Ethnicity of Owner(s)",2017,Black or African American,"Revenue expectations, next 12 months",Will increase,81%,636
"Race, Ethnicity of Owner(s)",2017,Hispanic,"Revenue expectations, next 12 months",Will increase,79%,524
"Race, Ethnicity of Owner(s)",2017,White,"Revenue expectations, next 12 months",Will increase,72%,6520
"Race, Ethnicity of Owner(s)",2018,American Indian or Alaska Native,"Revenue expectations, next 12 months",Will increase,70%,68
"Race, Ethnicity of Owner(s)",2018,Asian,"Revenue expectations, next 12 months",Will increase,67%,255
"Race, Ethnicity of Owner(s)",2018,Black or African American,"Revenue expectations, next 12 months",Will increase,81%,548
"Race, Ethnicity of Owner(s)",2018,Hispanic,"Revenue expectations, next 12 months",Will increase,77%,490
"Race, Ethnicity of Owner(s)",2018,White,"Revenue expectations, next 12 months",Will increase,72%,5119
"Race, Ethnicity of Owner(s)",2019,American Indian or Alaska Native,"Revenue expectations, next 12 months",Will increase,88%,67
"Race, Ethnicity of Owner(s)",2019,Asian,"Revenue expectations, next 12 months",Will increase,65%,192
"Race, Ethnicity of Owner(s)",2019,Black or African American,"Revenue expectations, next 12 months",Will increase,76%,448
"Race, Ethnicity of Owner(s)",2019,Hispanic,"Revenue expectations, next 12 months",Will increase,72%,408
"Race, Ethnicity of Owner(s)",2019,White,"Revenue expectations, next 12 months",Will increase,69%,3852
"Race, Ethnicity of Owner(s)",2020,American Indian or Alaska Native,"Revenue expectations, next 12 months",Will increase,38%,106
"Race, Ethnicity of Owner(s)",2020,Asian,"Revenue expectations, next 12 months",Will increase,24%,660
"Race, Ethnicity of Owner(s)",2020,Black or African American,"Revenue expectations, next 12 months",Will increase,49%,1169
"Race, Ethnicity of Owner(s)",2020,Hispanic,"Revenue expectations, next 12 months",Will increase,42%,849
"Race, Ethnicity of Owner(s)",2020,White,"Revenue expectations, next 12 months",Will increase,43%,6832
"Race, Ethnicity of Owner(s)",2021,American Indian or Alaska Native,"Revenue expectations, next 12 months",Will increase,55%,128
"Race, Ethnicity of Owner(s)",2021,Asian,"Revenue expectations, next 12 months",Will increase,48%,970
"Race, Ethnicity of Owner(s)",2021,Black or African American,"Revenue expectations, next 12 months",Will increase,65%,1731
"Race, Ethnicity of Owner(s)",2021,Hispanic,"Revenue expectations, next 12 months",Will increase,63%,1088
"Race, Ethnicity of Owner(s)",2021,White,"Revenue expectations, next 12 months",Will increase,59%,6775
"Race, Ethnicity of Owner(s)",2022,American Indian or Alaska Native,"Revenue expectations, next 12 months",Will increase,67%,132
"Race, Ethnicity of Owner(s)",2022,Asian,"Revenue expectations, next 12 months",Will increase,45%,559
"Race, Ethnicity of Owner(s)",2022,Black or African American,"Revenue expectations, next 12 months",Will increase,79%,1430
"Race, Ethnicity of Owner(s)",2022,Hispanic,"Revenue expectations, next 12 months",Will increase,69%,897
"Race, Ethnicity of Owner(s)",2022,White,"Revenue expectations, next 12 months",Will increase,56%,4656
"Race, Ethnicity of Owner(s)",2023,American Indian or Alaska Native,"Revenue expectations, next 12 months",Will increase,40%,72
"Race, Ethnicity of Owner(s)",2023,Asian,"Revenue expectations, next 12 months",Will increase,46%,374
"Race, Ethnicity of Owner(s)",2023,Black or African American,"Revenue expectations, next 12 months",Will increase,77%,889
"Race, Ethnicity of Owner(s)",2023,Hispanic,"Revenue expectations, next 12 months",Will increase,68%,643
"Race, Ethnicity of Owner(s)",2023,White,"Revenue expectations, next 12 months",Will increase,58%,3967
"Race, Ethnicity of Owner(s)",2016,American Indian or Alaska Native,Share that experienced a financial challenge,Experienced a financial challenge,64%,104
"Race, Ethnicity of Owner(s)",2016,Asian,Share that experienced a financial challenge,Experienced a financial challenge,70%,416
"Race, Ethnicity of Owner(s)",2016,Black or African American,Share that experienced a financial challenge,Experienced a financial challenge,79%,869
"Race, Ethnicity of Owner(s)",2016,Hispanic,Share that experienced a financial challenge,Experienced a financial challenge,71%,503
"Race, Ethnicity of Owner(s)",2016,White,Share that experienced a financial challenge,Experienced a financial challenge,56%,7818
"Race, Ethnicity of Owner(s)",2017,American Indian or Alaska Native,Share that experienced a financial challenge,Experienced a financial challenge,76%,96
"Race, Ethnicity of Owner(s)",2017,Asian,Share that experienced a financial challenge,Experienced a financial challenge,66%,296
"Race, Ethnicity of Owner(s)",2017,Black or African American,Share that experienced a financial challenge,Experienced a financial challenge,83%,638
"Race, Ethnicity of Owner(s)",2017,Hispanic,Share that experienced a financial challenge,Experienced a financial challenge,71%,526
"Race, Ethnicity of Owner(s)",2017,White,Share that experienced a financial challenge,Experienced a financial challenge,62%,6541
"Race, Ethnicity of Owner(s)",2018,American Indian or Alaska Native,Share that experienced a financial challenge,Experienced a financial challenge,92%,67
"Race, Ethnicity of Owner(s)",2018,Asian,Share that experienced a financial challenge,Experienced a financial challenge,69%,257
"Race, Ethnicity of Owner(s)",2018,Black or African American,Share that experienced a financial challenge,Experienced a financial challenge,78%,553
"Race, Ethnicity of Owner(s)",2018,Hispanic,Share that experienced a financial challenge,Experienced a financial challenge,69%,491
"Race, Ethnicity of Owner(s)",2018,White,Share that experienced a financial challenge,Experienced a financial challenge,62%,5122
"Race, Ethnicity of Owner(s)",2019,American Indian or Alaska Native,Share that experienced a financial challenge,Experienced a financial challenge,71%,67
"Race, Ethnicity of Owner(s)",2019,Asian,Share that experienced a financial challenge,Experienced a financial challenge,70%,196
"Race, Ethnicity of Owner(s)",2019,Black or African American,Share that experienced a financial challenge,Experienced a financial challenge,85%,465
"Race, Ethnicity of Owner(s)",2019,Hispanic,Share that experienced a financial challenge,Experienced a financial challenge,78%,420
"Race, Ethnicity of Owner(s)",2019,White,Share that experienced a financial challenge,Experienced a financial challenge,65%,3952
"Race, Ethnicity of Owner(s)",2020,American Indian or Alaska Native,Share that experienced a financial challenge,Experienced a financial challenge,88%,107
"Race, Ethnicity of Owner(s)",2020,Asian,Share that experienced a financial challenge,Experienced a financial challenge,89%,660
"Race, Ethnicity of Owner(s)",2020,Black or African American,Share that experienced a financial challenge,Experienced a financial challenge,92%,1178
"Race, Ethnicity of Owner(s)",2020,Hispanic,Share that experienced a financial challenge,Experienced a financial challenge,86%,853
"Race, Ethnicity of Owner(s)",2020,White,Share that experienced a financial challenge,Experienced a financial challenge,79%,6847
"Race, Ethnicity of Owner(s)",2021,American Indian or Alaska Native,Share that experienced a financial challenge,Experienced a financial challenge,93%,132
"Race, Ethnicity of Owner(s)",2021,Asian,Share that experienced a financial challenge,Experienced a financial challenge,95%,980
"Race, Ethnicity of Owner(s)",2021,Black or African American,Share that experienced a financial challenge,Experienced a financial challenge,94%,1768
"Race, Ethnicity of Owner(s)",2021,Hispanic,Share that experienced a financial challenge,Experienced a financial challenge,92%,1116
"Race, Ethnicity of Owner(s)",2021,White,Share that experienced a financial challenge,Experienced a financial challenge,83%,6855
"Race, Ethnicity of Owner(s)",2022,American Indian or Alaska Native,Share that experienced a financial challenge,Experienced a financial challenge,94%,134
"Race, Ethnicity of Owner(s)",2022,Asian,Share that experienced a financial challenge,Experienced a financial challenge,97%,563
"Race, Ethnicity of Owner(s)",2022,Black or African American,Share that experienced a financial challenge,Experienced a financial challenge,97%,1460
"Race, Ethnicity of Owner(s)",2022,Hispanic,Share that experienced a financial challenge,Experienced a financial challenge,94%,913
"Race, Ethnicity of Owner(s)",2022,White,Share that experienced a financial challenge,Experienced a financial challenge,93%,4767
"Race, Ethnicity of Owner(s)",2023,American Indian or Alaska Native,Share that experienced a financial challenge,Experienced a financial challenge,97%,72
"Race, Ethnicity of Owner(s)",2023,Asian,Share that experienced a financial challenge,Experienced a financial challenge,95%,378
"Race, Ethnicity of Owner(s)",2023,Black or African American,Share that experienced a financial challenge,Experienced a financial challenge,95%,918
"Race, Ethnicity of Owner(s)",2023,Hispanic,Share that experienced a financial challenge,Experienced a financial challenge,91%,658
"Race, Ethnicity of Owner(s)",2023,White,Share that experienced a financial challenge,Experienced a financial challenge,92%,4077
"Race, Ethnicity of Owner(s)",2016,American Indian or Alaska Native,Share with outstanding debt,Have outstanding debt,72%,100
"Race, Ethnicity of Owner(s)",2016,Asian,Share with outstanding debt,Have outstanding debt,66%,407
"Race, Ethnicity of Owner(s)",2016,Black or African American,Share with outstanding debt,Have outstanding debt,72%,836
"Race, Ethnicity of Owner(s)",2016,Hispanic,Share with outstanding debt,Have outstanding debt,67%,485
"Race, Ethnicity of Owner(s)",2016,White,Share with outstanding debt,Have outstanding debt,70%,7495
"Race, Ethnicity of Owner(s)",2017,American Indian or Alaska Native,Share with outstanding debt,Have outstanding debt,64%,97
"Race, Ethnicity of Owner(s)",2017,Asian,Share with outstanding debt,Have outstanding debt,56%,294
"Race, Ethnicity of Owner(s)",2017,Black or African American,Share with outstanding debt,Have outstanding debt,64%,628
"Race, Ethnicity of Owner(s)",2017,Hispanic,Share with outstanding debt,Have outstanding debt,69%,503
"Race, Ethnicity of Owner(s)",2017,White,Share with outstanding debt,Have outstanding debt,69%,6436
"Race, Ethnicity of Owner(s)",2018,American Indian or Alaska Native,Share with outstanding debt,Have outstanding debt,67%,68
"Race, Ethnicity of Owner(s)",2018,Asian,Share with outstanding debt,Have outstanding debt,65%,256
"Race, Ethnicity of Owner(s)",2018,Black or African American,Share with outstanding debt,Have outstanding debt,59%,539
"Race, Ethnicity of Owner(s)",2018,Hispanic,Share with outstanding debt,Have outstanding debt,67%,486
"Race, Ethnicity of Owner(s)",2018,White,Share with outstanding debt,Have outstanding debt,71%,5102
"Race, Ethnicity of Owner(s)",2019,American Indian or Alaska Native,Share with outstanding debt,Have outstanding debt,53%,65
"Race, Ethnicity of Owner(s)",2019,Asian,Share with outstanding debt,Have outstanding debt,64%,192
"Race, Ethnicity of Owner(s)",2019,Black or African American,Share with outstanding debt,Have outstanding debt,72%,457
"Race, Ethnicity of Owner(s)",2019,Hispanic,Share with outstanding debt,Have outstanding debt,70%,409
"Race, Ethnicity of Owner(s)",2019,White,Share with outstanding debt,Have outstanding debt,72%,3940
"Race, Ethnicity of Owner(s)",2020,American Indian or Alaska Native,Share with outstanding debt,Have outstanding debt,84%,101
"Race, Ethnicity of Owner(s)",2020,Asian,Share with outstanding debt,Have outstanding debt,79%,637
"Race, Ethnicity of Owner(s)",2020,Black or African American,Share with outstanding debt,Have outstanding debt,73%,1148
"Race, Ethnicity of Owner(s)",2020,Hispanic,Share with outstanding debt,Have outstanding debt,77%,838
"Race, Ethnicity of Owner(s)",2020,White,Share with outstanding debt,Have outstanding debt,80%,6719
"Race, Ethnicity of Owner(s)",2021,American Indian or Alaska Native,Share with outstanding debt,Have outstanding debt,80%,132
"Race, Ethnicity of Owner(s)",2021,Asian,Share with outstanding debt,Have outstanding debt,74%,938
"Race, Ethnicity of Owner(s)",2021,Black or African American,Share with outstanding debt,Have outstanding debt,68%,1730
"Race, Ethnicity of Owner(s)",2021,Hispanic,Share with outstanding debt,Have outstanding debt,78%,1091
"Race, Ethnicity of Owner(s)",2021,White,Share with outstanding debt,Have outstanding debt,74%,6788
"Race, Ethnicity of Owner(s)",2022,American Indian or Alaska Native,Share with outstanding debt,Have outstanding debt,73%,130
"Race, Ethnicity of Owner(s)",2022,Asian,Share with outstanding debt,Have outstanding debt,76%,546
"Race, Ethnicity of Owner(s)",2022,Black or African American,Share with outstanding debt,Have outstanding debt,67%,1443
"Race, Ethnicity of Owner(s)",2022,Hispanic,Share with outstanding debt,Have outstanding debt,71%,885
"Race, Ethnicity of Owner(s)",2022,White,Share with outstanding debt,Have outstanding debt,72%,4704
"Race, Ethnicity of Owner(s)",2023,American Indian or Alaska Native,Share with outstanding debt,Have outstanding debt,61%,74
"Race, Ethnicity of Owner(s)",2023,Asian,Share with outstanding debt,Have outstanding debt,79%,372
"Race, Ethnicity of Owner(s)",2023,Black or African American,Share with outstanding debt,Have outstanding debt,66%,910
"Race, Ethnicity of Owner(s)",2023,Hispanic,Share with outstanding debt,Have outstanding debt,67%,653
"Race, Ethnicity of Owner(s)",2023,White,Share with outstanding debt,Have outstanding debt,71%,4050
Firm Size - Employees,2016,1-4 employees,Actions taken in response to financial challenges,Used personal funds,78%,1438
Firm Size - Employees,2016,5-9 employees,Actions taken in response to financial challenges,Used personal funds,76%,992
Firm Size - Employees,2016,10-19 employees,Actions taken in response to financial challenges,Used personal funds,71%,735
Firm Size - Employees,2016,20-49 employees,Actions taken in response to financial challenges,Used personal funds,66%,560
Firm Size - Employees,2016,50-499 employees,Actions taken in response to financial challenges,Used personal funds,62%,243
Firm Size - Employees,2017,1-4 employees,Actions taken in response to financial challenges,Used personal funds,71%,1864
Firm Size - Employees,2017,5-9 employees,Actions taken in response to financial challenges,Used personal funds,67%,1202
Firm Size - Employees,2017,10-19 employees,Actions taken in response to financial challenges,Used personal funds,64%,854
Firm Size - Employees,2017,20-49 employees,Actions taken in response to financial challenges,Used personal funds,57%,695
Firm Size - Employees,2017,50-499 employees,Actions taken in response to financial challenges,Used personal funds,41%,341
Firm Size - Employees,2018,1-4 employees,Actions taken in response to financial challenges,Used personal funds,70%,1620
Firm Size - Employees,2018,5-9 employees,Actions taken in response to financial challenges,Used personal funds,66%,1032
Firm Size - Employees,2018,10-19 employees,Actions taken in response to financial challenges,Used personal funds,67%,655
Firm Size - Employees,2018,20-49 employees,Actions taken in response to financial challenges,Used personal funds,62%,513
Firm Size - Employees,2018,50-499 employees,Actions taken in response to financial challenges,Used personal funds,46%,247
Firm Size - Employees,2020,1-4 employees,Actions taken in response to financial challenges,Used personal funds,69%,3807
Firm Size - Employees,2020,5-9 employees,Actions taken in response to financial challenges,Used personal funds,58%,1883
Firm Size - Employees,2020,10-19 employees,Actions taken in response to financial challenges,Used personal funds,56%,1235
Firm Size - Employees,2020,20-49 employees,Actions taken in response to financial challenges,Used personal funds,48%,713
Firm Size - Employees,2020,50-499 employees,Actions taken in response to financial challenges,Used personal funds,42%,259
Firm Size - Employees,2021,1-4 employees,Actions taken in response to financial challenges,Used personal funds,65%,4093
Firm Size - Employees,2021,5-9 employees,Actions taken in response to financial challenges,Used personal funds,63%,2359
Firm Size - Employees,2021,10-19 employees,Actions taken in response to financial challenges,Used personal funds,58%,1651
Firm Size - Employees,2021,20-49 employees,Actions taken in response to financial challenges,Used personal funds,50%,1039
Firm Size - Employees,2021,50-499 employees,Actions taken in response to financial challenges,Used personal funds,31%,395
Firm Size - Employees,2022,1-4 employees,Actions taken in response to financial challenges,Used personal funds,59%,3214
Firm Size - Employees,2022,5-9 employees,Actions taken in response to financial challenges,Used personal funds,53%,1791
Firm Size - Employees,2022,10-19 employees,Actions taken in response to financial challenges,Used personal funds,48%,1246
Firm Size - Employees,2022,20-49 employees,Actions taken in response to financial challenges,Used personal funds,37%,862
Firm Size - Employees,2022,50-499 employees,Actions taken in response to financial challenges,Used personal funds,29%,380
Firm Size - Employees,2023,1-4 employees,Actions taken in response to financial challenges,Used personal funds,60%,2346
Firm Size - Employees,2023,5-9 employees,Actions taken in response to financial challenges,Used personal funds,52%,1396
Firm Size - Employees,2023,10-19 employees,Actions taken in response to financial challenges,Used personal funds,45%,968
Firm Size - Employees,2023,20-49 employees,Actions taken in response to financial challenges,Used personal funds,38%,740
Firm Size - Employees,2023,50-499 employees,Actions taken in response to financial challenges,Used personal funds,25%,327
Firm Size - Employees,2016,1-4 employees,Applications for financing,"Applied for a loan, line of credit, or merchant cash advance",32%,3015
Firm Size - Employees,2016,5-9 employees,Applications for financing,"Applied for a loan, line of credit, or merchant cash advance",40%,2190
Firm Size - Employees,2016,10-19 employees,Applications for financing,"Applied for a loan, line of credit, or merchant cash advance",48%,1781
Firm Size - Employees,2016,20-49 employees,Applications for financing,"Applied for a loan, line of credit, or merchant cash advance",44%,1743
Firm Size - Employees,2016,50-499 employees,Applications for financing,"Applied for a loan, line of credit, or merchant cash advance",50%,1139
Firm Size - Employees,2017,1-4 employees,Applications for financing,"Applied for a loan, line of credit, or merchant cash advance",29%,2778
Firm Size - Employees,2017,5-9 employees,Applications for financing,"Applied for a loan, line of credit, or merchant cash advance",38%,1852
Firm Size - Employees,2017,10-19 employees,Applications for financing,"Applied for a loan, line of credit, or merchant cash advance",38%,1413
Firm Size - Employees,2017,20-49 employees,Applications for financing,"Applied for a loan, line of credit, or merchant cash advance",42%,1315
Firm Size - Employees,2017,50-499 employees,Applications for financing,"Applied for a loan, line of credit, or merchant cash advance",43%,811
Firm Size - Employees,2018,1-4 employees,Applications for financing,"Applied for a loan, line of credit, or merchant cash advance",31%,2434
Firm Size - Employees,2018,5-9 employees,Applications for financing,"Applied for a loan, line of credit, or merchant cash advance",39%,1537
Firm Size - Employees,2018,10-19 employees,Applications for financing,"Applied for a loan, line of credit, or merchant cash advance",43%,1061
Firm Size - Employees,2018,20-49 employees,Applications for financing,"Applied for a loan, line of credit, or merchant cash advance",45%,1002
Firm Size - Employees,2018,50-499 employees,Applications for financing,"Applied for a loan, line of credit, or merchant cash advance",46%,580
Firm Size - Employees,2019,1-4 employees,Applications for financing,"Applied for a loan, line of credit, or merchant cash advance",33%,1944
Firm Size - Employees,2019,5-9 employees,Applications for financing,"Applied for a loan, line of credit, or merchant cash advance",39%,1241
Firm Size - Employees,2019,10-19 employees,Applications for financing,"Applied for a loan, line of credit, or merchant cash advance",43%,911
Firm Size - Employees,2019,20-49 employees,Applications for financing,"Applied for a loan, line of credit, or merchant cash advance",43%,713
Firm Size - Employees,2019,50-499 employees,Applications for financing,"Applied for a loan, line of credit, or merchant cash advance",46%,345
Firm Size - Employees,2020,1-4 employees,Applications for financing,"Applied for a loan, line of credit, or merchant cash advance",25%,4282
Firm Size - Employees,2020,5-9 employees,Applications for financing,"Applied for a loan, line of credit, or merchant cash advance",29%,2193
Firm Size - Employees,2020,10-19 employees,Applications for financing,"Applied for a loan, line of credit, or merchant cash advance",34%,1522
Firm Size - Employees,2020,20-49 employees,Applications for financing,"Applied for a loan, line of credit, or merchant cash advance",34%,988
Firm Size - Employees,2020,50-499 employees,Applications for financing,"Applied for a loan, line of credit, or merchant cash advance",43%,422
Firm Size - Employees,2021,1-4 employees,Applications for financing,"Applied for a loan, line of credit, or merchant cash advance",22%,4371
Firm Size - Employees,2021,5-9 employees,Applications for financing,"Applied for a loan, line of credit, or merchant cash advance",29%,2597
Firm Size - Employees,2021,10-19 employees,Applications for financing,"Applied for a loan, line of credit, or merchant cash advance",26%,1862
Firm Size - Employees,2021,20-49 employees,Applications for financing,"Applied for a loan, line of credit, or merchant cash advance",30%,1219
Firm Size - Employees,2021,50-499 employees,Applications for financing,"Applied for a loan, line of credit, or merchant cash advance",33%,531
Firm Size - Employees,2022,1-4 employees,Applications for financing,"Applied for a loan, line of credit, or merchant cash advance",37%,3353
Firm Size - Employees,2022,5-9 employees,Applications for financing,"Applied for a loan, line of credit, or merchant cash advance",40%,1875
Firm Size - Employees,2022,10-19 employees,Applications for financing,"Applied for a loan, line of credit, or merchant cash advance",44%,1308
Firm Size - Employees,2022,20-49 employees,Applications for financing,"Applied for a loan, line of credit, or merchant cash advance",47%,907
Firm Size - Employees,2022,50-499 employees,Applications for financing,"Applied for a loan, line of credit, or merchant cash advance",60%,421
Firm Size - Employees,2023,1-4 employees,Applications for financing,"Applied for a loan, line of credit, or merchant cash advance",34%,2493
Firm Size - Employees,2023,5-9 employees,Applications for financing,"Applied for a loan, line of credit, or merchant cash advance",40%,1470
Firm Size - Employees,2023,10-19 employees,Applications for financing,"Applied for a loan, line of credit, or merchant cash advance",40%,1023
Firm Size - Employees,2023,20-49 employees,Applications for financing,"Applied for a loan, line of credit, or merchant cash advance",40%,785
Firm Size - Employees,2023,50-499 employees,Applications for financing,"Applied for a loan, line of credit, or merchant cash advance",43%,360
Firm Size - Employees,2016,1-4 employees,Best outcome on loan/LOC/merchant cash advance application(s),All (100%),45%,889
Firm Size - Employees,2016,5-9 employees,Best outcome on loan/LOC/merchant cash advance application(s),All (100%),51%,789
Firm Size - Employees,2016,10-19 employees,Best outcome on loan/LOC/merchant cash advance application(s),All (100%),63%,750
Firm Size - Employees,2016,20-49 employees,Best outcome on loan/LOC/merchant cash advance application(s),All (100%),69%,732
Firm Size - Employees,2016,50-499 employees,Best outcome on loan/LOC/merchant cash advance application(s),All (100%),72%,501
Firm Size - Employees,2017,1-4 employees,Best outcome on loan/LOC/merchant cash advance application(s),All (100%),49%,736
Firm Size - Employees,2017,5-9 employees,Best outcome on loan/LOC/merchant cash advance application(s),All (100%),55%,645
Firm Size - Employees,2017,10-19 employees,Best outcome on loan/LOC/merchant cash advance application(s),All (100%),68%,508
Firm Size - Employees,2017,20-49 employees,Best outcome on loan/LOC/merchant cash advance application(s),All (100%),65%,492
Firm Size - Employees,2017,50-499 employees,Best outcome on loan/LOC/merchant cash advance application(s),All (100%),79%,314
Firm Size - Employees,2018,1-4 employees,Best outcome on loan/LOC/merchant cash advance application(s),All (100%),49%,665
Firm Size - Employees,2018,5-9 employees,Best outcome on loan/LOC/merchant cash advance application(s),All (100%),57%,580
Firm Size - Employees,2018,10-19 employees,Best outcome on loan/LOC/merchant cash advance application(s),All (100%),64%,392
Firm Size - Employees,2018,20-49 employees,Best outcome on loan/LOC/merchant cash advance application(s),All (100%),69%,409
Firm Size - Employees,2018,50-499 employees,Best outcome on loan/LOC/merchant cash advance application(s),All (100%),82%,251
Firm Size - Employees,2019,1-4 employees,Best outcome on loan/LOC/merchant cash advance application(s),All (100%),57%,588
Firm Size - Employees,2019,5-9 employees,Best outcome on loan/LOC/merchant cash advance application(s),All (100%),60%,451
Firm Size - Employees,2019,10-19 employees,Best outcome on loan/LOC/merchant cash advance application(s),All (100%),66%,375
Firm Size - Employees,2019,20-49 employees,Best outcome on loan/LOC/merchant cash advance application(s),All (100%),71%,275
Firm Size - Employees,2019,50-499 employees,Best outcome on loan/LOC/merchant cash advance application(s),All (100%),82%,146
Firm Size - Employees,2020,1-4 employees,Best outcome on loan/LOC/merchant cash advance application(s),All (100%),39%,941
Firm Size - Employees,2020,5-9 employees,Best outcome on loan/LOC/merchant cash advance application(s),All (100%),51%,610
Firm Size - Employees,2020,10-19 employees,Best outcome on loan/LOC/merchant cash advance application(s),All (100%),58%,426
Firm Size - Employees,2020,20-49 employees,Best outcome on loan/LOC/merchant cash advance application(s),All (100%),70%,292
Firm Size - Employees,2020,50-499 employees,Best outcome on loan/LOC/merchant cash advance application(s),All (100%),74%,164
Firm Size - Employees,2021,1-4 employees,Best outcome on loan/LOC/merchant cash advance application(s),All (100%),37%,888
Firm Size - Employees,2021,5-9 employees,Best outcome on loan/LOC/merchant cash advance application(s),All (100%),46%,631
Firm Size - Employees,2021,10-19 employees,Best outcome on loan/LOC/merchant cash advance application(s),All (100%),57%,437
Firm Size - Employees,2021,20-49 employees,Best outcome on loan/LOC/merchant cash advance application(s),All (100%),59%,314
Firm Size - Employees,2021,50-499 employees,Best outcome on loan/LOC/merchant cash advance application(s),All (100%),73%,156
Firm Size - Employees,2022,1-4 employees,Best outcome on loan/LOC/merchant cash advance application(s),All (100%),46%,1143
Firm Size - Employees,2022,5-9 employees,Best outcome on loan/LOC/merchant cash advance application(s),All (100%),53%,716
Firm Size - Employees,2022,10-19 employees,Best outcome on loan/LOC/merchant cash advance application(s),All (100%),56%,541
Firm Size - Employees,2022,20-49 employees,Best outcome on loan/LOC/merchant cash advance application(s),All (100%),67%,397
Firm Size - Employees,2022,50-499 employees,Best outcome on loan/LOC/merchant cash advance application(s),All (100%),72%,229
Firm Size - Employees,2023,1-4 employees,Best outcome on loan/LOC/merchant cash advance application(s),All (100%),44%,805
Firm Size - Employees,2023,5-9 employees,Best outcome on loan/LOC/merchant cash advance application(s),All (100%),56%,540
Firm Size - Employees,2023,10-19 employees,Best outcome on loan/LOC/merchant cash advance application(s),All (100%),54%,390
Firm Size - Employees,2023,20-49 employees,Best outcome on loan/LOC/merchant cash advance application(s),All (100%),59%,287
Firm Size - Employees,2023,50-499 employees,Best outcome on loan/LOC/merchant cash advance application(s),All (100%),75%,149
Firm Size - Employees,2020,1-4 employees,Current financial condition,Poor or fair,65%,4415
Firm Size - Employees,2020,5-9 employees,Current financial condition,Poor or fair,57%,2252
Firm Size - Employees,2020,10-19 employees,Current financial condition,Poor or fair,52%,1559
Firm Size - Employees,2020,20-49 employees,Current financial condition,Poor or fair,42%,1004
Firm Size - Employees,2020,50-499 employees,Current financial condition,Poor or fair,32%,434
Firm Size - Employees,2021,1-4 employees,Current financial condition,Poor or fair,66%,4528
Firm Size - Employees,2021,5-9 employees,Current financial condition,Poor or fair,57%,2683
Firm Size - Employees,2021,10-19 employees,Current financial condition,Poor or fair,54%,1908
Firm Size - Employees,2021,20-49 employees,Current financial condition,Poor or fair,43%,1247
Firm Size - Employees,2021,50-499 employees,Current financial condition,Poor or fair,32%,541
Firm Size - Employees,2022,1-4 employees,Current financial condition,Poor or fair,64%,3353
Firm Size - Employees,2022,5-9 employees,Current financial condition,Poor or fair,56%,1875
Firm Size - Employees,2022,10-19 employees,Current financial condition,Poor or fair,47%,1308
Firm Size - Employees,2022,20-49 employees,Current financial condition,Poor or fair,43%,907
Firm Size - Employees,2022,50-499 employees,Current financial condition,Poor or fair,31%,421
Firm Size - Employees,2023,1-4 employees,Current financial condition,Poor or fair,61%,2492
Firm Size - Employees,2023,5-9 employees,Current financial condition,Poor or fair,54%,1470
Firm Size - Employees,2023,10-19 employees,Current financial condition,Poor or fair,50%,1023
Firm Size - Employees,2023,20-49 employees,Current financial condition,Poor or fair,41%,785
Firm Size - Employees,2023,50-499 employees,Current financial condition,Poor or fair,28%,360
Firm Size - Employees,2016,1-4 employees,"Employment change, prior 12 months",Increased,29%,2948
Firm Size - Employees,2016,5-9 employees,"Employment change, prior 12 months",Increased,39%,2155
Firm Size - Employees,2016,10-19 employees,"Employment change, prior 12 months",Increased,44%,1752
Firm Size - Employees,2016,20-49 employees,"Employment change, prior 12 months",Increased,43%,1717
Firm Size - Employees,2016,50-499 employees,"Employment change, prior 12 months",Increased,52%,1134
Firm Size - Employees,2017,1-4 employees,"Employment change, prior 12 months",Increased,28%,2597
Firm Size - Employees,2017,5-9 employees,"Employment change, prior 12 months",Increased,37%,1730
Firm Size - Employees,2017,10-19 employees,"Employment change, prior 12 months",Increased,46%,1340
Firm Size - Employees,2017,20-49 employees,"Employment change, prior 12 months",Increased,45%,1239
Firm Size - Employees,2017,50-499 employees,"Employment change, prior 12 months",Increased,53%,778
Firm Size - Employees,2018,1-4 employees,"Employment change, prior 12 months",Increased,28%,2256
Firm Size - Employees,2018,5-9 employees,"Employment change, prior 12 months",Increased,41%,1425
Firm Size - Employees,2018,10-19 employees,"Employment change, prior 12 months",Increased,45%,996
Firm Size - Employees,2018,20-49 employees,"Employment change, prior 12 months",Increased,54%,951
Firm Size - Employees,2018,50-499 employees,"Employment change, prior 12 months",Increased,60%,548
Firm Size - Employees,2019,1-4 employees,"Employment change, prior 12 months",Increased,29%,1788
Firm Size - Employees,2019,5-9 employees,"Employment change, prior 12 months",Increased,40%,1151
Firm Size - Employees,2019,10-19 employees,"Employment change, prior 12 months",Increased,43%,862
Firm Size - Employees,2019,20-49 employees,"Employment change, prior 12 months",Increased,44%,682
Firm Size - Employees,2019,50-499 employees,"Employment change, prior 12 months",Increased,63%,327
Firm Size - Employees,2020,1-4 employees,"Employment change, prior 12 months",Increased,7%,4228
Firm Size - Employees,2020,5-9 employees,"Employment change, prior 12 months",Increased,13%,2208
Firm Size - Employees,2020,10-19 employees,"Employment change, prior 12 months",Increased,17%,1541
Firm Size - Employees,2020,20-49 employees,"Employment change, prior 12 months",Increased,22%,990
Firm Size - Employees,2020,50-499 employees,"Employment change, prior 12 months",Increased,28%,425
Firm Size - Employees,2021,1-4 employees,"Employment change, prior 12 months",Increased,17%,4308
Firm Size - Employees,2021,5-9 employees,"Employment change, prior 12 months",Increased,26%,2623
Firm Size - Employees,2021,10-19 employees,"Employment change, prior 12 months",Increased,32%,1870
Firm Size - Employees,2021,20-49 employees,"Employment change, prior 12 months",Increased,40%,1236
Firm Size - Employees,2021,50-499 employees,"Employment change, prior 12 months",Increased,44%,534
Firm Size - Employees,2022,1-4 employees,"Employment change, prior 12 months",Increased,20%,3139
Firm Size - Employees,2022,5-9 employees,"Employment change, prior 12 months",Increased,34%,1819
Firm Size - Employees,2022,10-19 employees,"Employment change, prior 12 months",Increased,42%,1276
Firm Size - Employees,2022,20-49 employees,"Employment change, prior 12 months",Increased,43%,894
Firm Size - Employees,2022,50-499 employees,"Employment change, prior 12 months",Increased,54%,410
Firm Size - Employees,2023,1-4 employees,"Employment change, prior 12 months",Increased,23%,2417
Firm Size - Employees,2023,5-9 employees,"Employment change, prior 12 months",Increased,31%,1442
Firm Size - Employees,2023,10-19 employees,"Employment change, prior 12 months",Increased,40%,1006
Firm Size - Employees,2023,20-49 employees,"Employment change, prior 12 months",Increased,35%,774
Firm Size - Employees,2023,50-499 employees,"Employment change, prior 12 months",Increased,51%,356
Firm Size - Employees,2016,1-4 employees,"Employment expectations, next 12 months",Will increase,42%,2976
Firm Size - Employees,2016,5-9 employees,"Employment expectations, next 12 months",Will increase,46%,2167
Firm Size - Employees,2016,10-19 employees,"Employment expectations, next 12 months",Will increase,47%,1765
Firm Size - Employees,2016,20-49 employees,"Employment expectations, next 12 months",Will increase,46%,1724
Firm Size - Employees,2016,50-499 employees,"Employment expectations, next 12 months",Will increase,55%,1133
Firm Size - Employees,2017,1-4 employees,"Employment expectations, next 12 months",Will increase,44%,2601
Firm Size - Employees,2017,5-9 employees,"Employment expectations, next 12 months",Will increase,51%,1751
Firm Size - Employees,2017,10-19 employees,"Employment expectations, next 12 months",Will increase,59%,1342
Firm Size - Employees,2017,20-49 employees,"Employment expectations, next 12 months",Will increase,49%,1254
Firm Size - Employees,2017,50-499 employees,"Employment expectations, next 12 months",Will increase,59%,788
Firm Size - Employees,2018,1-4 employees,"Employment expectations, next 12 months",Will increase,40%,2363
Firm Size - Employees,2018,5-9 employees,"Employment expectations, next 12 months",Will increase,47%,1496
Firm Size - Employees,2018,10-19 employees,"Employment expectations, next 12 months",Will increase,51%,1040
Firm Size - Employees,2018,20-49 employees,"Employment expectations, next 12 months",Will increase,52%,978
Firm Size - Employees,2018,50-499 employees,"Employment expectations, next 12 months",Will increase,59%,573
Firm Size - Employees,2019,1-4 employees,"Employment expectations, next 12 months",Will increase,41%,1887
Firm Size - Employees,2019,5-9 employees,"Employment expectations, next 12 months",Will increase,46%,1208
Firm Size - Employees,2019,10-19 employees,"Employment expectations, next 12 months",Will increase,46%,892
Firm Size - Employees,2019,20-49 employees,"Employment expectations, next 12 months",Will increase,49%,699
Firm Size - Employees,2019,50-499 employees,"Employment expectations, next 12 months",Will increase,60%,338
Firm Size - Employees,2020,1-4 employees,"Employment expectations, next 12 months",Will increase,29%,4245
Firm Size - Employees,2020,5-9 employees,"Employment expectations, next 12 months",Will increase,31%,2211
Firm Size - Employees,2020,10-19 employees,"Employment expectations, next 12 months",Will increase,34%,1537
Firm Size - Employees,2020,20-49 employees,"Employment expectations, next 12 months",Will increase,39%,992
Firm Size - Employees,2020,50-499 employees,"Employment expectations, next 12 months",Will increase,49%,427
Firm Size - Employees,2021,1-4 employees,"Employment expectations, next 12 months",Will increase,33%,4351
Firm Size - Employees,2021,5-9 employees,"Employment expectations, next 12 months",Will increase,45%,2631
Firm Size - Employees,2021,10-19 employees,"Employment expectations, next 12 months",Will increase,49%,1882
Firm Size - Employees,2021,20-49 employees,"Employment expectations, next 12 months",Will increase,54%,1237
Firm Size - Employees,2021,50-499 employees,"Employment expectations, next 12 months",Will increase,63%,534
Firm Size - Employees,2022,1-4 employees,"Employment expectations, next 12 months",Will increase,34%,3167
Firm Size - Employees,2022,5-9 employees,"Employment expectations, next 12 months",Will increase,38%,1836
Firm Size - Employees,2022,10-19 employees,"Employment expectations, next 12 months",Will increase,50%,1287
Firm Size - Employees,2022,20-49 employees,"Employment expectations, next 12 months",Will increase,43%,897
Firm Size - Employees,2022,50-499 employees,"Employment expectations, next 12 months",Will increase,53%,412
Firm Size - Employees,2023,1-4 employees,"Employment expectations, next 12 months",Will increase,36%,2437
Firm Size - Employees,2023,5-9 employees,"Employment expectations, next 12 months",Will increase,38%,1449
Firm Size - Employees,2023,10-19 employees,"Employment expectations, next 12 months",Will increase,45%,1011
Firm Size - Employees,2023,20-49 employees,"Employment expectations, next 12 months",Will increase,47%,778
Firm Size - Employees,2023,50-499 employees,"Employment expectations, next 12 months",Will increase,54%,358
Firm Size - Employees,2016,1-4 employees,"Profitability, end of prior year",Operating at a profit,51%,2893
Firm Size - Employees,2016,5-9 employees,"Profitability, end of prior year",Operating at a profit,52%,2143
Firm Size - Employees,2016,10-19 employees,"Profitability, end of prior year",Operating at a profit,59%,1746
Firm Size - Employees,2016,20-49 employees,"Profitability, end of prior year",Operating at a profit,67%,1724
Firm Size - Employees,2016,50-499 employees,"Profitability, end of prior year",Operating at a profit,75%,1127
Firm Size - Employees,2017,1-4 employees,"Profitability, end of prior year",Operating at a profit,53%,2588
Firm Size - Employees,2017,5-9 employees,"Profitability, end of prior year",Operating at a profit,57%,1782
Firm Size - Employees,2017,10-19 employees,"Profitability, end of prior year",Operating at a profit,63%,1365
Firm Size - Employees,2017,20-49 employees,"Profitability, end of prior year",Operating at a profit,65%,1297
Firm Size - Employees,2017,50-499 employees,"Profitability, end of prior year",Operating at a profit,74%,798
Firm Size - Employees,2018,1-4 employees,"Profitability, end of prior year",Operating at a profit,52%,2234
Firm Size - Employees,2018,5-9 employees,"Profitability, end of prior year",Operating at a profit,58%,1464
Firm Size - Employees,2018,10-19 employees,"Profitability, end of prior year",Operating at a profit,61%,1030
Firm Size - Employees,2018,20-49 employees,"Profitability, end of prior year",Operating at a profit,66%,980
Firm Size - Employees,2018,50-499 employees,"Profitability, end of prior year",Operating at a profit,73%,572
Firm Size - Employees,2019,1-4 employees,"Profitability, end of prior year",Operating at a profit,53%,1829
Firm Size - Employees,2019,5-9 employees,"Profitability, end of prior year",Operating at a profit,57%,1193
Firm Size - Employees,2019,10-19 employees,"Profitability, end of prior year",Operating at a profit,60%,884
Firm Size - Employees,2019,20-49 employees,"Profitability, end of prior year",Operating at a profit,65%,699
Firm Size - Employees,2019,50-499 employees,"Profitability, end of prior year",Operating at a profit,78%,337
Firm Size - Employees,2020,1-4 employees,"Profitability, end of prior year",Operating at a profit,61%,4148
Firm Size - Employees,2020,5-9 employees,"Profitability, end of prior year",Operating at a profit,63%,2154
Firm Size - Employees,2020,10-19 employees,"Profitability, end of prior year",Operating at a profit,67%,1509
Firm Size - Employees,2020,20-49 employees,"Profitability, end of prior year",Operating at a profit,73%,985
Firm Size - Employees,2020,50-499 employees,"Profitability, end of prior year",Operating at a profit,85%,429
Firm Size - Employees,2021,1-4 employees,"Profitability, end of prior year",Operating at a profit,32%,4158
Firm Size - Employees,2021,5-9 employees,"Profitability, end of prior year",Operating at a profit,33%,2518
Firm Size - Employees,2021,10-19 employees,"Profitability, end of prior year",Operating at a profit,34%,1811
Firm Size - Employees,2021,20-49 employees,"Profitability, end of prior year",Operating at a profit,44%,1201
Firm Size - Employees,2021,50-499 employees,"Profitability, end of prior year",Operating at a profit,58%,525
Firm Size - Employees,2022,1-4 employees,"Profitability, end of prior year",Operating at a profit,41%,3166
Firm Size - Employees,2022,5-9 employees,"Profitability, end of prior year",Operating at a profit,44%,1779
Firm Size - Employees,2022,10-19 employees,"Profitability, end of prior year",Operating at a profit,45%,1262
Firm Size - Employees,2022,20-49 employees,"Profitability, end of prior year",Operating at a profit,57%,885
Firm Size - Employees,2022,50-499 employees,"Profitability, end of prior year",Operating at a profit,73%,411
Firm Size - Employees,2023,1-4 employees,"Profitability, end of prior year",Operating at a profit,42%,2373
Firm Size - Employees,2023,5-9 employees,"Profitability, end of prior year",Operating at a profit,45%,1416
Firm Size - Employees,2023,10-19 employees,"Profitability, end of prior year",Operating at a profit,53%,997
Firm Size - Employees,2023,20-49 employees,"Profitability, end of prior year",Operating at a profit,63%,768
Firm Size - Employees,2023,50-499 employees,"Profitability, end of prior year",Operating at a profit,73%,359
Firm Size - Employees,2016,1-4 employees,"Revenue change, prior 12 months",Increased,49%,2979
Firm Size - Employees,2016,5-9 employees,"Revenue change, prior 12 months",Increased,53%,2162
Firm Size - Employees,2016,10-19 employees,"Revenue change, prior 12 months",Increased,54%,1757
Firm Size - Employees,2016,20-49 employees,"Revenue change, prior 12 months",Increased,51%,1730
Firm Size - Employees,2016,50-499 employees,"Revenue change, prior 12 months",Increased,54%,1130
Firm Size - Employees,2017,1-4 employees,"Revenue change, prior 12 months",Increased,52%,2703
Firm Size - Employees,2017,5-9 employees,"Revenue change, prior 12 months",Increased,54%,1818
Firm Size - Employees,2017,10-19 employees,"Revenue change, prior 12 months",Increased,58%,1381
Firm Size - Employees,2017,20-49 employees,"Revenue change, prior 12 months",Increased,50%,1288
Firm Size - Employees,2017,50-499 employees,"Revenue change, prior 12 months",Increased,59%,793
Firm Size - Employees,2018,1-4 employees,"Revenue change, prior 12 months",Increased,55%,2350
Firm Size - Employees,2018,5-9 employees,"Revenue change, prior 12 months",Increased,58%,1501
Firm Size - Employees,2018,10-19 employees,"Revenue change, prior 12 months",Increased,59%,1031
Firm Size - Employees,2018,20-49 employees,"Revenue change, prior 12 months",Increased,65%,984
Firm Size - Employees,2018,50-499 employees,"Revenue change, prior 12 months",Increased,64%,572
Firm Size - Employees,2019,1-4 employees,"Revenue change, prior 12 months",Increased,54%,1873
Firm Size - Employees,2019,5-9 employees,"Revenue change, prior 12 months",Increased,57%,1191
Firm Size - Employees,2019,10-19 employees,"Revenue change, prior 12 months",Increased,59%,884
Firm Size - Employees,2019,20-49 employees,"Revenue change, prior 12 months",Increased,59%,696
Firm Size - Employees,2019,50-499 employees,"Revenue change, prior 12 months",Increased,67%,339
Firm Size - Employees,2020,1-4 employees,"Revenue change, prior 12 months",Increased,11%,4359
Firm Size - Employees,2020,5-9 employees,"Revenue change, prior 12 months",Increased,13%,2229
Firm Size - Employees,2020,10-19 employees,"Revenue change, prior 12 months",Increased,16%,1544
Firm Size - Employees,2020,20-49 employees,"Revenue change, prior 12 months",Increased,21%,999
Firm Size - Employees,2020,50-499 employees,"Revenue change, prior 12 months",Increased,27%,430
Firm Size - Employees,2021,1-4 employees,"Revenue change, prior 12 months",Increased,32%,4403
Firm Size - Employees,2021,5-9 employees,"Revenue change, prior 12 months",Increased,39%,2602
Firm Size - Employees,2021,10-19 employees,"Revenue change, prior 12 months",Increased,44%,1863
Firm Size - Employees,2021,20-49 employees,"Revenue change, prior 12 months",Increased,49%,1216
Firm Size - Employees,2021,50-499 employees,"Revenue change, prior 12 months",Increased,56%,533
Firm Size - Employees,2022,1-4 employees,"Revenue change, prior 12 months",Increased,39%,3238
Firm Size - Employees,2022,5-9 employees,"Revenue change, prior 12 months",Increased,46%,1805
Firm Size - Employees,2022,10-19 employees,"Revenue change, prior 12 months",Increased,53%,1258
Firm Size - Employees,2022,20-49 employees,"Revenue change, prior 12 months",Increased,54%,874
Firm Size - Employees,2022,50-499 employees,"Revenue change, prior 12 months",Increased,63%,414
Firm Size - Employees,2023,1-4 employees,"Revenue change, prior 12 months",Increased,40%,2386
Firm Size - Employees,2023,5-9 employees,"Revenue change, prior 12 months",Increased,44%,1392
Firm Size - Employees,2023,10-19 employees,"Revenue change, prior 12 months",Increased,50%,974
Firm Size - Employees,2023,20-49 employees,"Revenue change, prior 12 months",Increased,48%,752
Firm Size - Employees,2023,50-499 employees,"Revenue change, prior 12 months",Increased,52%,352
Firm Size - Employees,2016,1-4 employees,"Revenue expectations, next 12 months",Will increase,69%,2990
Firm Size - Employees,2016,5-9 employees,"Revenue expectations, next 12 months",Will increase,71%,2176
Firm Size - Employees,2016,10-19 employees,"Revenue expectations, next 12 months",Will increase,69%,1765
Firm Size - Employees,2016,20-49 employees,"Revenue expectations, next 12 months",Will increase,65%,1729
Firm Size - Employees,2016,50-499 employees,"Revenue expectations, next 12 months",Will increase,69%,1135
Firm Size - Employees,2017,1-4 employees,"Revenue expectations, next 12 months",Will increase,72%,2736
Firm Size - Employees,2017,5-9 employees,"Revenue expectations, next 12 months",Will increase,74%,1836
Firm Size - Employees,2017,10-19 employees,"Revenue expectations, next 12 months",Will increase,76%,1397
Firm Size - Employees,2017,20-49 employees,"Revenue expectations, next 12 months",Will increase,68%,1302
Firm Size - Employees,2017,50-499 employees,"Revenue expectations, next 12 months",Will increase,73%,802
Firm Size - Employees,2018,1-4 employees,"Revenue expectations, next 12 months",Will increase,72%,2384
Firm Size - Employees,2018,5-9 employees,"Revenue expectations, next 12 months",Will increase,71%,1507
Firm Size - Employees,2018,10-19 employees,"Revenue expectations, next 12 months",Will increase,74%,1037
Firm Size - Employees,2018,20-49 employees,"Revenue expectations, next 12 months",Will increase,73%,980
Firm Size - Employees,2018,50-499 employees,"Revenue expectations, next 12 months",Will increase,74%,572
Firm Size - Employees,2019,1-4 employees,"Revenue expectations, next 12 months",Will increase,69%,1870
Firm Size - Employees,2019,5-9 employees,"Revenue expectations, next 12 months",Will increase,69%,1200
Firm Size - Employees,2019,10-19 employees,"Revenue expectations, next 12 months",Will increase,71%,876
Firm Size - Employees,2019,20-49 employees,"Revenue expectations, next 12 months",Will increase,66%,686
Firm Size - Employees,2019,50-499 employees,"Revenue expectations, next 12 months",Will increase,71%,335
Firm Size - Employees,2020,1-4 employees,"Revenue expectations, next 12 months",Will increase,39%,4387
Firm Size - Employees,2020,5-9 employees,"Revenue expectations, next 12 months",Will increase,39%,2237
Firm Size - Employees,2020,10-19 employees,"Revenue expectations, next 12 months",Will increase,42%,1557
Firm Size - Employees,2020,20-49 employees,"Revenue expectations, next 12 months",Will increase,47%,1003
Firm Size - Employees,2020,50-499 employees,"Revenue expectations, next 12 months",Will increase,55%,432
Firm Size - Employees,2021,1-4 employees,"Revenue expectations, next 12 months",Will increase,54%,4433
Firm Size - Employees,2021,5-9 employees,"Revenue expectations, next 12 months",Will increase,62%,2617
Firm Size - Employees,2021,10-19 employees,"Revenue expectations, next 12 months",Will increase,66%,1877
Firm Size - Employees,2021,20-49 employees,"Revenue expectations, next 12 months",Will increase,62%,1230
Firm Size - Employees,2021,50-499 employees,"Revenue expectations, next 12 months",Will increase,70%,535
Firm Size - Employees,2022,1-4 employees,"Revenue expectations, next 12 months",Will increase,55%,3266
Firm Size - Employees,2022,5-9 employees,"Revenue expectations, next 12 months",Will increase,57%,1834
Firm Size - Employees,2022,10-19 employees,"Revenue expectations, next 12 months",Will increase,63%,1278
Firm Size - Employees,2022,20-49 employees,"Revenue expectations, next 12 months",Will increase,54%,879
Firm Size - Employees,2022,50-499 employees,"Revenue expectations, next 12 months",Will increase,58%,417
Firm Size - Employees,2023,1-4 employees,"Revenue expectations, next 12 months",Will increase,56%,2414
Firm Size - Employees,2023,5-9 employees,"Revenue expectations, next 12 months",Will increase,58%,1419
Firm Size - Employees,2023,10-19 employees,"Revenue expectations, next 12 months",Will increase,62%,991
Firm Size - Employees,2023,20-49 employees,"Revenue expectations, next 12 months",Will increase,58%,763
Firm Size - Employees,2023,50-499 employees,"Revenue expectations, next 12 months",Will increase,64%,358
Firm Size - Employees,2016,1-4 employees,Share that experienced a financial challenge,Experienced a financial challenge,62%,2968
Firm Size - Employees,2016,5-9 employees,Share that experienced a financial challenge,Experienced a financial challenge,60%,2165
Firm Size - Employees,2016,10-19 employees,Share that experienced a financial challenge,Experienced a financial challenge,57%,1756
Firm Size - Employees,2016,20-49 employees,Share that experienced a financial challenge,Experienced a financial challenge,48%,1705
Firm Size - Employees,2016,50-499 employees,Share that experienced a financial challenge,Experienced a financial challenge,39%,1116
Firm Size - Employees,2017,1-4 employees,Share that experienced a financial challenge,Experienced a financial challenge,65%,2759
Firm Size - Employees,2017,5-9 employees,Share that experienced a financial challenge,Experienced a financial challenge,66%,1838
Firm Size - Employees,2017,10-19 employees,Share that experienced a financial challenge,Experienced a financial challenge,63%,1397
Firm Size - Employees,2017,20-49 employees,Share that experienced a financial challenge,Experienced a financial challenge,57%,1303
Firm Size - Employees,2017,50-499 employees,Share that experienced a financial challenge,Experienced a financial challenge,48%,800
Firm Size - Employees,2018,1-4 employees,Share that experienced a financial challenge,Experienced a financial challenge,66%,2402
Firm Size - Employees,2018,5-9 employees,Share that experienced a financial challenge,Experienced a financial challenge,66%,1516
Firm Size - Employees,2018,10-19 employees,Share that experienced a financial challenge,Experienced a financial challenge,64%,1038
Firm Size - Employees,2018,20-49 employees,Share that experienced a financial challenge,Experienced a financial challenge,55%,971
Firm Size - Employees,2018,50-499 employees,Share that experienced a financial challenge,Experienced a financial challenge,49%,563
Firm Size - Employees,2019,1-4 employees,Share that experienced a financial challenge,Experienced a financial challenge,68%,1925
Firm Size - Employees,2019,5-9 employees,Share that experienced a financial challenge,Experienced a financial challenge,67%,1234
Firm Size - Employees,2019,10-19 employees,Share that experienced a financial challenge,Experienced a financial challenge,68%,897
Firm Size - Employees,2019,20-49 employees,Share that experienced a financial challenge,Experienced a financial challenge,60%,708
Firm Size - Employees,2019,50-499 employees,Share that experienced a financial challenge,Experienced a financial challenge,50%,336
Firm Size - Employees,2020,1-4 employees,Share that experienced a financial challenge,Experienced a financial challenge,85%,4411
Firm Size - Employees,2020,5-9 employees,Share that experienced a financial challenge,Experienced a financial challenge,82%,2245
Firm Size - Employees,2020,10-19 employees,Share that experienced a financial challenge,Experienced a financial challenge,79%,1555
Firm Size - Employees,2020,20-49 employees,Share that experienced a financial challenge,Experienced a financial challenge,69%,1006
Firm Size - Employees,2020,50-499 employees,Share that experienced a financial challenge,Experienced a financial challenge,58%,428
Firm Size - Employees,2021,1-4 employees,Share that experienced a financial challenge,Experienced a financial challenge,87%,4514
Firm Size - Employees,2021,5-9 employees,Share that experienced a financial challenge,Experienced a financial challenge,85%,2672
Firm Size - Employees,2021,10-19 employees,Share that experienced a financial challenge,Experienced a financial challenge,86%,1895
Firm Size - Employees,2021,20-49 employees,Share that experienced a financial challenge,Experienced a financial challenge,79%,1239
Firm Size - Employees,2021,50-499 employees,Share that experienced a financial challenge,Experienced a financial challenge,72%,531
Firm Size - Employees,2022,1-4 employees,Share that experienced a financial challenge,Experienced a financial challenge,94%,3342
Firm Size - Employees,2022,5-9 employees,Share that experienced a financial challenge,Experienced a financial challenge,94%,1871
Firm Size - Employees,2022,10-19 employees,Share that experienced a financial challenge,Experienced a financial challenge,95%,1302
Firm Size - Employees,2022,20-49 employees,Share that experienced a financial challenge,Experienced a financial challenge,94%,903
Firm Size - Employees,2022,50-499 employees,Share that experienced a financial challenge,Experienced a financial challenge,90%,419
Firm Size - Employees,2023,1-4 employees,Share that experienced a financial challenge,Experienced a financial challenge,92%,2485
Firm Size - Employees,2023,5-9 employees,Share that experienced a financial challenge,Experienced a financial challenge,93%,1462
Firm Size - Employees,2023,10-19 employees,Share that experienced a financial challenge,Experienced a financial challenge,95%,1019
Firm Size - Employees,2023,20-49 employees,Share that experienced a financial challenge,Experienced a financial challenge,93%,779
Firm Size - Employees,2023,50-499 employees,Share that experienced a financial challenge,Experienced a financial challenge,87%,358
Firm Size - Employees,2016,1-4 employees,Share with outstanding debt,Have outstanding debt,64%,2882
Firm Size - Employees,2016,5-9 employees,Share with outstanding debt,Have outstanding debt,73%,2070
Firm Size - Employees,2016,10-19 employees,Share with outstanding debt,Have outstanding debt,78%,1686
Firm Size - Employees,2016,20-49 employees,Share with outstanding debt,Have outstanding debt,76%,1632
Firm Size - Employees,2016,50-499 employees,Share with outstanding debt,Have outstanding debt,77%,1053
Firm Size - Employees,2017,1-4 employees,Share with outstanding debt,Have outstanding debt,62%,2728
Firm Size - Employees,2017,5-9 employees,Share with outstanding debt,Have outstanding debt,72%,1818
Firm Size - Employees,2017,10-19 employees,Share with outstanding debt,Have outstanding debt,73%,1369
Firm Size - Employees,2017,20-49 employees,Share with outstanding debt,Have outstanding debt,76%,1272
Firm Size - Employees,2017,50-499 employees,Share with outstanding debt,Have outstanding debt,78%,771
Firm Size - Employees,2018,1-4 employees,Share with outstanding debt,Have outstanding debt,66%,2387
Firm Size - Employees,2018,5-9 employees,Share with outstanding debt,Have outstanding debt,74%,1506
Firm Size - Employees,2018,10-19 employees,Share with outstanding debt,Have outstanding debt,78%,1039
Firm Size - Employees,2018,20-49 employees,Share with outstanding debt,Have outstanding debt,73%,962
Firm Size - Employees,2018,50-499 employees,Share with outstanding debt,Have outstanding debt,76%,557
Firm Size - Employees,2019,1-4 employees,Share with outstanding debt,Have outstanding debt,67%,1900
Firm Size - Employees,2019,5-9 employees,Share with outstanding debt,Have outstanding debt,71%,1225
Firm Size - Employees,2019,10-19 employees,Share with outstanding debt,Have outstanding debt,82%,896
Firm Size - Employees,2019,20-49 employees,Share with outstanding debt,Have outstanding debt,76%,703
Firm Size - Employees,2019,50-499 employees,Share with outstanding debt,Have outstanding debt,77%,339
Firm Size - Employees,2020,1-4 employees,Share with outstanding debt,Have outstanding debt,77%,4311
Firm Size - Employees,2020,5-9 employees,Share with outstanding debt,Have outstanding debt,82%,2199
Firm Size - Employees,2020,10-19 employees,Share with outstanding debt,Have outstanding debt,83%,1520
Firm Size - Employees,2020,20-49 employees,Share with outstanding debt,Have outstanding debt,83%,990
Firm Size - Employees,2020,50-499 employees,Share with outstanding debt,Have outstanding debt,81%,423
Firm Size - Employees,2021,1-4 employees,Share with outstanding debt,Have outstanding debt,71%,4428
Firm Size - Employees,2021,5-9 employees,Share with outstanding debt,Have outstanding debt,78%,2634
Firm Size - Employees,2021,10-19 employees,Share with outstanding debt,Have outstanding debt,79%,1864
Firm Size - Employees,2021,20-49 employees,Share with outstanding debt,Have outstanding debt,78%,1224
Firm Size - Employees,2021,50-499 employees,Share with outstanding debt,Have outstanding debt,75%,529
Firm Size - Employees,2022,1-4 employees,Share with outstanding debt,Have outstanding debt,70%,3278
Firm Size - Employees,2022,5-9 employees,Share with outstanding debt,Have outstanding debt,74%,1850
Firm Size - Employees,2022,10-19 employees,Share with outstanding debt,Have outstanding debt,74%,1283
Firm Size - Employees,2022,20-49 employees,Share with outstanding debt,Have outstanding debt,77%,887
Firm Size - Employees,2022,50-499 employees,Share with outstanding debt,Have outstanding debt,73%,410
Firm Size - Employees,2023,1-4 employees,Share with outstanding debt,Have outstanding debt,69%,2457
Firm Size - Employees,2023,5-9 employees,Share with outstanding debt,Have outstanding debt,77%,1458
Firm Size - Employees,2023,10-19 employees,Share with outstanding debt,Have outstanding debt,71%,1011
Firm Size - Employees,2023,20-49 employees,Share with outstanding debt,Have outstanding debt,76%,780
Firm Size - Employees,2023,50-499 employees,Share with outstanding debt,Have outstanding debt,73%,353
Firm Size - Annual Revenue,2017,<$1M,Actions taken in response to financial challenges,Used personal funds,70%,3028
Firm Size - Annual Revenue,2017,>$1M,Actions taken in response to financial challenges,Used personal funds,55%,1739
Firm Size - Annual Revenue,2018,<$1M,Actions taken in response to financial challenges,Used personal funds,69%,2667
Firm Size - Annual Revenue,2018,>$1M,Actions taken in response to financial challenges,Used personal funds,60%,1262
Firm Size - Annual Revenue,2020,<$1M,Actions taken in response to financial challenges,Used personal funds,66%,5154
Firm Size - Annual Revenue,2020,>$1M,Actions taken in response to financial challenges,Used personal funds,53%,2546
Firm Size - Annual Revenue,2021,<$1M,Actions taken in response to financial challenges,Used personal funds,66%,6992
Firm Size - Annual Revenue,2021,>$1M,Actions taken in response to financial challenges,Used personal funds,40%,2176
Firm Size - Annual Revenue,2022,<$1M,Actions taken in response to financial challenges,Used personal funds,60%,5370
Firm Size - Annual Revenue,2022,>$1M,Actions taken in response to financial challenges,Used personal funds,31%,1966
Firm Size - Annual Revenue,2023,<$1M,Actions taken in response to financial challenges,Used personal funds,62%,3728
Firm Size - Annual Revenue,2023,>$1M,Actions taken in response to financial challenges,Used personal funds,35%,1952
Firm Size - Annual Revenue,2017,<$1M,Applications for financing,"Applied for a loan, line of credit, or merchant cash advance",32%,4341
Firm Size - Annual Revenue,2017,>$1M,Applications for financing,"Applied for a loan, line of credit, or merchant cash advance",38%,3482
Firm Size - Annual Revenue,2018,<$1M,Applications for financing,"Applied for a loan, line of credit, or merchant cash advance",33%,3847
Firm Size - Annual Revenue,2018,>$1M,Applications for financing,"Applied for a loan, line of credit, or merchant cash advance",43%,2529
Firm Size - Annual Revenue,2019,<$1M,Applications for financing,"Applied for a loan, line of credit, or merchant cash advance",35%,3112
Firm Size - Annual Revenue,2019,>$1M,Applications for financing,"Applied for a loan, line of credit, or merchant cash advance",43%,1896
Firm Size - Annual Revenue,2020,<$1M,Applications for financing,"Applied for a loan, line of credit, or merchant cash advance",26%,5817
Firm Size - Annual Revenue,2020,>$1M,Applications for financing,"Applied for a loan, line of credit, or merchant cash advance",34%,3362
Firm Size - Annual Revenue,2021,<$1M,Applications for financing,"Applied for a loan, line of credit, or merchant cash advance",23%,7442
Firm Size - Annual Revenue,2021,>$1M,Applications for financing,"Applied for a loan, line of credit, or merchant cash advance",30%,2749
Firm Size - Annual Revenue,2022,<$1M,Applications for financing,"Applied for a loan, line of credit, or merchant cash advance",39%,5560
Firm Size - Annual Revenue,2022,>$1M,Applications for financing,"Applied for a loan, line of credit, or merchant cash advance",45%,2134
Firm Size - Annual Revenue,2023,<$1M,Applications for financing,"Applied for a loan, line of credit, or merchant cash advance",36%,3913
Firm Size - Annual Revenue,2023,>$1M,Applications for financing,"Applied for a loan, line of credit, or merchant cash advance",37%,2104
Firm Size - Annual Revenue,2017,<$1M,Best outcome on loan/LOC/merchant cash advance application(s),All (100%),49%,1332
Firm Size - Annual Revenue,2017,>$1M,Best outcome on loan/LOC/merchant cash advance application(s),All (100%),69%,1261
Firm Size - Annual Revenue,2018,<$1M,Best outcome on loan/LOC/merchant cash advance application(s),All (100%),53%,1242
Firm Size - Annual Revenue,2018,>$1M,Best outcome on loan/LOC/merchant cash advance application(s),All (100%),67%,999
Firm Size - Annual Revenue,2019,<$1M,Best outcome on loan/LOC/merchant cash advance application(s),All (100%),58%,1033
Firm Size - Annual Revenue,2019,>$1M,Best outcome on loan/LOC/merchant cash advance application(s),All (100%),70%,770
Firm Size - Annual Revenue,2020,<$1M,Best outcome on loan/LOC/merchant cash advance application(s),All (100%),42%,1374
Firm Size - Annual Revenue,2020,>$1M,Best outcome on loan/LOC/merchant cash advance application(s),All (100%),64%,1019
Firm Size - Annual Revenue,2021,<$1M,Best outcome on loan/LOC/merchant cash advance application(s),All (100%),39%,1578
Firm Size - Annual Revenue,2021,>$1M,Best outcome on loan/LOC/merchant cash advance application(s),All (100%),67%,749
Firm Size - Annual Revenue,2022,<$1M,Best outcome on loan/LOC/merchant cash advance application(s),All (100%),44%,2014
Firm Size - Annual Revenue,2022,>$1M,Best outcome on loan/LOC/merchant cash advance application(s),All (100%),74%,961
Firm Size - Annual Revenue,2023,<$1M,Best outcome on loan/LOC/merchant cash advance application(s),All (100%),44%,1362
Firm Size - Annual Revenue,2023,>$1M,Best outcome on loan/LOC/merchant cash advance application(s),All (100%),64%,779
Firm Size - Annual Revenue,2020,<$1M,Current financial condition,Poor or fair,63%,5982
Firm Size - Annual Revenue,2020,>$1M,Current financial condition,Poor or fair,47%,3432
Firm Size - Annual Revenue,2021,<$1M,Current financial condition,Poor or fair,66%,7689
Firm Size - Annual Revenue,2021,>$1M,Current financial condition,Poor or fair,36%,2816
Firm Size - Annual Revenue,2022,<$1M,Current financial condition,Poor or fair,66%,5560
Firm Size - Annual Revenue,2022,>$1M,Current financial condition,Poor or fair,34%,2134
Firm Size - Annual Revenue,2023,<$1M,Current financial condition,Poor or fair,63%,3913
Firm Size - Annual Revenue,2023,>$1M,Current financial condition,Poor or fair,38%,2104
Firm Size - Annual Revenue,2017,<$1M,"Employment change, prior 12 months",Increased,34%,4070
Firm Size - Annual Revenue,2017,>$1M,"Employment change, prior 12 months",Increased,38%,3301
Firm Size - Annual Revenue,2018,<$1M,"Employment change, prior 12 months",Increased,33%,3590
Firm Size - Annual Revenue,2018,>$1M,"Employment change, prior 12 months",Increased,45%,2375
Firm Size - Annual Revenue,2019,<$1M,"Employment change, prior 12 months",Increased,34%,2901
Firm Size - Annual Revenue,2019,>$1M,"Employment change, prior 12 months",Increased,41%,1780
Firm Size - Annual Revenue,2020,<$1M,"Employment change, prior 12 months",Increased,11%,5767
Firm Size - Annual Revenue,2020,>$1M,"Employment change, prior 12 months",Increased,15%,3385
Firm Size - Annual Revenue,2021,<$1M,"Employment change, prior 12 months",Increased,20%,7415
Firm Size - Annual Revenue,2021,>$1M,"Employment change, prior 12 months",Increased,32%,2782
Firm Size - Annual Revenue,2022,<$1M,"Employment change, prior 12 months",Increased,26%,5277
Firm Size - Annual Revenue,2022,>$1M,"Employment change, prior 12 months",Increased,36%,2100
Firm Size - Annual Revenue,2023,<$1M,"Employment change, prior 12 months",Increased,28%,3811
Firm Size - Annual Revenue,2023,>$1M,"Employment change, prior 12 months",Increased,31%,2071
Firm Size - Annual Revenue,2017,<$1M,"Employment expectations, next 12 months",Will increase,46%,4096
Firm Size - Annual Revenue,2017,>$1M,"Employment expectations, next 12 months",Will increase,52%,3322
Firm Size - Annual Revenue,2018,<$1M,"Employment expectations, next 12 months",Will increase,43%,3731
Firm Size - Annual Revenue,2018,>$1M,"Employment expectations, next 12 months",Will increase,48%,2492
Firm Size - Annual Revenue,2019,<$1M,"Employment expectations, next 12 months",Will increase,42%,3022
Firm Size - Annual Revenue,2019,>$1M,"Employment expectations, next 12 months",Will increase,48%,1863
Firm Size - Annual Revenue,2020,<$1M,"Employment expectations, next 12 months",Will increase,31%,5793
Firm Size - Annual Revenue,2020,>$1M,"Employment expectations, next 12 months",Will increase,34%,3382
Firm Size - Annual Revenue,2021,<$1M,"Employment expectations, next 12 months",Will increase,37%,7463
Firm Size - Annual Revenue,2021,>$1M,"Employment expectations, next 12 months",Will increase,50%,2788
Firm Size - Annual Revenue,2022,<$1M,"Employment expectations, next 12 months",Will increase,37%,5327
Firm Size - Annual Revenue,2022,>$1M,"Employment expectations, next 12 months",Will increase,40%,2110
Firm Size - Annual Revenue,2023,<$1M,"Employment expectations, next 12 months",Will increase,36%,3836
Firm Size - Annual Revenue,2023,>$1M,"Employment expectations, next 12 months",Will increase,41%,2085
Firm Size - Annual Revenue,2017,<$1M,"Profitability, end of prior year",Operating at a profit,51%,4207
Firm Size - Annual Revenue,2017,>$1M,"Profitability, end of prior year",Operating at a profit,70%,3453
Firm Size - Annual Revenue,2018,<$1M,"Profitability, end of prior year",Operating at a profit,50%,3683
Firm Size - Annual Revenue,2018,>$1M,"Profitability, end of prior year",Operating at a profit,71%,2493
Firm Size - Annual Revenue,2019,<$1M,"Profitability, end of prior year",Operating at a profit,52%,2989
Firm Size - Annual Revenue,2019,>$1M,"Profitability, end of prior year",Operating at a profit,71%,1873
Firm Size - Annual Revenue,2020,<$1M,"Profitability, end of prior year",Operating at a profit,59%,5746
Firm Size - Annual Revenue,2020,>$1M,"Profitability, end of prior year",Operating at a profit,76%,3382
Firm Size - Annual Revenue,2021,<$1M,"Profitability, end of prior year",Operating at a profit,28%,7373
Firm Size - Annual Revenue,2021,>$1M,"Profitability, end of prior year",Operating at a profit,56%,2749
Firm Size - Annual Revenue,2022,<$1M,"Profitability, end of prior year",Operating at a profit,37%,5339
Firm Size - Annual Revenue,2022,>$1M,"Profitability, end of prior year",Operating at a profit,66%,2097
Firm Size - Annual Revenue,2023,<$1M,"Profitability, end of prior year",Operating at a profit,38%,3790
Firm Size - Annual Revenue,2023,>$1M,"Profitability, end of prior year",Operating at a profit,69%,2081
Firm Size - Annual Revenue,2017,<$1M,"Revenue change, prior 12 months",Increased,54%,4239
Firm Size - Annual Revenue,2017,>$1M,"Revenue change, prior 12 months",Increased,51%,3422
Firm Size - Annual Revenue,2018,<$1M,"Revenue change, prior 12 months",Increased,57%,3741
Firm Size - Annual Revenue,2018,>$1M,"Revenue change, prior 12 months",Increased,58%,2481
Firm Size - Annual Revenue,2019,<$1M,"Revenue change, prior 12 months",Increased,57%,3004
Firm Size - Annual Revenue,2019,>$1M,"Revenue change, prior 12 months",Increased,56%,1843
Firm Size - Annual Revenue,2020,<$1M,"Revenue change, prior 12 months",Increased,13%,5909
Firm Size - Annual Revenue,2020,>$1M,"Revenue change, prior 12 months",Increased,17%,3405
Firm Size - Annual Revenue,2021,<$1M,"Revenue change, prior 12 months",Increased,34%,7473
Firm Size - Annual Revenue,2021,>$1M,"Revenue change, prior 12 months",Increased,49%,2750
Firm Size - Annual Revenue,2022,<$1M,"Revenue change, prior 12 months",Increased,41%,5356
Firm Size - Annual Revenue,2022,>$1M,"Revenue change, prior 12 months",Increased,53%,2066
Firm Size - Annual Revenue,2023,<$1M,"Revenue change, prior 12 months",Increased,42%,3720
Firm Size - Annual Revenue,2023,>$1M,"Revenue change, prior 12 months",Increased,44%,2024
Firm Size - Annual Revenue,2017,<$1M,"Revenue expectations, next 12 months",Will increase,73%,4286
Firm Size - Annual Revenue,2017,>$1M,"Revenue expectations, next 12 months",Will increase,69%,3451
Firm Size - Annual Revenue,2018,<$1M,"Revenue expectations, next 12 months",Will increase,73%,3774
Firm Size - Annual Revenue,2018,>$1M,"Revenue expectations, next 12 months",Will increase,69%,2478
Firm Size - Annual Revenue,2019,<$1M,"Revenue expectations, next 12 months",Will increase,70%,2993
Firm Size - Annual Revenue,2019,>$1M,"Revenue expectations, next 12 months",Will increase,67%,1831
Firm Size - Annual Revenue,2020,<$1M,"Revenue expectations, next 12 months",Will increase,41%,5941
Firm Size - Annual Revenue,2020,>$1M,"Revenue expectations, next 12 months",Will increase,41%,3426
Firm Size - Annual Revenue,2021,<$1M,"Revenue expectations, next 12 months",Will increase,57%,7522
Firm Size - Annual Revenue,2021,>$1M,"Revenue expectations, next 12 months",Will increase,63%,2780
Firm Size - Annual Revenue,2022,<$1M,"Revenue expectations, next 12 months",Will increase,57%,5422
Firm Size - Annual Revenue,2022,>$1M,"Revenue expectations, next 12 months",Will increase,52%,2084
Firm Size - Annual Revenue,2023,<$1M,"Revenue expectations, next 12 months",Will increase,57%,3773
Firm Size - Annual Revenue,2023,>$1M,"Revenue expectations, next 12 months",Will increase,55%,2059
Firm Size - Annual Revenue,2017,<$1M,Share that experienced a financial challenge,Experienced a financial challenge,69%,4313
Firm Size - Annual Revenue,2017,>$1M,Share that experienced a financial challenge,Experienced a financial challenge,53%,3450
Firm Size - Annual Revenue,2018,<$1M,Share that experienced a financial challenge,Experienced a financial challenge,68%,3794
Firm Size - Annual Revenue,2018,>$1M,Share that experienced a financial challenge,Experienced a financial challenge,54%,2467
Firm Size - Annual Revenue,2019,<$1M,Share that experienced a financial challenge,Experienced a financial challenge,69%,3088
Firm Size - Annual Revenue,2019,>$1M,Share that experienced a financial challenge,Experienced a financial challenge,59%,1870
Firm Size - Annual Revenue,2020,<$1M,Share that experienced a financial challenge,Experienced a financial challenge,85%,5973
Firm Size - Annual Revenue,2020,>$1M,Share that experienced a financial challenge,Experienced a financial challenge,72%,3424
Firm Size - Annual Revenue,2021,<$1M,Share that experienced a financial challenge,Experienced a financial challenge,88%,7657
Firm Size - Annual Revenue,2021,>$1M,Share that experienced a financial challenge,Experienced a financial challenge,74%,2794
Firm Size - Annual Revenue,2022,<$1M,Share that experienced a financial challenge,Experienced a financial challenge,95%,5544
Firm Size - Annual Revenue,2022,>$1M,Share that experienced a financial challenge,Experienced a financial challenge,91%,2124
Firm Size - Annual Revenue,2023,<$1M,Share that experienced a financial challenge,Experienced a financial challenge,94%,3893
Firm Size - Annual Revenue,2023,>$1M,Share that experienced a financial challenge,Experienced a financial challenge,91%,2097
Firm Size - Annual Revenue,2017,<$1M,Share with outstanding debt,Have outstanding debt,67%,4278
Firm Size - Annual Revenue,2017,>$1M,Share with outstanding debt,Have outstanding debt,70%,3397
Firm Size - Annual Revenue,2018,<$1M,Share with outstanding debt,Have outstanding debt,70%,3786
Firm Size - Annual Revenue,2018,>$1M,Share with outstanding debt,Have outstanding debt,73%,2471
Firm Size - Annual Revenue,2019,<$1M,Share with outstanding debt,Have outstanding debt,70%,3059
Firm Size - Annual Revenue,2019,>$1M,Share with outstanding debt,Have outstanding debt,73%,1877
Firm Size - Annual Revenue,2020,<$1M,Share with outstanding debt,Have outstanding debt,78%,5850
Firm Size - Annual Revenue,2020,>$1M,Share with outstanding debt,Have outstanding debt,82%,3375
Firm Size - Annual Revenue,2021,<$1M,Share with outstanding debt,Have outstanding debt,75%,7541
Firm Size - Annual Revenue,2021,>$1M,Share with outstanding debt,Have outstanding debt,73%,2764
Firm Size - Annual Revenue,2022,<$1M,Share with outstanding debt,Have outstanding debt,73%,5455
Firm Size - Annual Revenue,2022,>$1M,Share with outstanding debt,Have outstanding debt,70%,2098
Firm Size - Annual Revenue,2023,<$1M,Share with outstanding debt,Have outstanding debt,73%,3874
Firm Size - Annual Revenue,2023,>$1M,Share with outstanding debt,Have outstanding debt,70%,2084
Gender of Owner(s),2016,Men-owned,Actions taken in response to financial challenges,Used personal funds,74%,1869
Gender of Owner(s),2016,Women-owned,Actions taken in response to financial challenges,Used personal funds,78%,1598
Gender of Owner(s),2016,Equally owned,Actions taken in response to financial challenges,Used personal funds,75%,501
Gender of Owner(s),2017,Men-owned,Actions taken in response to financial challenges,Used personal funds,66%,2565
Gender of Owner(s),2017,Women-owned,Actions taken in response to financial challenges,Used personal funds,69%,1766
Gender of Owner(s),2017,Equally owned,Actions taken in response to financial challenges,Used personal funds,67%,625
Gender of Owner(s),2018,Men-owned,Actions taken in response to financial challenges,Used personal funds,66%,1980
Gender of Owner(s),2018,Women-owned,Actions taken in response to financial challenges,Used personal funds,69%,1566
Gender of Owner(s),2018,Equally owned,Actions taken in response to financial challenges,Used personal funds,69%,521
Gender of Owner(s),2020,Men-owned,Actions taken in response to financial challenges,Used personal funds,62%,3804
Gender of Owner(s),2020,Women-owned,Actions taken in response to financial challenges,Used personal funds,65%,3227
Gender of Owner(s),2020,Equally owned,Actions taken in response to financial challenges,Used personal funds,61%,866
Gender of Owner(s),2021,Men-owned,Actions taken in response to financial challenges,Used personal funds,59%,4321
Gender of Owner(s),2021,Women-owned,Actions taken in response to financial challenges,Used personal funds,64%,4173
Gender of Owner(s),2021,Equally owned,Actions taken in response to financial challenges,Used personal funds,63%,1043
Gender of Owner(s),2022,Men-owned,Actions taken in response to financial challenges,Used personal funds,50%,3359
Gender of Owner(s),2022,Women-owned,Actions taken in response to financial challenges,Used personal funds,61%,3357
Gender of Owner(s),2022,Equally owned,Actions taken in response to financial challenges,Used personal funds,53%,777
Gender of Owner(s),2023,Men-owned,Actions taken in response to financial challenges,Used personal funds,50%,2684
Gender of Owner(s),2023,Women-owned,Actions taken in response to financial challenges,Used personal funds,62%,2458
Gender of Owner(s),2023,Equally owned,Actions taken in response to financial challenges,Used personal funds,55%,635
Gender of Owner(s),2016,Men-owned,Applications for financing,"Applied for a loan, line of credit, or merchant cash advance",39%,5049
Gender of Owner(s),2016,Women-owned,Applications for financing,"Applied for a loan, line of credit, or merchant cash advance",38%,3556
Gender of Owner(s),2016,Equally owned,Applications for financing,"Applied for a loan, line of credit, or merchant cash advance",33%,1263
Gender of Owner(s),2017,Men-owned,Applications for financing,"Applied for a loan, line of credit, or merchant cash advance",35%,4506
Gender of Owner(s),2017,Women-owned,Applications for financing,"Applied for a loan, line of credit, or merchant cash advance",33%,2627
Gender of Owner(s),2017,Equally owned,Applications for financing,"Applied for a loan, line of credit, or merchant cash advance",31%,1036
Gender of Owner(s),2018,Men-owned,Applications for financing,"Applied for a loan, line of credit, or merchant cash advance",37%,3381
Gender of Owner(s),2018,Women-owned,Applications for financing,"Applied for a loan, line of credit, or merchant cash advance",34%,2336
Gender of Owner(s),2018,Equally owned,Applications for financing,"Applied for a loan, line of credit, or merchant cash advance",34%,897
Gender of Owner(s),2019,Men-owned,Applications for financing,"Applied for a loan, line of credit, or merchant cash advance",38%,2742
Gender of Owner(s),2019,Women-owned,Applications for financing,"Applied for a loan, line of credit, or merchant cash advance",35%,1795
Gender of Owner(s),2019,Equally owned,Applications for financing,"Applied for a loan, line of credit, or merchant cash advance",37%,617
Gender of Owner(s),2020,Men-owned,Applications for financing,"Applied for a loan, line of credit, or merchant cash advance",30%,4727
Gender of Owner(s),2020,Women-owned,Applications for financing,"Applied for a loan, line of credit, or merchant cash advance",27%,3679
Gender of Owner(s),2020,Equally owned,Applications for financing,"Applied for a loan, line of credit, or merchant cash advance",25%,1001
Gender of Owner(s),2021,Men-owned,Applications for financing,"Applied for a loan, line of credit, or merchant cash advance",27%,4901
Gender of Owner(s),2021,Women-owned,Applications for financing,"Applied for a loan, line of credit, or merchant cash advance",23%,4490
Gender of Owner(s),2021,Equally owned,Applications for financing,"Applied for a loan, line of credit, or merchant cash advance",20%,1189
Gender of Owner(s),2022,Men-owned,Applications for financing,"Applied for a loan, line of credit, or merchant cash advance",41%,3554
Gender of Owner(s),2022,Women-owned,Applications for financing,"Applied for a loan, line of credit, or merchant cash advance",41%,3497
Gender of Owner(s),2022,Equally owned,Applications for financing,"Applied for a loan, line of credit, or merchant cash advance",36%,813
Gender of Owner(s),2023,Men-owned,Applications for financing,"Applied for a loan, line of credit, or merchant cash advance",37%,2875
Gender of Owner(s),2023,Women-owned,Applications for financing,"Applied for a loan, line of credit, or merchant cash advance",37%,2590
Gender of Owner(s),2023,Equally owned,Applications for financing,"Applied for a loan, line of credit, or merchant cash advance",34%,666
Gender of Owner(s),2016,Men-owned,Best outcome on loan/LOC/merchant cash advance application(s),All (100%),56%,1956
Gender of Owner(s),2016,Women-owned,Best outcome on loan/LOC/merchant cash advance application(s),All (100%),45%,1238
Gender of Owner(s),2016,Equally owned,Best outcome on loan/LOC/merchant cash advance application(s),All (100%),58%,467
Gender of Owner(s),2017,Men-owned,Best outcome on loan/LOC/merchant cash advance application(s),All (100%),55%,1535
Gender of Owner(s),2017,Women-owned,Best outcome on loan/LOC/merchant cash advance application(s),All (100%),57%,831
Gender of Owner(s),2017,Equally owned,Best outcome on loan/LOC/merchant cash advance application(s),All (100%),63%,329
Gender of Owner(s),2018,Men-owned,Best outcome on loan/LOC/merchant cash advance application(s),All (100%),58%,1252
Gender of Owner(s),2018,Women-owned,Best outcome on loan/LOC/merchant cash advance application(s),All (100%),58%,748
Gender of Owner(s),2018,Equally owned,Best outcome on loan/LOC/merchant cash advance application(s),All (100%),55%,297
Gender of Owner(s),2019,Men-owned,Best outcome on loan/LOC/merchant cash advance application(s),All (100%),62%,1006
Gender of Owner(s),2019,Women-owned,Best outcome on loan/LOC/merchant cash advance application(s),All (100%),61%,607
Gender of Owner(s),2019,Equally owned,Best outcome on loan/LOC/merchant cash advance application(s),All (100%),62%,222
Gender of Owner(s),2020,Men-owned,Best outcome on loan/LOC/merchant cash advance application(s),All (100%),52%,1335
Gender of Owner(s),2020,Women-owned,Best outcome on loan/LOC/merchant cash advance application(s),All (100%),45%,852
Gender of Owner(s),2020,Equally owned,Best outcome on loan/LOC/merchant cash advance application(s),All (100%),49%,246
Gender of Owner(s),2021,Men-owned,Best outcome on loan/LOC/merchant cash advance application(s),All (100%),46%,1240
Gender of Owner(s),2021,Women-owned,Best outcome on loan/LOC/merchant cash advance application(s),All (100%),44%,947
Gender of Owner(s),2021,Equally owned,Best outcome on loan/LOC/merchant cash advance application(s),All (100%),50%,239
Gender of Owner(s),2022,Men-owned,Best outcome on loan/LOC/merchant cash advance application(s),All (100%),55%,1445
Gender of Owner(s),2022,Women-owned,Best outcome on loan/LOC/merchant cash advance application(s),All (100%),45%,1323
Gender of Owner(s),2022,Equally owned,Best outcome on loan/LOC/merchant cash advance application(s),All (100%),55%,258
Gender of Owner(s),2023,Men-owned,Best outcome on loan/LOC/merchant cash advance application(s),All (100%),54%,1023
Gender of Owner(s),2023,Women-owned,Best outcome on loan/LOC/merchant cash advance application(s),All (100%),44%,924
Gender of Owner(s),2023,Equally owned,Best outcome on loan/LOC/merchant cash advance application(s),All (100%),48%,224
Gender of Owner(s),2020,Men-owned,Current financial condition,Poor or fair,55%,4847
Gender of Owner(s),2020,Women-owned,Current financial condition,Poor or fair,67%,3786
Gender of Owner(s),2020,Equally owned,Current financial condition,Poor or fair,58%,1031
Gender of Owner(s),2021,Men-owned,Current financial condition,Poor or fair,58%,5047
Gender of Owner(s),2021,Women-owned,Current financial condition,Poor or fair,63%,4630
Gender of Owner(s),2021,Equally owned,Current financial condition,Poor or fair,56%,1230
Gender of Owner(s),2022,Men-owned,Current financial condition,Poor or fair,54%,3554
Gender of Owner(s),2022,Women-owned,Current financial condition,Poor or fair,65%,3497
Gender of Owner(s),2022,Equally owned,Current financial condition,Poor or fair,59%,813
Gender of Owner(s),2023,Men-owned,Current financial condition,Poor or fair,53%,2875
Gender of Owner(s),2023,Women-owned,Current financial condition,Poor or fair,62%,2589
Gender of Owner(s),2023,Equally owned,Current financial condition,Poor or fair,56%,666
Gender of Owner(s),2016,Men-owned,"Employment change, prior 12 months",Increased,34%,4979
Gender of Owner(s),2016,Women-owned,"Employment change, prior 12 months",Increased,38%,3481
Gender of Owner(s),2016,Equally owned,"Employment change, prior 12 months",Increased,34%,1246
Gender of Owner(s),2017,Men-owned,"Employment change, prior 12 months",Increased,34%,4247
Gender of Owner(s),2017,Women-owned,"Employment change, prior 12 months",Increased,38%,2456
Gender of Owner(s),2017,Equally owned,"Employment change, prior 12 months",Increased,34%,981
Gender of Owner(s),2018,Men-owned,"Employment change, prior 12 months",Increased,37%,3160
Gender of Owner(s),2018,Women-owned,"Employment change, prior 12 months",Increased,37%,2179
Gender of Owner(s),2018,Equally owned,"Employment change, prior 12 months",Increased,33%,837
Gender of Owner(s),2019,Men-owned,"Employment change, prior 12 months",Increased,35%,2548
Gender of Owner(s),2019,Women-owned,"Employment change, prior 12 months",Increased,39%,1673
Gender of Owner(s),2019,Equally owned,"Employment change, prior 12 months",Increased,38%,589
Gender of Owner(s),2020,Men-owned,"Employment change, prior 12 months",Increased,12%,4731
Gender of Owner(s),2020,Women-owned,"Employment change, prior 12 months",Increased,12%,3655
Gender of Owner(s),2020,Equally owned,"Employment change, prior 12 months",Increased,13%,1006
Gender of Owner(s),2021,Men-owned,"Employment change, prior 12 months",Increased,23%,4895
Gender of Owner(s),2021,Women-owned,"Employment change, prior 12 months",Increased,25%,4475
Gender of Owner(s),2021,Equally owned,"Employment change, prior 12 months",Increased,24%,1201
Gender of Owner(s),2022,Men-owned,"Employment change, prior 12 months",Increased,29%,3415
Gender of Owner(s),2022,Women-owned,"Employment change, prior 12 months",Increased,31%,3339
Gender of Owner(s),2022,Equally owned,"Employment change, prior 12 months",Increased,25%,784
Gender of Owner(s),2023,Men-owned,"Employment change, prior 12 months",Increased,28%,2812
Gender of Owner(s),2023,Women-owned,"Employment change, prior 12 months",Increased,33%,2524
Gender of Owner(s),2023,Equally owned,"Employment change, prior 12 months",Increased,27%,659
Gender of Owner(s),2016,Men-owned,"Employment expectations, next 12 months",Will increase,45%,5002
Gender of Owner(s),2016,Women-owned,"Employment expectations, next 12 months",Will increase,47%,3508
Gender of Owner(s),2016,Equally owned,"Employment expectations, next 12 months",Will increase,39%,1255
Gender of Owner(s),2017,Men-owned,"Employment expectations, next 12 months",Will increase,48%,4269
Gender of Owner(s),2017,Women-owned,"Employment expectations, next 12 months",Will increase,52%,2483
Gender of Owner(s),2017,Equally owned,"Employment expectations, next 12 months",Will increase,45%,984
Gender of Owner(s),2018,Men-owned,"Employment expectations, next 12 months",Will increase,45%,3307
Gender of Owner(s),2018,Women-owned,"Employment expectations, next 12 months",Will increase,45%,2270
Gender of Owner(s),2018,Equally owned,"Employment expectations, next 12 months",Will increase,41%,873
Gender of Owner(s),2019,Men-owned,"Employment expectations, next 12 months",Will increase,45%,2670
Gender of Owner(s),2019,Women-owned,"Employment expectations, next 12 months",Will increase,45%,1745
Gender of Owner(s),2019,Equally owned,"Employment expectations, next 12 months",Will increase,37%,609
Gender of Owner(s),2020,Men-owned,"Employment expectations, next 12 months",Will increase,33%,4736
Gender of Owner(s),2020,Women-owned,"Employment expectations, next 12 months",Will increase,29%,3668
Gender of Owner(s),2020,Equally owned,"Employment expectations, next 12 months",Will increase,32%,1008
Gender of Owner(s),2021,Men-owned,"Employment expectations, next 12 months",Will increase,41%,4936
Gender of Owner(s),2021,Women-owned,"Employment expectations, next 12 months",Will increase,43%,4495
Gender of Owner(s),2021,Equally owned,"Employment expectations, next 12 months",Will increase,38%,1204
Gender of Owner(s),2022,Men-owned,"Employment expectations, next 12 months",Will increase,38%,3448
Gender of Owner(s),2022,Women-owned,"Employment expectations, next 12 months",Will increase,43%,3358
Gender of Owner(s),2022,Equally owned,"Employment expectations, next 12 months",Will increase,35%,793
Gender of Owner(s),2023,Men-owned,"Employment expectations, next 12 months",Will increase,39%,2834
Gender of Owner(s),2023,Women-owned,"Employment expectations, next 12 months",Will increase,44%,2539
Gender of Owner(s),2023,Equally owned,"Employment expectations, next 12 months",Will increase,32%,660
Gender of Owner(s),2016,Men-owned,"Profitability, end of prior year",Operating at a profit,58%,4953
Gender of Owner(s),2016,Women-owned,"Profitability, end of prior year",Operating at a profit,49%,3451
Gender of Owner(s),2016,Equally owned,"Profitability, end of prior year",Operating at a profit,54%,1229
Gender of Owner(s),2017,Men-owned,"Profitability, end of prior year",Operating at a profit,58%,4350
Gender of Owner(s),2017,Women-owned,"Profitability, end of prior year",Operating at a profit,55%,2492
Gender of Owner(s),2017,Equally owned,"Profitability, end of prior year",Operating at a profit,59%,988
Gender of Owner(s),2018,Men-owned,"Profitability, end of prior year",Operating at a profit,59%,3243
Gender of Owner(s),2018,Women-owned,"Profitability, end of prior year",Operating at a profit,48%,2195
Gender of Owner(s),2018,Equally owned,"Profitability, end of prior year",Operating at a profit,57%,842
Gender of Owner(s),2019,Men-owned,"Profitability, end of prior year",Operating at a profit,60%,2644
Gender of Owner(s),2019,Women-owned,"Profitability, end of prior year",Operating at a profit,49%,1702
Gender of Owner(s),2019,Equally owned,"Profitability, end of prior year",Operating at a profit,56%,596
Gender of Owner(s),2020,Men-owned,"Profitability, end of prior year",Operating at a profit,66%,4675
Gender of Owner(s),2020,Women-owned,"Profitability, end of prior year",Operating at a profit,62%,3571
Gender of Owner(s),2020,Equally owned,"Profitability, end of prior year",Operating at a profit,62%,979
Gender of Owner(s),2021,Men-owned,"Profitability, end of prior year",Operating at a profit,38%,4772
Gender of Owner(s),2021,Women-owned,"Profitability, end of prior year",Operating at a profit,28%,4286
Gender of Owner(s),2021,Equally owned,"Profitability, end of prior year",Operating at a profit,32%,1155
Gender of Owner(s),2022,Men-owned,"Profitability, end of prior year",Operating at a profit,47%,3425
Gender of Owner(s),2022,Women-owned,"Profitability, end of prior year",Operating at a profit,38%,3302
Gender of Owner(s),2022,Equally owned,"Profitability, end of prior year",Operating at a profit,45%,776
Gender of Owner(s),2023,Men-owned,"Profitability, end of prior year",Operating at a profit,51%,2794
Gender of Owner(s),2023,Women-owned,"Profitability, end of prior year",Operating at a profit,39%,2473
Gender of Owner(s),2023,Equally owned,"Profitability, end of prior year",Operating at a profit,47%,646
Gender of Owner(s),2016,Men-owned,"Revenue change, prior 12 months",Increased,51%,5002
Gender of Owner(s),2016,Women-owned,"Revenue change, prior 12 months",Increased,52%,3509
Gender of Owner(s),2016,Equally owned,"Revenue change, prior 12 months",Increased,51%,1247
Gender of Owner(s),2017,Men-owned,"Revenue change, prior 12 months",Increased,54%,4416
Gender of Owner(s),2017,Women-owned,"Revenue change, prior 12 months",Increased,53%,2553
Gender of Owner(s),2017,Equally owned,"Revenue change, prior 12 months",Increased,51%,1014
Gender of Owner(s),2018,Men-owned,"Revenue change, prior 12 months",Increased,59%,3316
Gender of Owner(s),2018,Women-owned,"Revenue change, prior 12 months",Increased,55%,2264
Gender of Owner(s),2018,Equally owned,"Revenue change, prior 12 months",Increased,54%,858
Gender of Owner(s),2019,Men-owned,"Revenue change, prior 12 months",Increased,56%,2676
Gender of Owner(s),2019,Women-owned,"Revenue change, prior 12 months",Increased,58%,1713
Gender of Owner(s),2019,Equally owned,"Revenue change, prior 12 months",Increased,54%,594
Gender of Owner(s),2020,Men-owned,"Revenue change, prior 12 months",Increased,15%,4824
Gender of Owner(s),2020,Women-owned,"Revenue change, prior 12 months",Increased,12%,3722
Gender of Owner(s),2020,Equally owned,"Revenue change, prior 12 months",Increased,14%,1015
Gender of Owner(s),2021,Men-owned,"Revenue change, prior 12 months",Increased,38%,4940
Gender of Owner(s),2021,Women-owned,"Revenue change, prior 12 months",Increased,35%,4484
Gender of Owner(s),2021,Equally owned,"Revenue change, prior 12 months",Increased,40%,1193
Gender of Owner(s),2022,Men-owned,"Revenue change, prior 12 months",Increased,45%,3466
Gender of Owner(s),2022,Women-owned,"Revenue change, prior 12 months",Increased,44%,3339
Gender of Owner(s),2022,Equally owned,"Revenue change, prior 12 months",Increased,45%,784
Gender of Owner(s),2023,Men-owned,"Revenue change, prior 12 months",Increased,44%,2785
Gender of Owner(s),2023,Women-owned,"Revenue change, prior 12 months",Increased,42%,2439
Gender of Owner(s),2023,Equally owned,"Revenue change, prior 12 months",Increased,40%,632
Gender of Owner(s),2016,Men-owned,"Revenue expectations, next 12 months",Will increase,68%,5013
Gender of Owner(s),2016,Women-owned,"Revenue expectations, next 12 months",Will increase,75%,3527
Gender of Owner(s),2016,Equally owned,"Revenue expectations, next 12 months",Will increase,66%,1255
Gender of Owner(s),2017,Men-owned,"Revenue expectations, next 12 months",Will increase,72%,4457
Gender of Owner(s),2017,Women-owned,"Revenue expectations, next 12 months",Will increase,76%,2590
Gender of Owner(s),2017,Equally owned,"Revenue expectations, next 12 months",Will increase,71%,1026
Gender of Owner(s),2018,Men-owned,"Revenue expectations, next 12 months",Will increase,72%,3331
Gender of Owner(s),2018,Women-owned,"Revenue expectations, next 12 months",Will increase,74%,2268
Gender of Owner(s),2018,Equally owned,"Revenue expectations, next 12 months",Will increase,69%,881
Gender of Owner(s),2019,Men-owned,"Revenue expectations, next 12 months",Will increase,69%,2657
Gender of Owner(s),2019,Women-owned,"Revenue expectations, next 12 months",Will increase,73%,1711
Gender of Owner(s),2019,Equally owned,"Revenue expectations, next 12 months",Will increase,65%,599
Gender of Owner(s),2020,Men-owned,"Revenue expectations, next 12 months",Will increase,42%,4838
Gender of Owner(s),2020,Women-owned,"Revenue expectations, next 12 months",Will increase,39%,3755
Gender of Owner(s),2020,Equally owned,"Revenue expectations, next 12 months",Will increase,40%,1023
Gender of Owner(s),2021,Men-owned,"Revenue expectations, next 12 months",Will increase,58%,4983
Gender of Owner(s),2021,Women-owned,"Revenue expectations, next 12 months",Will increase,60%,4508
Gender of Owner(s),2021,Equally owned,"Revenue expectations, next 12 months",Will increase,60%,1201
Gender of Owner(s),2022,Men-owned,"Revenue expectations, next 12 months",Will increase,55%,3483
Gender of Owner(s),2022,Women-owned,"Revenue expectations, next 12 months",Will increase,65%,3398
Gender of Owner(s),2022,Equally owned,"Revenue expectations, next 12 months",Will increase,52%,793
Gender of Owner(s),2023,Men-owned,"Revenue expectations, next 12 months",Will increase,56%,2817
Gender of Owner(s),2023,Women-owned,"Revenue expectations, next 12 months",Will increase,64%,2483
Gender of Owner(s),2023,Equally owned,"Revenue expectations, next 12 months",Will increase,53%,645
Gender of Owner(s),2016,Men-owned,Share that experienced a financial challenge,Experienced a financial challenge,57%,4967
Gender of Owner(s),2016,Women-owned,Share that experienced a financial challenge,Experienced a financial challenge,64%,3502
Gender of Owner(s),2016,Equally owned,Share that experienced a financial challenge,Experienced a financial challenge,58%,1241
Gender of Owner(s),2017,Men-owned,Share that experienced a financial challenge,Experienced a financial challenge,61%,4464
Gender of Owner(s),2017,Women-owned,Share that experienced a financial challenge,Experienced a financial challenge,69%,2607
Gender of Owner(s),2017,Equally owned,Share that experienced a financial challenge,Experienced a financial challenge,66%,1026
Gender of Owner(s),2018,Men-owned,Share that experienced a financial challenge,Experienced a financial challenge,62%,3321
Gender of Owner(s),2018,Women-owned,Share that experienced a financial challenge,Experienced a financial challenge,70%,2287
Gender of Owner(s),2018,Equally owned,Share that experienced a financial challenge,Experienced a financial challenge,63%,882
Gender of Owner(s),2019,Men-owned,Share that experienced a financial challenge,Experienced a financial challenge,65%,2709
Gender of Owner(s),2019,Women-owned,Share that experienced a financial challenge,Experienced a financial challenge,72%,1780
Gender of Owner(s),2019,Equally owned,Share that experienced a financial challenge,Experienced a financial challenge,64%,611
Gender of Owner(s),2020,Men-owned,Share that experienced a financial challenge,Experienced a financial challenge,78%,4839
Gender of Owner(s),2020,Women-owned,Share that experienced a financial challenge,Experienced a financial challenge,87%,3779
Gender of Owner(s),2020,Equally owned,Share that experienced a financial challenge,Experienced a financial challenge,84%,1027
Gender of Owner(s),2021,Men-owned,Share that experienced a financial challenge,Experienced a financial challenge,84%,5019
Gender of Owner(s),2021,Women-owned,Share that experienced a financial challenge,Experienced a financial challenge,88%,4611
Gender of Owner(s),2021,Equally owned,Share that experienced a financial challenge,Experienced a financial challenge,85%,1221
Gender of Owner(s),2022,Men-owned,Share that experienced a financial challenge,Experienced a financial challenge,94%,3537
Gender of Owner(s),2022,Women-owned,Share that experienced a financial challenge,Experienced a financial challenge,94%,3487
Gender of Owner(s),2022,Equally owned,Share that experienced a financial challenge,Experienced a financial challenge,94%,813
Gender of Owner(s),2023,Men-owned,Share that experienced a financial challenge,Experienced a financial challenge,91%,2864
Gender of Owner(s),2023,Women-owned,Share that experienced a financial challenge,Experienced a financial challenge,94%,2577
Gender of Owner(s),2023,Equally owned,Share that experienced a financial challenge,Experienced a financial challenge,95%,662
Gender of Owner(s),2016,Men-owned,Share with outstanding debt,Have outstanding debt,69%,4757
Gender of Owner(s),2016,Women-owned,Share with outstanding debt,Have outstanding debt,69%,3370
Gender of Owner(s),2016,Equally owned,Share with outstanding debt,Have outstanding debt,72%,1196
Gender of Owner(s),2017,Men-owned,Share with outstanding debt,Have outstanding debt,67%,4377
Gender of Owner(s),2017,Women-owned,Share with outstanding debt,Have outstanding debt,67%,2566
Gender of Owner(s),2017,Equally owned,Share with outstanding debt,Have outstanding debt,69%,1015
Gender of Owner(s),2018,Men-owned,Share with outstanding debt,Have outstanding debt,69%,3294
Gender of Owner(s),2018,Women-owned,Share with outstanding debt,Have outstanding debt,69%,2279
Gender of Owner(s),2018,Equally owned,Share with outstanding debt,Have outstanding debt,74%,878
Gender of Owner(s),2019,Men-owned,Share with outstanding debt,Have outstanding debt,71%,2698
Gender of Owner(s),2019,Women-owned,Share with outstanding debt,Have outstanding debt,69%,1752
Gender of Owner(s),2019,Equally owned,Share with outstanding debt,Have outstanding debt,73%,613
Gender of Owner(s),2020,Men-owned,Share with outstanding debt,Have outstanding debt,79%,4749
Gender of Owner(s),2020,Women-owned,Share with outstanding debt,Have outstanding debt,80%,3688
Gender of Owner(s),2020,Equally owned,Share with outstanding debt,Have outstanding debt,81%,1006
Gender of Owner(s),2021,Men-owned,Share with outstanding debt,Have outstanding debt,74%,4934
Gender of Owner(s),2021,Women-owned,Share with outstanding debt,Have outstanding debt,74%,4529
Gender of Owner(s),2021,Equally owned,Share with outstanding debt,Have outstanding debt,76%,1216
Gender of Owner(s),2022,Men-owned,Share with outstanding debt,Have outstanding debt,71%,3486
Gender of Owner(s),2022,Women-owned,Share with outstanding debt,Have outstanding debt,72%,3426
Gender of Owner(s),2022,Equally owned,Share with outstanding debt,Have outstanding debt,74%,796
Gender of Owner(s),2023,Men-owned,Share with outstanding debt,Have outstanding debt,71%,2841
Gender of Owner(s),2023,Women-owned,Share with outstanding debt,Have outstanding debt,70%,2558
Gender of Owner(s),2023,Equally owned,Share with outstanding debt,Have outstanding debt,77%,660
Industry,2016,Business support and consumer services,Actions taken in response to financial challenges,Used personal funds,73%,447
Industry,2016,Finance and insurance,Actions taken in response to financial challenges,Used personal funds,72%,55
Industry,2016,Healthcare and education,Actions taken in response to financial challenges,Used personal funds,83%,282
Industry,2016,Leisure and hospitality,Actions taken in response to financial challenges,Used personal funds,73%,299
Industry,2016,Manufacturing,Actions taken in response to financial challenges,Used personal funds,73%,527
Industry,2016,Non-manufacturing goods production & associated services,Actions taken in response to financial challenges,Used personal funds,74%,949
Industry,2016,Professional services and real estate,Actions taken in response to financial challenges,Used personal funds,73%,1017
Industry,2016,Retail,Actions taken in response to financial challenges,Used personal funds,78%,392
Industry,2017,Business support and consumer services,Actions taken in response to financial challenges,Used personal funds,68%,655
Industry,2017,Finance and insurance,Actions taken in response to financial challenges,Used personal funds,57%,125
Industry,2017,Healthcare and education,Actions taken in response to financial challenges,Used personal funds,64%,463
Industry,2017,Leisure and hospitality,Actions taken in response to financial challenges,Used personal funds,76%,394
Industry,2017,Manufacturing,Actions taken in response to financial challenges,Used personal funds,65%,791
Industry,2017,Non-manufacturing goods production & associated services,Actions taken in response to financial challenges,Used personal funds,65%,969
Industry,2017,Professional services and real estate,Actions taken in response to financial challenges,Used personal funds,66%,1088
Industry,2017,Retail,Actions taken in response to financial challenges,Used personal funds,66%,471
Industry,2018,Business support and consumer services,Actions taken in response to financial challenges,Used personal funds,66%,544
Industry,2018,Finance and insurance,Actions taken in response to financial challenges,Used personal funds,61%,68
Industry,2018,Healthcare and education,Actions taken in response to financial challenges,Used personal funds,69%,377
Industry,2018,Leisure and hospitality,Actions taken in response to financial challenges,Used personal funds,77%,385
Industry,2018,Manufacturing,Actions taken in response to financial challenges,Used personal funds,60%,603
Industry,2018,Non-manufacturing goods production & associated services,Actions taken in response to financial challenges,Used personal funds,67%,805
Industry,2018,Professional services and real estate,Actions taken in response to financial challenges,Used personal funds,62%,817
Industry,2018,Retail,Actions taken in response to financial challenges,Used personal funds,68%,468
Industry,2020,Business support and consumer services,Actions taken in response to financial challenges,Used personal funds,63%,1234
Industry,2020,Finance and insurance,Actions taken in response to financial challenges,Used personal funds,56%,107
Industry,2020,Healthcare and education,Actions taken in response to financial challenges,Used personal funds,62%,924
Industry,2020,Leisure and hospitality,Actions taken in response to financial challenges,Used personal funds,69%,1291
Industry,2020,Manufacturing,Actions taken in response to financial challenges,Used personal funds,56%,762
Industry,2020,Non-manufacturing goods production & associated services,Actions taken in response to financial challenges,Used personal funds,63%,1287
Industry,2020,Professional services and real estate,Actions taken in response to financial challenges,Used personal funds,63%,1435
Industry,2020,Retail,Actions taken in response to financial challenges,Used personal funds,58%,857
Industry,2021,Business support and consumer services,Actions taken in response to financial challenges,Used personal funds,63%,1459
Industry,2021,Finance and insurance,Actions taken in response to financial challenges,Used personal funds,65%,126
Industry,2021,Healthcare and education,Actions taken in response to financial challenges,Used personal funds,58%,1350
Industry,2021,Leisure and hospitality,Actions taken in response to financial challenges,Used personal funds,70%,1648
Industry,2021,Manufacturing,Actions taken in response to financial challenges,Used personal funds,52%,940
Industry,2021,Non-manufacturing goods production & associated services,Actions taken in response to financial challenges,Used personal funds,59%,1436
Industry,2021,Professional services and real estate,Actions taken in response to financial challenges,Used personal funds,57%,1552
Industry,2021,Retail,Actions taken in response to financial challenges,Used personal funds,61%,1026
Industry,2022,Business support and consumer services,Actions taken in response to financial challenges,Used personal funds,52%,1026
Industry,2022,Finance and insurance,Actions taken in response to financial challenges,Used personal funds,47%,98
Industry,2022,Healthcare and education,Actions taken in response to financial challenges,Used personal funds,57%,1080
Industry,2022,Leisure and hospitality,Actions taken in response to financial challenges,Used personal funds,61%,1185
Industry,2022,Manufacturing,Actions taken in response to financial challenges,Used personal funds,46%,853
Industry,2022,Non-manufacturing goods production & associated services,Actions taken in response to financial challenges,Used personal funds,54%,1186
Industry,2022,Professional services and real estate,Actions taken in response to financial challenges,Used personal funds,48%,1215
Industry,2022,Retail,Actions taken in response to financial challenges,Used personal funds,54%,850
Industry,2023,Business support and consumer services,Actions taken in response to financial challenges,Used personal funds,52%,775
Industry,2023,Finance and insurance,Actions taken in response to financial challenges,Used personal funds,48%,82
Industry,2023,Healthcare and education,Actions taken in response to financial challenges,Used personal funds,58%,692
Industry,2023,Leisure and hospitality,Actions taken in response to financial challenges,Used personal funds,59%,806
Industry,2023,Manufacturing,Actions taken in response to financial challenges,Used personal funds,51%,718
Industry,2023,Non-manufacturing goods production & associated services,Actions taken in response to financial challenges,Used personal funds,52%,991
Industry,2023,Professional services and real estate,Actions taken in response to financial challenges,Used personal funds,47%,1036
Industry,2023,Retail,Actions taken in response to financial challenges,Used personal funds,59%,677
Industry,2016,Business support and consumer services,Applications for financing,"Applied for a loan, line of credit, or merchant cash advance",38%,1112
Industry,2016,Finance and insurance,Applications for financing,"Applied for a loan, line of credit, or merchant cash advance",26%,225
Industry,2016,Healthcare and education,Applications for financing,"Applied for a loan, line of credit, or merchant cash advance",41%,599
Industry,2016,Leisure and hospitality,Applications for financing,"Applied for a loan, line of credit, or merchant cash advance",36%,638
Industry,2016,Manufacturing,Applications for financing,"Applied for a loan, line of credit, or merchant cash advance",44%,1275
Industry,2016,Non-manufacturing goods production & associated services,Applications for financing,"Applied for a loan, line of credit, or merchant cash advance",45%,2258
Industry,2016,Professional services and real estate,Applications for financing,"Applied for a loan, line of credit, or merchant cash advance",34%,2815
Industry,2016,Retail,Applications for financing,"Applied for a loan, line of credit, or merchant cash advance",33%,946
Industry,2017,Business support and consumer services,Applications for financing,"Applied for a loan, line of credit, or merchant cash advance",35%,1014
Industry,2017,Finance and insurance,Applications for financing,"Applied for a loan, line of credit, or merchant cash advance",20%,304
Industry,2017,Healthcare and education,Applications for financing,"Applied for a loan, line of credit, or merchant cash advance",33%,683
Industry,2017,Leisure and hospitality,Applications for financing,"Applied for a loan, line of credit, or merchant cash advance",33%,556
Industry,2017,Manufacturing,Applications for financing,"Applied for a loan, line of credit, or merchant cash advance",34%,1342
Industry,2017,Non-manufacturing goods production & associated services,Applications for financing,"Applied for a loan, line of credit, or merchant cash advance",43%,1619
Industry,2017,Professional services and real estate,Applications for financing,"Applied for a loan, line of credit, or merchant cash advance",28%,1904
Industry,2017,Retail,Applications for financing,"Applied for a loan, line of credit, or merchant cash advance",35%,747
Industry,2018,Business support and consumer services,Applications for financing,"Applied for a loan, line of credit, or merchant cash advance",36%,886
Industry,2018,Finance and insurance,Applications for financing,"Applied for a loan, line of credit, or merchant cash advance",19%,146
Industry,2018,Healthcare and education,Applications for financing,"Applied for a loan, line of credit, or merchant cash advance",33%,577
Industry,2018,Leisure and hospitality,Applications for financing,"Applied for a loan, line of credit, or merchant cash advance",36%,550
Industry,2018,Manufacturing,Applications for financing,"Applied for a loan, line of credit, or merchant cash advance",40%,1018
Industry,2018,Non-manufacturing goods production & associated services,Applications for financing,"Applied for a loan, line of credit, or merchant cash advance",43%,1304
Industry,2018,Professional services and real estate,Applications for financing,"Applied for a loan, line of credit, or merchant cash advance",33%,1397
Industry,2018,Retail,Applications for financing,"Applied for a loan, line of credit, or merchant cash advance",37%,736
Industry,2019,Business support and consumer services,Applications for financing,"Applied for a loan, line of credit, or merchant cash advance",39%,709
Industry,2019,Finance and insurance,Applications for financing,"Applied for a loan, line of credit, or merchant cash advance",25%,129
Industry,2019,Healthcare and education,Applications for financing,"Applied for a loan, line of credit, or merchant cash advance",36%,456
Industry,2019,Leisure and hospitality,Applications for financing,"Applied for a loan, line of credit, or merchant cash advance",40%,472
Industry,2019,Manufacturing,Applications for financing,"Applied for a loan, line of credit, or merchant cash advance",40%,675
Industry,2019,Non-manufacturing goods production & associated services,Applications for financing,"Applied for a loan, line of credit, or merchant cash advance",47%,1000
Industry,2019,Professional services and real estate,Applications for financing,"Applied for a loan, line of credit, or merchant cash advance",33%,1141
Industry,2019,Retail,Applications for financing,"Applied for a loan, line of credit, or merchant cash advance",31%,572
Industry,2020,Business support and consumer services,Applications for financing,"Applied for a loan, line of credit, or merchant cash advance",24%,1404
Industry,2020,Finance and insurance,Applications for financing,"Applied for a loan, line of credit, or merchant cash advance",24%,156
Industry,2020,Healthcare and education,Applications for financing,"Applied for a loan, line of credit, or merchant cash advance",29%,1016
Industry,2020,Leisure and hospitality,Applications for financing,"Applied for a loan, line of credit, or merchant cash advance",25%,1360
Industry,2020,Manufacturing,Applications for financing,"Applied for a loan, line of credit, or merchant cash advance",32%,1007
Industry,2020,Non-manufacturing goods production & associated services,Applications for financing,"Applied for a loan, line of credit, or merchant cash advance",38%,1566
Industry,2020,Professional services and real estate,Applications for financing,"Applied for a loan, line of credit, or merchant cash advance",27%,1892
Industry,2020,Retail,Applications for financing,"Applied for a loan, line of credit, or merchant cash advance",26%,1006
Industry,2021,Business support and consumer services,Applications for financing,"Applied for a loan, line of credit, or merchant cash advance",23%,1569
Industry,2021,Finance and insurance,Applications for financing,"Applied for a loan, line of credit, or merchant cash advance",14%,164
Industry,2021,Healthcare and education,Applications for financing,"Applied for a loan, line of credit, or merchant cash advance",21%,1405
Industry,2021,Leisure and hospitality,Applications for financing,"Applied for a loan, line of credit, or merchant cash advance",23%,1717
Industry,2021,Manufacturing,Applications for financing,"Applied for a loan, line of credit, or merchant cash advance",31%,1091
Industry,2021,Non-manufacturing goods production & associated services,Applications for financing,"Applied for a loan, line of credit, or merchant cash advance",36%,1633
Industry,2021,Professional services and real estate,Applications for financing,"Applied for a loan, line of credit, or merchant cash advance",24%,1804
Industry,2021,Retail,Applications for financing,"Applied for a loan, line of credit, or merchant cash advance",24%,1197
Industry,2022,Business support and consumer services,Applications for financing,"Applied for a loan, line of credit, or merchant cash advance",37%,1073
Industry,2022,Finance and insurance,Applications for financing,"Applied for a loan, line of credit, or merchant cash advance",30%,122
Industry,2022,Healthcare and education,Applications for financing,"Applied for a loan, line of credit, or merchant cash advance",42%,1124
Industry,2022,Leisure and hospitality,Applications for financing,"Applied for a loan, line of credit, or merchant cash advance",39%,1200
Industry,2022,Manufacturing,Applications for financing,"Applied for a loan, line of credit, or merchant cash advance",48%,891
Industry,2022,Non-manufacturing goods production & associated services,Applications for financing,"Applied for a loan, line of credit, or merchant cash advance",49%,1245
Industry,2022,Professional services and real estate,Applications for financing,"Applied for a loan, line of credit, or merchant cash advance",36%,1327
Industry,2022,Retail,Applications for financing,"Applied for a loan, line of credit, or merchant cash advance",41%,882
Industry,2023,Business support and consumer services,Applications for financing,"Applied for a loan, line of credit, or merchant cash advance",38%,829
Industry,2023,Finance and insurance,Applications for financing,"Applied for a loan, line of credit, or merchant cash advance",29%,100
Industry,2023,Healthcare and education,Applications for financing,"Applied for a loan, line of credit, or merchant cash advance",33%,733
Industry,2023,Leisure and hospitality,Applications for financing,"Applied for a loan, line of credit, or merchant cash advance",39%,832
Industry,2023,Manufacturing,Applications for financing,"Applied for a loan, line of credit, or merchant cash advance",32%,755
Industry,2023,Non-manufacturing goods production & associated services,Applications for financing,"Applied for a loan, line of credit, or merchant cash advance",43%,1054
Industry,2023,Professional services and real estate,Applications for financing,"Applied for a loan, line of credit, or merchant cash advance",33%,1134
Industry,2023,Retail,Applications for financing,"Applied for a loan, line of credit, or merchant cash advance",39%,694
Industry,2016,Business support and consumer services,Best outcome on loan/LOC/merchant cash advance application(s),All (100%),51%,398
Industry,2016,Finance and insurance,Best outcome on loan/LOC/merchant cash advance application(s),All (100%),61%,52
Industry,2016,Healthcare and education,Best outcome on loan/LOC/merchant cash advance application(s),All (100%),50%,221
Industry,2016,Leisure and hospitality,Best outcome on loan/LOC/merchant cash advance application(s),All (100%),50%,233
Industry,2016,Manufacturing,Best outcome on loan/LOC/merchant cash advance application(s),All (100%),57%,518
Industry,2016,Non-manufacturing goods production & associated services,Best outcome on loan/LOC/merchant cash advance application(s),All (100%),56%,985
Industry,2016,Professional services and real estate,Best outcome on loan/LOC/merchant cash advance application(s),All (100%),52%,957
Industry,2016,Retail,Best outcome on loan/LOC/merchant cash advance application(s),All (100%),60%,297
Industry,2017,Business support and consumer services,Best outcome on loan/LOC/merchant cash advance application(s),All (100%),54%,331
Industry,2017,Finance and insurance,Best outcome on loan/LOC/merchant cash advance application(s),All (100%),61%,57
Industry,2017,Healthcare and education,Best outcome on loan/LOC/merchant cash advance application(s),All (100%),54%,227
Industry,2017,Leisure and hospitality,Best outcome on loan/LOC/merchant cash advance application(s),All (100%),45%,191
Industry,2017,Manufacturing,Best outcome on loan/LOC/merchant cash advance application(s),All (100%),65%,449
Industry,2017,Non-manufacturing goods production & associated services,Best outcome on loan/LOC/merchant cash advance application(s),All (100%),60%,656
Industry,2017,Professional services and real estate,Best outcome on loan/LOC/merchant cash advance application(s),All (100%),57%,543
Industry,2017,Retail,Best outcome on loan/LOC/merchant cash advance application(s),All (100%),63%,241
Industry,2018,Business support and consumer services,Best outcome on loan/LOC/merchant cash advance application(s),All (100%),50%,305
Industry,2018,Healthcare and education,Best outcome on loan/LOC/merchant cash advance application(s),All (100%),57%,179
Industry,2018,Leisure and hospitality,Best outcome on loan/LOC/merchant cash advance application(s),All (100%),48%,175
Industry,2018,Manufacturing,Best outcome on loan/LOC/merchant cash advance application(s),All (100%),66%,371
Industry,2018,Non-manufacturing goods production & associated services,Best outcome on loan/LOC/merchant cash advance application(s),All (100%),56%,529
Industry,2018,Professional services and real estate,Best outcome on loan/LOC/merchant cash advance application(s),All (100%),58%,446
Industry,2018,Retail,Best outcome on loan/LOC/merchant cash advance application(s),All (100%),66%,263
Industry,2019,Business support and consumer services,Best outcome on loan/LOC/merchant cash advance application(s),All (100%),62%,256
Industry,2019,Healthcare and education,Best outcome on loan/LOC/merchant cash advance application(s),All (100%),65%,159
Industry,2019,Leisure and hospitality,Best outcome on loan/LOC/merchant cash advance application(s),All (100%),64%,176
Industry,2019,Manufacturing,Best outcome on loan/LOC/merchant cash advance application(s),All (100%),64%,254
Industry,2019,Non-manufacturing goods production & associated services,Best outcome on loan/LOC/merchant cash advance application(s),All (100%),61%,423
Industry,2019,Professional services and real estate,Best outcome on loan/LOC/merchant cash advance application(s),All (100%),59%,364
Industry,2019,Retail,Best outcome on loan/LOC/merchant cash advance application(s),All (100%),65%,173
Industry,2020,Business support and consumer services,Best outcome on loan/LOC/merchant cash advance application(s),All (100%),50%,310
Industry,2020,Healthcare and education,Best outcome on loan/LOC/merchant cash advance application(s),All (100%),47%,253
Industry,2020,Leisure and hospitality,Best outcome on loan/LOC/merchant cash advance application(s),All (100%),45%,322
Industry,2020,Manufacturing,Best outcome on loan/LOC/merchant cash advance application(s),All (100%),62%,296
Industry,2020,Non-manufacturing goods production & associated services,Best outcome on loan/LOC/merchant cash advance application(s),All (100%),51%,505
Industry,2020,Professional services and real estate,Best outcome on loan/LOC/merchant cash advance application(s),All (100%),56%,469
Industry,2020,Retail,Best outcome on loan/LOC/merchant cash advance application(s),All (100%),50%,248
Industry,2021,Business support and consumer services,Best outcome on loan/LOC/merchant cash advance application(s),All (100%),51%,332
Industry,2021,Healthcare and education,Best outcome on loan/LOC/merchant cash advance application(s),All (100%),39%,263
Industry,2021,Leisure and hospitality,Best outcome on loan/LOC/merchant cash advance application(s),All (100%),38%,341
Industry,2021,Manufacturing,Best outcome on loan/LOC/merchant cash advance application(s),All (100%),66%,295
Industry,2021,Non-manufacturing goods production & associated services,Best outcome on loan/LOC/merchant cash advance application(s),All (100%),48%,513
Industry,2021,Professional services and real estate,Best outcome on loan/LOC/merchant cash advance application(s),All (100%),47%,401
Industry,2021,Retail,Best outcome on loan/LOC/merchant cash advance application(s),All (100%),45%,254
Industry,2022,Business support and consumer services,Best outcome on loan/LOC/merchant cash advance application(s),All (100%),50%,372
Industry,2022,Healthcare and education,Best outcome on loan/LOC/merchant cash advance application(s),All (100%),46%,396
Industry,2022,Leisure and hospitality,Best outcome on loan/LOC/merchant cash advance application(s),All (100%),36%,414
Industry,2022,Manufacturing,Best outcome on loan/LOC/merchant cash advance application(s),All (100%),67%,386
Industry,2022,Non-manufacturing goods production & associated services,Best outcome on loan/LOC/merchant cash advance application(s),All (100%),57%,578
Industry,2022,Professional services and real estate,Best outcome on loan/LOC/merchant cash advance application(s),All (100%),54%,521
Industry,2022,Retail,Best outcome on loan/LOC/merchant cash advance application(s),All (100%),57%,325
Industry,2023,Business support and consumer services,Best outcome on loan/LOC/merchant cash advance application(s),All (100%),51%,285
Industry,2023,Healthcare and education,Best outcome on loan/LOC/merchant cash advance application(s),All (100%),44%,237
Industry,2023,Leisure and hospitality,Best outcome on loan/LOC/merchant cash advance application(s),All (100%),43%,290
Industry,2023,Manufacturing,Best outcome on loan/LOC/merchant cash advance application(s),All (100%),63%,268
Industry,2023,Non-manufacturing goods production & associated services,Best outcome on loan/LOC/merchant cash advance application(s),All (100%),52%,439
Industry,2023,Professional services and real estate,Best outcome on loan/LOC/merchant cash advance application(s),All (100%),49%,367
Industry,2023,Retail,Best outcome on loan/LOC/merchant cash advance application(s),All (100%),52%,256
Industry,2020,Business support and consumer services,Current financial condition,Poor or fair,64%,1459
Industry,2020,Finance and insurance,Current financial condition,Poor or fair,37%,160
Industry,2020,Healthcare and education,Current financial condition,Poor or fair,64%,1047
Industry,2020,Leisure and hospitality,Current financial condition,Poor or fair,81%,1394
Industry,2020,Manufacturing,Current financial condition,Poor or fair,51%,1021
Industry,2020,Non-manufacturing goods production & associated services,Current financial condition,Poor or fair,54%,1607
Industry,2020,Professional services and real estate,Current financial condition,Poor or fair,51%,1936
Industry,2020,Retail,Current financial condition,Poor or fair,54%,1040
Industry,2021,Business support and consumer services,Current financial condition,Poor or fair,64%,1647
Industry,2021,Finance and insurance,Current financial condition,Poor or fair,47%,168
Industry,2021,Healthcare and education,Current financial condition,Poor or fair,64%,1464
Industry,2021,Leisure and hospitality,Current financial condition,Poor or fair,75%,1768
Industry,2021,Manufacturing,Current financial condition,Poor or fair,51%,1110
Industry,2021,Non-manufacturing goods production & associated services,Current financial condition,Poor or fair,56%,1693
Industry,2021,Professional services and real estate,Current financial condition,Poor or fair,52%,1841
Industry,2021,Retail,Current financial condition,Poor or fair,57%,1216
Industry,2022,Business support and consumer services,Current financial condition,Poor or fair,61%,1073
Industry,2022,Finance and insurance,Current financial condition,Poor or fair,40%,122
Industry,2022,Healthcare and education,Current financial condition,Poor or fair,67%,1124
Industry,2022,Leisure and hospitality,Current financial condition,Poor or fair,70%,1200
Industry,2022,Manufacturing,Current financial condition,Poor or fair,49%,891
Industry,2022,Non-manufacturing goods production & associated services,Current financial condition,Poor or fair,55%,1245
Industry,2022,Professional services and real estate,Current financial condition,Poor or fair,46%,1327
Industry,2022,Retail,Current financial condition,Poor or fair,62%,882
Industry,2023,Business support and consumer services,Current financial condition,Poor or fair,58%,829
Industry,2023,Finance and insurance,Current financial condition,Poor or fair,31%,100
Industry,2023,Healthcare and education,Current financial condition,Poor or fair,58%,733
Industry,2023,Leisure and hospitality,Current financial condition,Poor or fair,65%,832
Industry,2023,Manufacturing,Current financial condition,Poor or fair,53%,755
Industry,2023,Non-manufacturing goods production & associated services,Current financial condition,Poor or fair,54%,1054
Industry,2023,Professional services and real estate,Current financial condition,Poor or fair,50%,1133
Industry,2023,Retail,Current financial condition,Poor or fair,63%,694
Industry,2016,Business support and consumer services,"Employment change, prior 12 months",Increased,36%,1088
Industry,2016,Finance and insurance,"Employment change, prior 12 months",Increased,30%,222
Industry,2016,Healthcare and education,"Employment change, prior 12 months",Increased,40%,590
Industry,2016,Leisure and hospitality,"Employment change, prior 12 months",Increased,35%,623
Industry,2016,Manufacturing,"Employment change, prior 12 months",Increased,38%,1261
Industry,2016,Non-manufacturing goods production & associated services,"Employment change, prior 12 months",Increased,33%,2222
Industry,2016,Professional services and real estate,"Employment change, prior 12 months",Increased,38%,2771
Industry,2016,Retail,"Employment change, prior 12 months",Increased,29%,929
Industry,2017,Business support and consumer services,"Employment change, prior 12 months",Increased,35%,947
Industry,2017,Finance and insurance,"Employment change, prior 12 months",Increased,28%,280
Industry,2017,Healthcare and education,"Employment change, prior 12 months",Increased,44%,648
Industry,2017,Leisure and hospitality,"Employment change, prior 12 months",Increased,32%,530
Industry,2017,Manufacturing,"Employment change, prior 12 months",Increased,39%,1279
Industry,2017,Non-manufacturing goods production & associated services,"Employment change, prior 12 months",Increased,35%,1500
Industry,2017,Professional services and real estate,"Employment change, prior 12 months",Increased,37%,1794
Industry,2017,Retail,"Employment change, prior 12 months",Increased,29%,706
Industry,2018,Business support and consumer services,"Employment change, prior 12 months",Increased,41%,834
Industry,2018,Finance and insurance,"Employment change, prior 12 months",Increased,27%,135
Industry,2018,Healthcare and education,"Employment change, prior 12 months",Increased,42%,541
Industry,2018,Leisure and hospitality,"Employment change, prior 12 months",Increased,35%,515
Industry,2018,Manufacturing,"Employment change, prior 12 months",Increased,41%,957
Industry,2018,Non-manufacturing goods production & associated services,"Employment change, prior 12 months",Increased,38%,1197
Industry,2018,Professional services and real estate,"Employment change, prior 12 months",Increased,37%,1309
Industry,2018,Retail,"Employment change, prior 12 months",Increased,31%,688
Industry,2019,Business support and consumer services,"Employment change, prior 12 months",Increased,39%,648
Industry,2019,Finance and insurance,"Employment change, prior 12 months",Increased,32%,124
Industry,2019,Healthcare and education,"Employment change, prior 12 months",Increased,46%,434
Industry,2019,Leisure and hospitality,"Employment change, prior 12 months",Increased,34%,450
Industry,2019,Manufacturing,"Employment change, prior 12 months",Increased,37%,634
Industry,2019,Non-manufacturing goods production & associated services,"Employment change, prior 12 months",Increased,36%,921
Industry,2019,Professional services and real estate,"Employment change, prior 12 months",Increased,35%,1064
Industry,2019,Retail,"Employment change, prior 12 months",Increased,28%,535
Industry,2020,Business support and consumer services,"Employment change, prior 12 months",Increased,12%,1415
Industry,2020,Finance and insurance,"Employment change, prior 12 months",Increased,11%,156
Industry,2020,Healthcare and education,"Employment change, prior 12 months",Increased,13%,1020
Industry,2020,Leisure and hospitality,"Employment change, prior 12 months",Increased,6%,1369
Industry,2020,Manufacturing,"Employment change, prior 12 months",Increased,14%,998
Industry,2020,Non-manufacturing goods production & associated services,"Employment change, prior 12 months",Increased,13%,1550
Industry,2020,Professional services and real estate,"Employment change, prior 12 months",Increased,15%,1879
Industry,2020,Retail,"Employment change, prior 12 months",Increased,10%,1005
Industry,2021,Business support and consumer services,"Employment change, prior 12 months",Increased,21%,1576
Industry,2021,Finance and insurance,"Employment change, prior 12 months",Increased,17%,162
Industry,2021,Healthcare and education,"Employment change, prior 12 months",Increased,23%,1419
Industry,2021,Leisure and hospitality,"Employment change, prior 12 months",Increased,25%,1718
Industry,2021,Manufacturing,"Employment change, prior 12 months",Increased,33%,1091
Industry,2021,Non-manufacturing goods production & associated services,"Employment change, prior 12 months",Increased,25%,1635
Industry,2021,Professional services and real estate,"Employment change, prior 12 months",Increased,27%,1790
Industry,2021,Retail,"Employment change, prior 12 months",Increased,22%,1180
Industry,2022,Business support and consumer services,"Employment change, prior 12 months",Increased,31%,1017
Industry,2022,Finance and insurance,"Employment change, prior 12 months",Increased,19%,113
Industry,2022,Healthcare and education,"Employment change, prior 12 months",Increased,27%,1085
Industry,2022,Leisure and hospitality,"Employment change, prior 12 months",Increased,28%,1160
Industry,2022,Manufacturing,"Employment change, prior 12 months",Increased,38%,863
Industry,2022,Non-manufacturing goods production & associated services,"Employment change, prior 12 months",Increased,31%,1177
Industry,2022,Professional services and real estate,"Employment change, prior 12 months",Increased,32%,1279
Industry,2022,Retail,"Employment change, prior 12 months",Increased,24%,844
Industry,2023,Business support and consumer services,"Employment change, prior 12 months",Increased,28%,802
Industry,2023,Finance and insurance,"Employment change, prior 12 months",Increased,27%,99
Industry,2023,Healthcare and education,"Employment change, prior 12 months",Increased,41%,714
Industry,2023,Leisure and hospitality,"Employment change, prior 12 months",Increased,28%,817
Industry,2023,Manufacturing,"Employment change, prior 12 months",Increased,26%,742
Industry,2023,Non-manufacturing goods production & associated services,"Employment change, prior 12 months",Increased,29%,1020
Industry,2023,Professional services and real estate,"Employment change, prior 12 months",Increased,31%,1116
Industry,2023,Retail,"Employment change, prior 12 months",Increased,18%,685
Industry,2016,Business support and consumer services,"Employment expectations, next 12 months",Will increase,45%,1098
Industry,2016,Finance and insurance,"Employment expectations, next 12 months",Will increase,30%,223
Industry,2016,Healthcare and education,"Employment expectations, next 12 months",Will increase,51%,590
Industry,2016,Leisure and hospitality,"Employment expectations, next 12 months",Will increase,38%,627
Industry,2016,Manufacturing,"Employment expectations, next 12 months",Will increase,53%,1267
Industry,2016,Non-manufacturing goods production & associated services,"Employment expectations, next 12 months",Will increase,47%,2238
Industry,2016,Professional services and real estate,"Employment expectations, next 12 months",Will increase,51%,2787
Industry,2016,Retail,"Employment expectations, next 12 months",Will increase,34%,935
Industry,2017,Business support and consumer services,"Employment expectations, next 12 months",Will increase,50%,957
Industry,2017,Finance and insurance,"Employment expectations, next 12 months",Will increase,41%,281
Industry,2017,Healthcare and education,"Employment expectations, next 12 months",Will increase,56%,649
Industry,2017,Leisure and hospitality,"Employment expectations, next 12 months",Will increase,42%,531
Industry,2017,Manufacturing,"Employment expectations, next 12 months",Will increase,56%,1293
Industry,2017,Non-manufacturing goods production & associated services,"Employment expectations, next 12 months",Will increase,50%,1511
Industry,2017,Professional services and real estate,"Employment expectations, next 12 months",Will increase,53%,1805
Industry,2017,Retail,"Employment expectations, next 12 months",Will increase,36%,709
Industry,2018,Business support and consumer services,"Employment expectations, next 12 months",Will increase,52%,857
Industry,2018,Finance and insurance,"Employment expectations, next 12 months",Will increase,32%,144
Industry,2018,Healthcare and education,"Employment expectations, next 12 months",Will increase,48%,566
Industry,2018,Leisure and hospitality,"Employment expectations, next 12 months",Will increase,42%,533
Industry,2018,Manufacturing,"Employment expectations, next 12 months",Will increase,48%,1006
Industry,2018,Non-manufacturing goods production & associated services,"Employment expectations, next 12 months",Will increase,45%,1258
Industry,2018,Professional services and real estate,"Employment expectations, next 12 months",Will increase,48%,1369
Industry,2018,Retail,"Employment expectations, next 12 months",Will increase,33%,717
Industry,2019,Business support and consumer services,"Employment expectations, next 12 months",Will increase,46%,688
Industry,2019,Finance and insurance,"Employment expectations, next 12 months",Will increase,45%,127
Industry,2019,Healthcare and education,"Employment expectations, next 12 months",Will increase,48%,439
Industry,2019,Leisure and hospitality,"Employment expectations, next 12 months",Will increase,42%,463
Industry,2019,Manufacturing,"Employment expectations, next 12 months",Will increase,51%,662
Industry,2019,Non-manufacturing goods production & associated services,"Employment expectations, next 12 months",Will increase,46%,963
Industry,2019,Professional services and real estate,"Employment expectations, next 12 months",Will increase,48%,1122
Industry,2019,Retail,"Employment expectations, next 12 months",Will increase,30%,560
Industry,2020,Business support and consumer services,"Employment expectations, next 12 months",Will increase,32%,1412
Industry,2020,Finance and insurance,"Employment expectations, next 12 months",Will increase,27%,157
Industry,2020,Healthcare and education,"Employment expectations, next 12 months",Will increase,36%,1025
Industry,2020,Leisure and hospitality,"Employment expectations, next 12 months",Will increase,32%,1365
Industry,2020,Manufacturing,"Employment expectations, next 12 months",Will increase,40%,1001
Industry,2020,Non-manufacturing goods production & associated services,"Employment expectations, next 12 months",Will increase,32%,1553
Industry,2020,Professional services and real estate,"Employment expectations, next 12 months",Will increase,32%,1889
Industry,2020,Retail,"Employment expectations, next 12 months",Will increase,26%,1010
Industry,2021,Business support and consumer services,"Employment expectations, next 12 months",Will increase,43%,1582
Industry,2021,Finance and insurance,"Employment expectations, next 12 months",Will increase,30%,163
Industry,2021,Healthcare and education,"Employment expectations, next 12 months",Will increase,40%,1422
Industry,2021,Leisure and hospitality,"Employment expectations, next 12 months",Will increase,43%,1738
Industry,2021,Manufacturing,"Employment expectations, next 12 months",Will increase,50%,1096
Industry,2021,Non-manufacturing goods production & associated services,"Employment expectations, next 12 months",Will increase,41%,1643
Industry,2021,Professional services and real estate,"Employment expectations, next 12 months",Will increase,45%,1804
Industry,2021,Retail,"Employment expectations, next 12 months",Will increase,34%,1187
Industry,2022,Business support and consumer services,"Employment expectations, next 12 months",Will increase,39%,1026
Industry,2022,Finance and insurance,"Employment expectations, next 12 months",Will increase,32%,115
Industry,2022,Healthcare and education,"Employment expectations, next 12 months",Will increase,43%,1089
Industry,2022,Leisure and hospitality,"Employment expectations, next 12 months",Will increase,37%,1172
Industry,2022,Manufacturing,"Employment expectations, next 12 months",Will increase,46%,877
Industry,2022,Non-manufacturing goods production & associated services,"Employment expectations, next 12 months",Will increase,46%,1180
Industry,2022,Professional services and real estate,"Employment expectations, next 12 months",Will increase,39%,1286
Industry,2022,Retail,"Employment expectations, next 12 months",Will increase,28%,854
Industry,2023,Business support and consumer services,"Employment expectations, next 12 months",Will increase,39%,809
Industry,2023,Finance and insurance,"Employment expectations, next 12 months",Will increase,44%,99
Industry,2023,Healthcare and education,"Employment expectations, next 12 months",Will increase,46%,721
Industry,2023,Leisure and hospitality,"Employment expectations, next 12 months",Will increase,37%,822
Industry,2023,Manufacturing,"Employment expectations, next 12 months",Will increase,39%,745
Industry,2023,Non-manufacturing goods production & associated services,"Employment expectations, next 12 months",Will increase,37%,1030
Industry,2023,Professional services and real estate,"Employment expectations, next 12 months",Will increase,45%,1122
Industry,2023,Retail,"Employment expectations, next 12 months",Will increase,25%,685
Industry,2016,Business support and consumer services,"Profitability, end of prior year",Operating at a profit,54%,1068
Industry,2016,Finance and insurance,"Profitability, end of prior year",Operating at a profit,74%,223
Industry,2016,Healthcare and education,"Profitability, end of prior year",Operating at a profit,47%,575
Industry,2016,Leisure and hospitality,"Profitability, end of prior year",Operating at a profit,47%,605
Industry,2016,Manufacturing,"Profitability, end of prior year",Operating at a profit,49%,1260
Industry,2016,Non-manufacturing goods production & associated services,"Profitability, end of prior year",Operating at a profit,57%,2221
Industry,2016,Professional services and real estate,"Profitability, end of prior year",Operating at a profit,62%,2758
Industry,2016,Retail,"Profitability, end of prior year",Operating at a profit,52%,923
Industry,2017,Business support and consumer services,"Profitability, end of prior year",Operating at a profit,55%,960
Industry,2017,Finance and insurance,"Profitability, end of prior year",Operating at a profit,72%,291
Industry,2017,Healthcare and education,"Profitability, end of prior year",Operating at a profit,59%,638
Industry,2017,Leisure and hospitality,"Profitability, end of prior year",Operating at a profit,42%,502
Industry,2017,Manufacturing,"Profitability, end of prior year",Operating at a profit,53%,1311
Industry,2017,Non-manufacturing goods production & associated services,"Profitability, end of prior year",Operating at a profit,61%,1562
Industry,2017,Professional services and real estate,"Profitability, end of prior year",Operating at a profit,62%,1859
Industry,2017,Retail,"Profitability, end of prior year",Operating at a profit,51%,707
Industry,2018,Business support and consumer services,"Profitability, end of prior year",Operating at a profit,54%,826
Industry,2018,Finance and insurance,"Profitability, end of prior year",Operating at a profit,74%,142
Industry,2018,Healthcare and education,"Profitability, end of prior year",Operating at a profit,54%,540
Industry,2018,Leisure and hospitality,"Profitability, end of prior year",Operating at a profit,43%,513
Industry,2018,Manufacturing,"Profitability, end of prior year",Operating at a profit,59%,990
Industry,2018,Non-manufacturing goods production & associated services,"Profitability, end of prior year",Operating at a profit,60%,1240
Industry,2018,Professional services and real estate,"Profitability, end of prior year",Operating at a profit,61%,1340
Industry,2018,Retail,"Profitability, end of prior year",Operating at a profit,53%,689
Industry,2019,Business support and consumer services,"Profitability, end of prior year",Operating at a profit,53%,669
Industry,2019,Finance and insurance,"Profitability, end of prior year",Operating at a profit,68%,121
Industry,2019,Healthcare and education,"Profitability, end of prior year",Operating at a profit,62%,437
Industry,2019,Leisure and hospitality,"Profitability, end of prior year",Operating at a profit,48%,452
Industry,2019,Manufacturing,"Profitability, end of prior year",Operating at a profit,54%,659
Industry,2019,Non-manufacturing goods production & associated services,"Profitability, end of prior year",Operating at a profit,58%,950
Industry,2019,Professional services and real estate,"Profitability, end of prior year",Operating at a profit,64%,1110
Industry,2019,Retail,"Profitability, end of prior year",Operating at a profit,52%,544
Industry,2020,Business support and consumer services,"Profitability, end of prior year",Operating at a profit,61%,1376
Industry,2020,Finance and insurance,"Profitability, end of prior year",Operating at a profit,73%,158
Industry,2020,Healthcare and education,"Profitability, end of prior year",Operating at a profit,65%,974
Industry,2020,Leisure and hospitality,"Profitability, end of prior year",Operating at a profit,61%,1321
Industry,2020,Manufacturing,"Profitability, end of prior year",Operating at a profit,64%,991
Industry,2020,Non-manufacturing goods production & associated services,"Profitability, end of prior year",Operating at a profit,66%,1537
Industry,2020,Professional services and real estate,"Profitability, end of prior year",Operating at a profit,68%,1884
Industry,2020,Retail,"Profitability, end of prior year",Operating at a profit,62%,984
Industry,2021,Business support and consumer services,"Profitability, end of prior year",Operating at a profit,27%,1526
Industry,2021,Finance and insurance,"Profitability, end of prior year",Operating at a profit,56%,163
Industry,2021,Healthcare and education,"Profitability, end of prior year",Operating at a profit,29%,1345
Industry,2021,Leisure and hospitality,"Profitability, end of prior year",Operating at a profit,14%,1647
Industry,2021,Manufacturing,"Profitability, end of prior year",Operating at a profit,40%,1066
Industry,2021,Non-manufacturing goods production & associated services,"Profitability, end of prior year",Operating at a profit,40%,1591
Industry,2021,Professional services and real estate,"Profitability, end of prior year",Operating at a profit,44%,1740
Industry,2021,Retail,"Profitability, end of prior year",Operating at a profit,37%,1135
Industry,2022,Business support and consumer services,"Profitability, end of prior year",Operating at a profit,40%,1011
Industry,2022,Finance and insurance,"Profitability, end of prior year",Operating at a profit,67%,120
Industry,2022,Healthcare and education,"Profitability, end of prior year",Operating at a profit,36%,1055
Industry,2022,Leisure and hospitality,"Profitability, end of prior year",Operating at a profit,25%,1161
Industry,2022,Manufacturing,"Profitability, end of prior year",Operating at a profit,51%,860
Industry,2022,Non-manufacturing goods production & associated services,"Profitability, end of prior year",Operating at a profit,51%,1179
Industry,2022,Professional services and real estate,"Profitability, end of prior year",Operating at a profit,52%,1280
Industry,2022,Retail,"Profitability, end of prior year",Operating at a profit,46%,837
Industry,2023,Business support and consumer services,"Profitability, end of prior year",Operating at a profit,42%,793
Industry,2023,Finance and insurance,"Profitability, end of prior year",Operating at a profit,70%,96
Industry,2023,Healthcare and education,"Profitability, end of prior year",Operating at a profit,39%,689
Industry,2023,Leisure and hospitality,"Profitability, end of prior year",Operating at a profit,34%,808
Industry,2023,Manufacturing,"Profitability, end of prior year",Operating at a profit,50%,737
Industry,2023,Non-manufacturing goods production & associated services,"Profitability, end of prior year",Operating at a profit,50%,1007
Industry,2023,Professional services and real estate,"Profitability, end of prior year",Operating at a profit,57%,1110
Industry,2023,Retail,"Profitability, end of prior year",Operating at a profit,43%,673
Industry,2016,Business support and consumer services,"Revenue change, prior 12 months",Increased,55%,1094
Industry,2016,Finance and insurance,"Revenue change, prior 12 months",Increased,54%,223
Industry,2016,Healthcare and education,"Revenue change, prior 12 months",Increased,51%,592
Industry,2016,Leisure and hospitality,"Revenue change, prior 12 months",Increased,56%,628
Industry,2016,Manufacturing,"Revenue change, prior 12 months",Increased,47%,1261
Industry,2016,Non-manufacturing goods production & associated services,"Revenue change, prior 12 months",Increased,47%,2231
Industry,2016,Professional services and real estate,"Revenue change, prior 12 months",Increased,54%,2791
Industry,2016,Retail,"Revenue change, prior 12 months",Increased,43%,938
Industry,2017,Business support and consumer services,"Revenue change, prior 12 months",Increased,55%,996
Industry,2017,Finance and insurance,"Revenue change, prior 12 months",Increased,64%,301
Industry,2017,Healthcare and education,"Revenue change, prior 12 months",Increased,52%,665
Industry,2017,Leisure and hospitality,"Revenue change, prior 12 months",Increased,52%,543
Industry,2017,Manufacturing,"Revenue change, prior 12 months",Increased,52%,1310
Industry,2017,Non-manufacturing goods production & associated services,"Revenue change, prior 12 months",Increased,52%,1581
Industry,2017,Professional services and real estate,"Revenue change, prior 12 months",Increased,52%,1858
Industry,2017,Retail,"Revenue change, prior 12 months",Increased,51%,729
Industry,2018,Business support and consumer services,"Revenue change, prior 12 months",Increased,60%,859
Industry,2018,Finance and insurance,"Revenue change, prior 12 months",Increased,56%,145
Industry,2018,Healthcare and education,"Revenue change, prior 12 months",Increased,57%,563
Industry,2018,Leisure and hospitality,"Revenue change, prior 12 months",Increased,55%,536
Industry,2018,Manufacturing,"Revenue change, prior 12 months",Increased,61%,997
Industry,2018,Non-manufacturing goods production & associated services,"Revenue change, prior 12 months",Increased,57%,1264
Industry,2018,Professional services and real estate,"Revenue change, prior 12 months",Increased,59%,1365
Industry,2018,Retail,"Revenue change, prior 12 months",Increased,52%,709
Industry,2019,Business support and consumer services,"Revenue change, prior 12 months",Increased,57%,682
Industry,2019,Finance and insurance,"Revenue change, prior 12 months",Increased,61%,125
Industry,2019,Healthcare and education,"Revenue change, prior 12 months",Increased,60%,441
Industry,2019,Leisure and hospitality,"Revenue change, prior 12 months",Increased,57%,459
Industry,2019,Manufacturing,"Revenue change, prior 12 months",Increased,56%,653
Industry,2019,Non-manufacturing goods production & associated services,"Revenue change, prior 12 months",Increased,54%,967
Industry,2019,Professional services and real estate,"Revenue change, prior 12 months",Increased,57%,1105
Industry,2019,Retail,"Revenue change, prior 12 months",Increased,52%,551
Industry,2020,Business support and consumer services,"Revenue change, prior 12 months",Increased,11%,1438
Industry,2020,Finance and insurance,"Revenue change, prior 12 months",Increased,24%,158
Industry,2020,Healthcare and education,"Revenue change, prior 12 months",Increased,6%,1027
Industry,2020,Leisure and hospitality,"Revenue change, prior 12 months",Increased,4%,1389
Industry,2020,Manufacturing,"Revenue change, prior 12 months",Increased,19%,1011
Industry,2020,Non-manufacturing goods production & associated services,"Revenue change, prior 12 months",Increased,16%,1597
Industry,2020,Professional services and real estate,"Revenue change, prior 12 months",Increased,18%,1912
Industry,2020,Retail,"Revenue change, prior 12 months",Increased,18%,1029
Industry,2021,Business support and consumer services,"Revenue change, prior 12 months",Increased,37%,1606
Industry,2021,Finance and insurance,"Revenue change, prior 12 months",Increased,34%,167
Industry,2021,Healthcare and education,"Revenue change, prior 12 months",Increased,28%,1417
Industry,2021,Leisure and hospitality,"Revenue change, prior 12 months",Increased,36%,1727
Industry,2021,Manufacturing,"Revenue change, prior 12 months",Increased,47%,1074
Industry,2021,Non-manufacturing goods production & associated services,"Revenue change, prior 12 months",Increased,40%,1658
Industry,2021,Professional services and real estate,"Revenue change, prior 12 months",Increased,41%,1783
Industry,2021,Retail,"Revenue change, prior 12 months",Increased,43%,1185
Industry,2022,Business support and consumer services,"Revenue change, prior 12 months",Increased,47%,1029
Industry,2022,Finance and insurance,"Revenue change, prior 12 months",Increased,40%,119
Industry,2022,Healthcare and education,"Revenue change, prior 12 months",Increased,39%,1070
Industry,2022,Leisure and hospitality,"Revenue change, prior 12 months",Increased,44%,1154
Industry,2022,Manufacturing,"Revenue change, prior 12 months",Increased,57%,860
Industry,2022,Non-manufacturing goods production & associated services,"Revenue change, prior 12 months",Increased,48%,1211
Industry,2022,Professional services and real estate,"Revenue change, prior 12 months",Increased,47%,1290
Industry,2022,Retail,"Revenue change, prior 12 months",Increased,37%,856
Industry,2023,Business support and consumer services,"Revenue change, prior 12 months",Increased,45%,784
Industry,2023,Finance and insurance,"Revenue change, prior 12 months",Increased,46%,99
Industry,2023,Healthcare and education,"Revenue change, prior 12 months",Increased,50%,700
Industry,2023,Leisure and hospitality,"Revenue change, prior 12 months",Increased,41%,791
Industry,2023,Manufacturing,"Revenue change, prior 12 months",Increased,39%,720
Industry,2023,Non-manufacturing goods production & associated services,"Revenue change, prior 12 months",Increased,41%,1019
Industry,2023,Professional services and real estate,"Revenue change, prior 12 months",Increased,46%,1083
Industry,2023,Retail,"Revenue change, prior 12 months",Increased,30%,660
Industry,2016,Business support and consumer services,"Revenue expectations, next 12 months",Will increase,72%,1103
Industry,2016,Finance and insurance,"Revenue expectations, next 12 months",Will increase,65%,222
Industry,2016,Healthcare and education,"Revenue expectations, next 12 months",Will increase,69%,594
Industry,2016,Leisure and hospitality,"Revenue expectations, next 12 months",Will increase,67%,633
Industry,2016,Manufacturing,"Revenue expectations, next 12 months",Will increase,74%,1264
Industry,2016,Non-manufacturing goods production & associated services,"Revenue expectations, next 12 months",Will increase,68%,2244
Industry,2016,Professional services and real estate,"Revenue expectations, next 12 months",Will increase,72%,2794
Industry,2016,Retail,"Revenue expectations, next 12 months",Will increase,67%,941
Industry,2017,Business support and consumer services,"Revenue expectations, next 12 months",Will increase,71%,1007
Industry,2017,Finance and insurance,"Revenue expectations, next 12 months",Will increase,79%,301
Industry,2017,Healthcare and education,"Revenue expectations, next 12 months",Will increase,74%,670
Industry,2017,Leisure and hospitality,"Revenue expectations, next 12 months",Will increase,76%,548
Industry,2017,Manufacturing,"Revenue expectations, next 12 months",Will increase,76%,1328
Industry,2017,Non-manufacturing goods production & associated services,"Revenue expectations, next 12 months",Will increase,71%,1599
Industry,2017,Professional services and real estate,"Revenue expectations, next 12 months",Will increase,72%,1882
Industry,2017,Retail,"Revenue expectations, next 12 months",Will increase,68%,738
Industry,2018,Business support and consumer services,"Revenue expectations, next 12 months",Will increase,75%,867
Industry,2018,Finance and insurance,"Revenue expectations, next 12 months",Will increase,76%,145
Industry,2018,Healthcare and education,"Revenue expectations, next 12 months",Will increase,75%,566
Industry,2018,Leisure and hospitality,"Revenue expectations, next 12 months",Will increase,72%,538
Industry,2018,Manufacturing,"Revenue expectations, next 12 months",Will increase,73%,997
Industry,2018,Non-manufacturing goods production & associated services,"Revenue expectations, next 12 months",Will increase,71%,1279
Industry,2018,Professional services and real estate,"Revenue expectations, next 12 months",Will increase,74%,1368
Industry,2018,Retail,"Revenue expectations, next 12 months",Will increase,65%,720
Industry,2019,Business support and consumer services,"Revenue expectations, next 12 months",Will increase,67%,687
Industry,2019,Finance and insurance,"Revenue expectations, next 12 months",Will increase,75%,125
Industry,2019,Healthcare and education,"Revenue expectations, next 12 months",Will increase,70%,429
Industry,2019,Leisure and hospitality,"Revenue expectations, next 12 months",Will increase,68%,457
Industry,2019,Manufacturing,"Revenue expectations, next 12 months",Will increase,72%,655
Industry,2019,Non-manufacturing goods production & associated services,"Revenue expectations, next 12 months",Will increase,67%,965
Industry,2019,Professional services and real estate,"Revenue expectations, next 12 months",Will increase,74%,1099
Industry,2019,Retail,"Revenue expectations, next 12 months",Will increase,63%,550
Industry,2020,Business support and consumer services,"Revenue expectations, next 12 months",Will increase,38%,1448
Industry,2020,Finance and insurance,"Revenue expectations, next 12 months",Will increase,49%,161
Industry,2020,Healthcare and education,"Revenue expectations, next 12 months",Will increase,45%,1043
Industry,2020,Leisure and hospitality,"Revenue expectations, next 12 months",Will increase,38%,1392
Industry,2020,Manufacturing,"Revenue expectations, next 12 months",Will increase,49%,1016
Industry,2020,Non-manufacturing goods production & associated services,"Revenue expectations, next 12 months",Will increase,40%,1599
Industry,2020,Professional services and real estate,"Revenue expectations, next 12 months",Will increase,43%,1925
Industry,2020,Retail,"Revenue expectations, next 12 months",Will increase,36%,1032
Industry,2021,Business support and consumer services,"Revenue expectations, next 12 months",Will increase,58%,1611
Industry,2021,Finance and insurance,"Revenue expectations, next 12 months",Will increase,58%,166
Industry,2021,Healthcare and education,"Revenue expectations, next 12 months",Will increase,59%,1432
Industry,2021,Leisure and hospitality,"Revenue expectations, next 12 months",Will increase,55%,1735
Industry,2021,Manufacturing,"Revenue expectations, next 12 months",Will increase,66%,1087
Industry,2021,Non-manufacturing goods production & associated services,"Revenue expectations, next 12 months",Will increase,55%,1671
Industry,2021,Professional services and real estate,"Revenue expectations, next 12 months",Will increase,63%,1797
Industry,2021,Retail,"Revenue expectations, next 12 months",Will increase,58%,1193
Industry,2022,Business support and consumer services,"Revenue expectations, next 12 months",Will increase,57%,1036
Industry,2022,Finance and insurance,"Revenue expectations, next 12 months",Will increase,52%,121
Industry,2022,Healthcare and education,"Revenue expectations, next 12 months",Will increase,60%,1093
Industry,2022,Leisure and hospitality,"Revenue expectations, next 12 months",Will increase,56%,1164
Industry,2022,Manufacturing,"Revenue expectations, next 12 months",Will increase,65%,867
Industry,2022,Non-manufacturing goods production & associated services,"Revenue expectations, next 12 months",Will increase,58%,1227
Industry,2022,Professional services and real estate,"Revenue expectations, next 12 months",Will increase,59%,1305
Industry,2022,Retail,"Revenue expectations, next 12 months",Will increase,46%,861
Industry,2023,Business support and consumer services,"Revenue expectations, next 12 months",Will increase,57%,795
Industry,2023,Finance and insurance,"Revenue expectations, next 12 months",Will increase,65%,100
Industry,2023,Healthcare and education,"Revenue expectations, next 12 months",Will increase,66%,711
Industry,2023,Leisure and hospitality,"Revenue expectations, next 12 months",Will increase,53%,802
Industry,2023,Manufacturing,"Revenue expectations, next 12 months",Will increase,58%,734
Industry,2023,Non-manufacturing goods production & associated services,"Revenue expectations, next 12 months",Will increase,53%,1029
Industry,2023,Professional services and real estate,"Revenue expectations, next 12 months",Will increase,63%,1106
Industry,2023,Retail,"Revenue expectations, next 12 months",Will increase,47%,668
Industry,2016,Business support and consumer services,Share that experienced a financial challenge,Experienced a financial challenge,59%,1087
Industry,2016,Finance and insurance,Share that experienced a financial challenge,Experienced a financial challenge,42%,221
Industry,2016,Healthcare and education,Share that experienced a financial challenge,Experienced a financial challenge,59%,596
Industry,2016,Leisure and hospitality,Share that experienced a financial challenge,Experienced a financial challenge,66%,631
Industry,2016,Manufacturing,Share that experienced a financial challenge,Experienced a financial challenge,65%,1253
Industry,2016,Non-manufacturing goods production & associated services,Share that experienced a financial challenge,Experienced a financial challenge,61%,2226
Industry,2016,Professional services and real estate,Share that experienced a financial challenge,Experienced a financial challenge,56%,2771
Industry,2016,Retail,Share that experienced a financial challenge,Experienced a financial challenge,58%,925
Industry,2017,Business support and consumer services,Share that experienced a financial challenge,Experienced a financial challenge,67%,1009
Industry,2017,Finance and insurance,Share that experienced a financial challenge,Experienced a financial challenge,42%,300
Industry,2017,Healthcare and education,Share that experienced a financial challenge,Experienced a financial challenge,64%,678
Industry,2017,Leisure and hospitality,Share that experienced a financial challenge,Experienced a financial challenge,73%,549
Industry,2017,Manufacturing,Share that experienced a financial challenge,Experienced a financial challenge,63%,1328
Industry,2017,Non-manufacturing goods production & associated services,Share that experienced a financial challenge,Experienced a financial challenge,63%,1606
Industry,2017,Professional services and real estate,Share that experienced a financial challenge,Experienced a financial challenge,61%,1884
Industry,2017,Retail,Share that experienced a financial challenge,Experienced a financial challenge,67%,743
Industry,2018,Business support and consumer services,Share that experienced a financial challenge,Experienced a financial challenge,64%,871
Industry,2018,Finance and insurance,Share that experienced a financial challenge,Experienced a financial challenge,47%,143
Industry,2018,Healthcare and education,Share that experienced a financial challenge,Experienced a financial challenge,64%,566
Industry,2018,Leisure and hospitality,Share that experienced a financial challenge,Experienced a financial challenge,72%,534
Industry,2018,Manufacturing,Share that experienced a financial challenge,Experienced a financial challenge,61%,1003
Industry,2018,Non-manufacturing goods production & associated services,Share that experienced a financial challenge,Experienced a financial challenge,66%,1281
Industry,2018,Professional services and real estate,Share that experienced a financial challenge,Experienced a financial challenge,61%,1373
Industry,2018,Retail,Share that experienced a financial challenge,Experienced a financial challenge,68%,719
Industry,2019,Business support and consumer services,Share that experienced a financial challenge,Experienced a financial challenge,68%,704
Industry,2019,Finance and insurance,Share that experienced a financial challenge,Experienced a financial challenge,48%,125
Industry,2019,Healthcare and education,Share that experienced a financial challenge,Experienced a financial challenge,67%,454
Industry,2019,Leisure and hospitality,Share that experienced a financial challenge,Experienced a financial challenge,71%,470
Industry,2019,Manufacturing,Share that experienced a financial challenge,Experienced a financial challenge,68%,666
Industry,2019,Non-manufacturing goods production & associated services,Share that experienced a financial challenge,Experienced a financial challenge,70%,985
Industry,2019,Professional services and real estate,Share that experienced a financial challenge,Experienced a financial challenge,62%,1128
Industry,2019,Retail,Share that experienced a financial challenge,Experienced a financial challenge,69%,568
Industry,2020,Business support and consumer services,Share that experienced a financial challenge,Experienced a financial challenge,84%,1460
Industry,2020,Finance and insurance,Share that experienced a financial challenge,Experienced a financial challenge,62%,161
Industry,2020,Healthcare and education,Share that experienced a financial challenge,Experienced a financial challenge,88%,1043
Industry,2020,Leisure and hospitality,Share that experienced a financial challenge,Experienced a financial challenge,93%,1400
Industry,2020,Manufacturing,Share that experienced a financial challenge,Experienced a financial challenge,73%,1018
Industry,2020,Non-manufacturing goods production & associated services,Share that experienced a financial challenge,Experienced a financial challenge,80%,1603
Industry,2020,Professional services and real estate,Share that experienced a financial challenge,Experienced a financial challenge,73%,1927
Industry,2020,Retail,Share that experienced a financial challenge,Experienced a financial challenge,82%,1033
Industry,2021,Business support and consumer services,Share that experienced a financial challenge,Experienced a financial challenge,87%,1639
Industry,2021,Finance and insurance,Share that experienced a financial challenge,Experienced a financial challenge,69%,168
Industry,2021,Healthcare and education,Share that experienced a financial challenge,Experienced a financial challenge,91%,1457
Industry,2021,Leisure and hospitality,Share that experienced a financial challenge,Experienced a financial challenge,94%,1757
Industry,2021,Manufacturing,Share that experienced a financial challenge,Experienced a financial challenge,85%,1104
Industry,2021,Non-manufacturing goods production & associated services,Share that experienced a financial challenge,Experienced a financial challenge,83%,1685
Industry,2021,Professional services and real estate,Share that experienced a financial challenge,Experienced a financial challenge,83%,1832
Industry,2021,Retail,Share that experienced a financial challenge,Experienced a financial challenge,83%,1209
Industry,2022,Business support and consumer services,Share that experienced a financial challenge,Experienced a financial challenge,95%,1070
Industry,2022,Finance and insurance,Share that experienced a financial challenge,Experienced a financial challenge,77%,121
Industry,2022,Healthcare and education,Share that experienced a financial challenge,Experienced a financial challenge,94%,1121
Industry,2022,Leisure and hospitality,Share that experienced a financial challenge,Experienced a financial challenge,99%,1196
Industry,2022,Manufacturing,Share that experienced a financial challenge,Experienced a financial challenge,95%,889
Industry,2022,Non-manufacturing goods production & associated services,Share that experienced a financial challenge,Experienced a financial challenge,94%,1240
Industry,2022,Professional services and real estate,Share that experienced a financial challenge,Experienced a financial challenge,91%,1319
Industry,2022,Retail,Share that experienced a financial challenge,Experienced a financial challenge,97%,881
Industry,2023,Business support and consumer services,Share that experienced a financial challenge,Experienced a financial challenge,93%,824
Industry,2023,Finance and insurance,Share that experienced a financial challenge,Experienced a financial challenge,75%,100
Industry,2023,Healthcare and education,Share that experienced a financial challenge,Experienced a financial challenge,93%,724
Industry,2023,Leisure and hospitality,Share that experienced a financial challenge,Experienced a financial challenge,96%,830
Industry,2023,Manufacturing,Share that experienced a financial challenge,Experienced a financial challenge,92%,754
Industry,2023,Non-manufacturing goods production & associated services,Share that experienced a financial challenge,Experienced a financial challenge,93%,1053
Industry,2023,Professional services and real estate,Share that experienced a financial challenge,Experienced a financial challenge,91%,1125
Industry,2023,Retail,Share that experienced a financial challenge,Experienced a financial challenge,98%,693
Industry,2016,Business support and consumer services,Share with outstanding debt,Have outstanding debt,73%,1054
Industry,2016,Finance and insurance,Share with outstanding debt,Have outstanding debt,52%,217
Industry,2016,Healthcare and education,Share with outstanding debt,Have outstanding debt,70%,573
Industry,2016,Leisure and hospitality,Share with outstanding debt,Have outstanding debt,76%,605
Industry,2016,Manufacturing,Share with outstanding debt,Have outstanding debt,75%,1203
Industry,2016,Non-manufacturing goods production & associated services,Share with outstanding debt,Have outstanding debt,72%,2116
Industry,2016,Professional services and real estate,Share with outstanding debt,Have outstanding debt,59%,2678
Industry,2016,Retail,Share with outstanding debt,Have outstanding debt,76%,877
Industry,2017,Business support and consumer services,Share with outstanding debt,Have outstanding debt,69%,985
Industry,2017,Finance and insurance,Share with outstanding debt,Have outstanding debt,53%,299
Industry,2017,Healthcare and education,Share with outstanding debt,Have outstanding debt,66%,665
Industry,2017,Leisure and hospitality,Share with outstanding debt,Have outstanding debt,77%,541
Industry,2017,Manufacturing,Share with outstanding debt,Have outstanding debt,71%,1299
Industry,2017,Non-manufacturing goods production & associated services,Share with outstanding debt,Have outstanding debt,70%,1574
Industry,2017,Professional services and real estate,Share with outstanding debt,Have outstanding debt,56%,1862
Industry,2017,Retail,Share with outstanding debt,Have outstanding debt,77%,733
Industry,2018,Business support and consumer services,Share with outstanding debt,Have outstanding debt,73%,861
Industry,2018,Finance and insurance,Share with outstanding debt,Have outstanding debt,49%,144
Industry,2018,Healthcare and education,Share with outstanding debt,Have outstanding debt,70%,564
Industry,2018,Leisure and hospitality,Share with outstanding debt,Have outstanding debt,80%,538
Industry,2018,Manufacturing,Share with outstanding debt,Have outstanding debt,74%,986
Industry,2018,Non-manufacturing goods production & associated services,Share with outstanding debt,Have outstanding debt,75%,1272
Industry,2018,Professional services and real estate,Share with outstanding debt,Have outstanding debt,61%,1367
Industry,2018,Retail,Share with outstanding debt,Have outstanding debt,74%,719
Industry,2019,Business support and consumer services,Share with outstanding debt,Have outstanding debt,73%,697
Industry,2019,Finance and insurance,Share with outstanding debt,Have outstanding debt,56%,128
Industry,2019,Healthcare and education,Share with outstanding debt,Have outstanding debt,70%,451
Industry,2019,Leisure and hospitality,Share with outstanding debt,Have outstanding debt,81%,462
Industry,2019,Manufacturing,Share with outstanding debt,Have outstanding debt,77%,664
Industry,2019,Non-manufacturing goods production & associated services,Share with outstanding debt,Have outstanding debt,74%,980
Industry,2019,Professional services and real estate,Share with outstanding debt,Have outstanding debt,64%,1123
Industry,2019,Retail,Share with outstanding debt,Have outstanding debt,73%,558
Industry,2020,Business support and consumer services,Share with outstanding debt,Have outstanding debt,80%,1422
Industry,2020,Finance and insurance,Share with outstanding debt,Have outstanding debt,67%,160
Industry,2020,Healthcare and education,Share with outstanding debt,Have outstanding debt,80%,1015
Industry,2020,Leisure and hospitality,Share with outstanding debt,Have outstanding debt,88%,1366
Industry,2020,Manufacturing,Share with outstanding debt,Have outstanding debt,84%,1008
Industry,2020,Non-manufacturing goods production & associated services,Share with outstanding debt,Have outstanding debt,83%,1581
Industry,2020,Professional services and real estate,Share with outstanding debt,Have outstanding debt,72%,1881
Industry,2020,Retail,Share with outstanding debt,Have outstanding debt,81%,1010
Industry,2021,Business support and consumer services,Share with outstanding debt,Have outstanding debt,76%,1604
Industry,2021,Finance and insurance,Share with outstanding debt,Have outstanding debt,56%,165
Industry,2021,Healthcare and education,Share with outstanding debt,Have outstanding debt,72%,1420
Industry,2021,Leisure and hospitality,Share with outstanding debt,Have outstanding debt,82%,1740
Industry,2021,Manufacturing,Share with outstanding debt,Have outstanding debt,81%,1087
Industry,2021,Non-manufacturing goods production & associated services,Share with outstanding debt,Have outstanding debt,78%,1665
Industry,2021,Professional services and real estate,Share with outstanding debt,Have outstanding debt,68%,1811
Industry,2021,Retail,Share with outstanding debt,Have outstanding debt,78%,1187
Industry,2022,Business support and consumer services,Share with outstanding debt,Have outstanding debt,73%,1052
Industry,2022,Finance and insurance,Share with outstanding debt,Have outstanding debt,54%,122
Industry,2022,Healthcare and education,Share with outstanding debt,Have outstanding debt,73%,1098
Industry,2022,Leisure and hospitality,Share with outstanding debt,Have outstanding debt,84%,1168
Industry,2022,Manufacturing,Share with outstanding debt,Have outstanding debt,76%,874
Industry,2022,Non-manufacturing goods production & associated services,Share with outstanding debt,Have outstanding debt,74%,1216
Industry,2022,Professional services and real estate,Share with outstanding debt,Have outstanding debt,62%,1308
Industry,2022,Retail,Share with outstanding debt,Have outstanding debt,80%,870
Industry,2023,Business support and consumer services,Share with outstanding debt,Have outstanding debt,77%,822
Industry,2023,Finance and insurance,Share with outstanding debt,Have outstanding debt,47%,95
Industry,2023,Healthcare and education,Share with outstanding debt,Have outstanding debt,72%,722
Industry,2023,Leisure and hospitality,Share with outstanding debt,Have outstanding debt,83%,821
Industry,2023,Manufacturing,Share with outstanding debt,Have outstanding debt,74%,747
Industry,2023,Non-manufacturing goods production & associated services,Share with outstanding debt,Have outstanding debt,75%,1040
Industry,2023,Professional services and real estate,Share with outstanding debt,Have outstanding debt,59%,1127
Industry,2023,Retail,Share with outstanding debt,Have outstanding debt,80%,685
Geography,2016,Rural,Actions taken in response to financial challenges,Used personal funds,69%,604
Geography,2016,Urban,Actions taken in response to financial challenges,Used personal funds,76%,3364
Geography,2017,Rural,Actions taken in response to financial challenges,Used personal funds,63%,887
Geography,2017,Urban,Actions taken in response to financial challenges,Used personal funds,68%,4069
Geography,2018,Rural,Actions taken in response to financial challenges,Used personal funds,61%,736
Geography,2018,Urban,Actions taken in response to financial challenges,Used personal funds,68%,3331
Geography,2020,Rural,Actions taken in response to financial challenges,Used personal funds,62%,870
Geography,2020,Urban,Actions taken in response to financial challenges,Used personal funds,63%,7027
Geography,2021,Rural,Actions taken in response to financial challenges,Used personal funds,61%,1270
Geography,2021,Urban,Actions taken in response to financial challenges,Used personal funds,61%,8267
Geography,2022,Rural,Actions taken in response to financial challenges,Used personal funds,54%,929
Geography,2022,Urban,Actions taken in response to financial challenges,Used personal funds,53%,6564
Geography,2023,Rural,Actions taken in response to financial challenges,Used personal funds,59%,762
Geography,2023,Urban,Actions taken in response to financial challenges,Used personal funds,52%,5015
Geography,2016,Rural,Applications for financing,"Applied for a loan, line of credit, or merchant cash advance",37%,1531
Geography,2016,Urban,Applications for financing,"Applied for a loan, line of credit, or merchant cash advance",38%,8337
Geography,2017,Rural,Applications for financing,"Applied for a loan, line of credit, or merchant cash advance",34%,1502
Geography,2017,Urban,Applications for financing,"Applied for a loan, line of credit, or merchant cash advance",34%,6667
Geography,2018,Rural,Applications for financing,"Applied for a loan, line of credit, or merchant cash advance",34%,1241
Geography,2018,Urban,Applications for financing,"Applied for a loan, line of credit, or merchant cash advance",36%,5373
Geography,2019,Rural,Applications for financing,"Applied for a loan, line of credit, or merchant cash advance",33%,922
Geography,2019,Urban,Applications for financing,"Applied for a loan, line of credit, or merchant cash advance",38%,4232
Geography,2020,Rural,Applications for financing,"Applied for a loan, line of credit, or merchant cash advance",26%,1095
Geography,2020,Urban,Applications for financing,"Applied for a loan, line of credit, or merchant cash advance",29%,8312
Geography,2021,Rural,Applications for financing,"Applied for a loan, line of credit, or merchant cash advance",27%,1489
Geography,2021,Urban,Applications for financing,"Applied for a loan, line of credit, or merchant cash advance",25%,9091
Geography,2022,Rural,Applications for financing,"Applied for a loan, line of credit, or merchant cash advance",42%,975
Geography,2022,Urban,Applications for financing,"Applied for a loan, line of credit, or merchant cash advance",40%,6889
Geography,2023,Rural,Applications for financing,"Applied for a loan, line of credit, or merchant cash advance",43%,805
Geography,2023,Urban,Applications for financing,"Applied for a loan, line of credit, or merchant cash advance",36%,5326
Geography,2016,Rural,Best outcome on loan/LOC/merchant cash advance application(s),All (100%),63%,576
Geography,2016,Urban,Best outcome on loan/LOC/merchant cash advance application(s),All (100%),52%,3085
Geography,2017,Rural,Best outcome on loan/LOC/merchant cash advance application(s),All (100%),72%,496
Geography,2017,Urban,Best outcome on loan/LOC/merchant cash advance application(s),All (100%),54%,2199
Geography,2018,Rural,Best outcome on loan/LOC/merchant cash advance application(s),All (100%),64%,420
Geography,2018,Urban,Best outcome on loan/LOC/merchant cash advance application(s),All (100%),56%,1877
Geography,2019,Rural,Best outcome on loan/LOC/merchant cash advance application(s),All (100%),71%,302
Geography,2019,Urban,Best outcome on loan/LOC/merchant cash advance application(s),All (100%),61%,1533
Geography,2020,Rural,Best outcome on loan/LOC/merchant cash advance application(s),All (100%),53%,296
Geography,2020,Urban,Best outcome on loan/LOC/merchant cash advance application(s),All (100%),50%,2137
Geography,2021,Rural,Best outcome on loan/LOC/merchant cash advance application(s),All (100%),54%,361
Geography,2021,Urban,Best outcome on loan/LOC/merchant cash advance application(s),All (100%),45%,2065
Geography,2022,Rural,Best outcome on loan/LOC/merchant cash advance application(s),All (100%),57%,387
Geography,2022,Urban,Best outcome on loan/LOC/merchant cash advance application(s),All (100%),52%,2639
Geography,2023,Rural,Best outcome on loan/LOC/merchant cash advance application(s),All (100%),55%,284
Geography,2023,Urban,Best outcome on loan/LOC/merchant cash advance application(s),All (100%),50%,1887
Geography,2020,Rural,Current financial condition,Poor or fair,55%,1125
Geography,2020,Urban,Current financial condition,Poor or fair,59%,8539
Geography,2021,Rural,Current financial condition,Poor or fair,54%,1524
Geography,2021,Urban,Current financial condition,Poor or fair,60%,9383
Geography,2022,Rural,Current financial condition,Poor or fair,55%,975
Geography,2022,Urban,Current financial condition,Poor or fair,57%,6889
Geography,2023,Rural,Current financial condition,Poor or fair,52%,805
Geography,2023,Urban,Current financial condition,Poor or fair,56%,5325
Geography,2016,Rural,"Employment change, prior 12 months",Increased,28%,1503
Geography,2016,Urban,"Employment change, prior 12 months",Increased,36%,8203
Geography,2017,Rural,"Employment change, prior 12 months",Increased,28%,1409
Geography,2017,Urban,"Employment change, prior 12 months",Increased,37%,6275
Geography,2018,Rural,"Employment change, prior 12 months",Increased,33%,1173
Geography,2018,Urban,"Employment change, prior 12 months",Increased,38%,5003
Geography,2019,Rural,"Employment change, prior 12 months",Increased,30%,870
Geography,2019,Urban,"Employment change, prior 12 months",Increased,37%,3940
Geography,2020,Rural,"Employment change, prior 12 months",Increased,10%,1101
Geography,2020,Urban,"Employment change, prior 12 months",Increased,12%,8291
Geography,2021,Rural,"Employment change, prior 12 months",Increased,23%,1480
Geography,2021,Urban,"Employment change, prior 12 months",Increased,24%,9091
Geography,2022,Rural,"Employment change, prior 12 months",Increased,28%,943
Geography,2022,Urban,"Employment change, prior 12 months",Increased,29%,6595
Geography,2023,Rural,"Employment change, prior 12 months",Increased,28%,787
Geography,2023,Urban,"Employment change, prior 12 months",Increased,29%,5208
Geography,2016,Rural,"Employment expectations, next 12 months",Will increase,30%,1515
Geography,2016,Urban,"Employment expectations, next 12 months",Will increase,48%,8250
Geography,2017,Rural,"Employment expectations, next 12 months",Will increase,35%,1422
Geography,2017,Urban,"Employment expectations, next 12 months",Will increase,51%,6314
Geography,2018,Rural,"Employment expectations, next 12 months",Will increase,32%,1218
Geography,2018,Urban,"Employment expectations, next 12 months",Will increase,47%,5232
Geography,2019,Rural,"Employment expectations, next 12 months",Will increase,33%,897
Geography,2019,Urban,"Employment expectations, next 12 months",Will increase,46%,4127
Geography,2020,Rural,"Employment expectations, next 12 months",Will increase,30%,1097
Geography,2020,Urban,"Employment expectations, next 12 months",Will increase,32%,8315
Geography,2021,Rural,"Employment expectations, next 12 months",Will increase,32%,1497
Geography,2021,Urban,"Employment expectations, next 12 months",Will increase,43%,9138
Geography,2022,Rural,"Employment expectations, next 12 months",Will increase,33%,944
Geography,2022,Urban,"Employment expectations, next 12 months",Will increase,40%,6655
Geography,2023,Rural,"Employment expectations, next 12 months",Will increase,33%,801
Geography,2023,Urban,"Employment expectations, next 12 months",Will increase,40%,5232
Geography,2016,Rural,"Profitability, end of prior year",Operating at a profit,58%,1483
Geography,2016,Urban,"Profitability, end of prior year",Operating at a profit,55%,8150
Geography,2017,Rural,"Profitability, end of prior year",Operating at a profit,57%,1422
Geography,2017,Urban,"Profitability, end of prior year",Operating at a profit,57%,6408
Geography,2018,Rural,"Profitability, end of prior year",Operating at a profit,59%,1173
Geography,2018,Urban,"Profitability, end of prior year",Operating at a profit,56%,5107
Geography,2019,Rural,"Profitability, end of prior year",Operating at a profit,54%,874
Geography,2019,Urban,"Profitability, end of prior year",Operating at a profit,58%,4068
Geography,2020,Rural,"Profitability, end of prior year",Operating at a profit,62%,1063
Geography,2020,Urban,"Profitability, end of prior year",Operating at a profit,65%,8162
Geography,2021,Rural,"Profitability, end of prior year",Operating at a profit,38%,1408
Geography,2021,Urban,"Profitability, end of prior year",Operating at a profit,35%,8805
Geography,2022,Rural,"Profitability, end of prior year",Operating at a profit,45%,929
Geography,2022,Urban,"Profitability, end of prior year",Operating at a profit,45%,6574
Geography,2023,Rural,"Profitability, end of prior year",Operating at a profit,45%,772
Geography,2023,Urban,"Profitability, end of prior year",Operating at a profit,48%,5141
Geography,2016,Rural,"Revenue change, prior 12 months",Increased,46%,1507
Geography,2016,Urban,"Revenue change, prior 12 months",Increased,52%,8251
Geography,2017,Rural,"Revenue change, prior 12 months",Increased,49%,1468
Geography,2017,Urban,"Revenue change, prior 12 months",Increased,54%,6515
Geography,2018,Rural,"Revenue change, prior 12 months",Increased,56%,1203
Geography,2018,Urban,"Revenue change, prior 12 months",Increased,57%,5235
Geography,2019,Rural,"Revenue change, prior 12 months",Increased,50%,895
Geography,2019,Urban,"Revenue change, prior 12 months",Increased,58%,4088
Geography,2020,Rural,"Revenue change, prior 12 months",Increased,15%,1112
Geography,2020,Urban,"Revenue change, prior 12 months",Increased,14%,8449
Geography,2021,Rural,"Revenue change, prior 12 months",Increased,41%,1483
Geography,2021,Urban,"Revenue change, prior 12 months",Increased,37%,9134
Geography,2022,Rural,"Revenue change, prior 12 months",Increased,42%,946
Geography,2022,Urban,"Revenue change, prior 12 months",Increased,45%,6643
Geography,2023,Rural,"Revenue change, prior 12 months",Increased,41%,767
Geography,2023,Urban,"Revenue change, prior 12 months",Increased,43%,5089
Geography,2016,Rural,"Revenue expectations, next 12 months",Will increase,59%,1519
Geography,2016,Urban,"Revenue expectations, next 12 months",Will increase,71%,8276
Geography,2017,Rural,"Revenue expectations, next 12 months",Will increase,67%,1481
Geography,2017,Urban,"Revenue expectations, next 12 months",Will increase,73%,6592
Geography,2018,Rural,"Revenue expectations, next 12 months",Will increase,66%,1222
Geography,2018,Urban,"Revenue expectations, next 12 months",Will increase,74%,5258
Geography,2019,Rural,"Revenue expectations, next 12 months",Will increase,65%,883
Geography,2019,Urban,"Revenue expectations, next 12 months",Will increase,70%,4084
Geography,2020,Rural,"Revenue expectations, next 12 months",Will increase,41%,1117
Geography,2020,Urban,"Revenue expectations, next 12 months",Will increase,41%,8499
Geography,2021,Rural,"Revenue expectations, next 12 months",Will increase,51%,1490
Geography,2021,Urban,"Revenue expectations, next 12 months",Will increase,60%,9202
Geography,2022,Rural,"Revenue expectations, next 12 months",Will increase,54%,956
Geography,2022,Urban,"Revenue expectations, next 12 months",Will increase,57%,6718
Geography,2023,Rural,"Revenue expectations, next 12 months",Will increase,54%,779
Geography,2023,Urban,"Revenue expectations, next 12 months",Will increase,58%,5166
Geography,2016,Rural,Share that experienced a financial challenge,Experienced a financial challenge,54%,1508
Geography,2016,Urban,Share that experienced a financial challenge,Experienced a financial challenge,60%,8202
Geography,2017,Rural,Share that experienced a financial challenge,Experienced a financial challenge,64%,1480
Geography,2017,Urban,Share that experienced a financial challenge,Experienced a financial challenge,64%,6617
Geography,2018,Rural,Share that experienced a financial challenge,Experienced a financial challenge,61%,1220
Geography,2018,Urban,Share that experienced a financial challenge,Experienced a financial challenge,64%,5270
Geography,2019,Rural,Share that experienced a financial challenge,Experienced a financial challenge,66%,915
Geography,2019,Urban,Share that experienced a financial challenge,Experienced a financial challenge,66%,4185
Geography,2020,Rural,Share that experienced a financial challenge,Experienced a financial challenge,78%,1125
Geography,2020,Urban,Share that experienced a financial challenge,Experienced a financial challenge,81%,8520
Geography,2021,Rural,Share that experienced a financial challenge,Experienced a financial challenge,82%,1511
Geography,2021,Urban,Share that experienced a financial challenge,Experienced a financial challenge,86%,9340
Geography,2022,Rural,Share that experienced a financial challenge,Experienced a financial challenge,94%,973
Geography,2022,Urban,Share that experienced a financial challenge,Experienced a financial challenge,94%,6864
Geography,2023,Rural,Share that experienced a financial challenge,Experienced a financial challenge,93%,798
Geography,2023,Urban,Share that experienced a financial challenge,Experienced a financial challenge,93%,5305
Geography,2016,Rural,Share with outstanding debt,Have outstanding debt,71%,1445
Geography,2016,Urban,Share with outstanding debt,Have outstanding debt,69%,7878
Geography,2017,Rural,Share with outstanding debt,Have outstanding debt,71%,1464
Geography,2017,Urban,Share with outstanding debt,Have outstanding debt,67%,6494
Geography,2018,Rural,Share with outstanding debt,Have outstanding debt,74%,1214
Geography,2018,Urban,Share with outstanding debt,Have outstanding debt,69%,5237
Geography,2019,Rural,Share with outstanding debt,Have outstanding debt,72%,904
Geography,2019,Urban,Share with outstanding debt,Have outstanding debt,71%,4159
Geography,2020,Rural,Share with outstanding debt,Have outstanding debt,79%,1108
Geography,2020,Urban,Share with outstanding debt,Have outstanding debt,80%,8335
Geography,2021,Rural,Share with outstanding debt,Have outstanding debt,75%,1504
Geography,2021,Urban,Share with outstanding debt,Have outstanding debt,74%,9175
Geography,2022,Rural,Share with outstanding debt,Have outstanding debt,70%,948
Geography,2022,Urban,Share with outstanding debt,Have outstanding debt,72%,6760
Geography,2023,Rural,Share with outstanding debt,Have outstanding debt,78%,791
Geography,2023,Urban,Share with outstanding debt,Have outstanding debt,71%,5268
Age of Firm,2016,0-5 years,Actions taken in response to financial challenges,Used personal funds,78%,1045
Age of Firm,2016,6-15 years,Actions taken in response to financial challenges,Used personal funds,74%,1283
Age of Firm,2016,16+ years,Actions taken in response to financial challenges,Used personal funds,72%,1640
Age of Firm,2017,0-5 years,Actions taken in response to financial challenges,Used personal funds,75%,1561
Age of Firm,2017,6-15 years,Actions taken in response to financial challenges,Used personal funds,66%,1524
Age of Firm,2017,16+ years,Actions taken in response to financial challenges,Used personal funds,57%,1871
Age of Firm,2018,0-5 years,Actions taken in response to financial challenges,Used personal funds,75%,1373
Age of Firm,2018,6-15 years,Actions taken in response to financial challenges,Used personal funds,66%,1269
Age of Firm,2018,16+ years,Actions taken in response to financial challenges,Used personal funds,58%,1425
Age of Firm,2020,0-5 years,Actions taken in response to financial challenges,Used personal funds,68%,2078
Age of Firm,2020,6-15 years,Actions taken in response to financial challenges,Used personal funds,64%,2643
Age of Firm,2020,16+ years,Actions taken in response to financial challenges,Used personal funds,56%,3176
Age of Firm,2021,0-5 years,Actions taken in response to financial challenges,Used personal funds,73%,2627
Age of Firm,2021,6-15 years,Actions taken in response to financial challenges,Used personal funds,59%,3222
Age of Firm,2021,16+ years,Actions taken in response to financial challenges,Used personal funds,50%,3688
Age of Firm,2022,0-5 years,Actions taken in response to financial challenges,Used personal funds,70%,2007
Age of Firm,2022,6-15 years,Actions taken in response to financial challenges,Used personal funds,51%,2515
Age of Firm,2022,16+ years,Actions taken in response to financial challenges,Used personal funds,40%,2971
Age of Firm,2023,0-5 years,Actions taken in response to financial challenges,Used personal funds,68%,1215
Age of Firm,2023,6-15 years,Actions taken in response to financial challenges,Used personal funds,54%,1946
Age of Firm,2023,16+ years,Actions taken in response to financial challenges,Used personal funds,39%,2616
Age of Firm,2016,0-5 years,Applications for financing,"Applied for a loan, line of credit, or merchant cash advance",42%,2060
Age of Firm,2016,6-15 years,Applications for financing,"Applied for a loan, line of credit, or merchant cash advance",39%,2835
Age of Firm,2016,16+ years,Applications for financing,"Applied for a loan, line of credit, or merchant cash advance",31%,4973
Age of Firm,2017,0-5 years,Applications for financing,"Applied for a loan, line of credit, or merchant cash advance",39%,2149
Age of Firm,2017,6-15 years,Applications for financing,"Applied for a loan, line of credit, or merchant cash advance",34%,2302
Age of Firm,2017,16+ years,Applications for financing,"Applied for a loan, line of credit, or merchant cash advance",28%,3718
Age of Firm,2018,0-5 years,Applications for financing,"Applied for a loan, line of credit, or merchant cash advance",38%,1906
Age of Firm,2018,6-15 years,Applications for financing,"Applied for a loan, line of credit, or merchant cash advance",37%,1911
Age of Firm,2018,16+ years,Applications for financing,"Applied for a loan, line of credit, or merchant cash advance",32%,2797
Age of Firm,2019,0-5 years,Applications for financing,"Applied for a loan, line of credit, or merchant cash advance",39%,1381
Age of Firm,2019,6-15 years,Applications for financing,"Applied for a loan, line of credit, or merchant cash advance",39%,1674
Age of Firm,2019,16+ years,Applications for financing,"Applied for a loan, line of credit, or merchant cash advance",32%,2099
Age of Firm,2020,0-5 years,Applications for financing,"Applied for a loan, line of credit, or merchant cash advance",29%,2246
Age of Firm,2020,6-15 years,Applications for financing,"Applied for a loan, line of credit, or merchant cash advance",31%,3041
Age of Firm,2020,16+ years,Applications for financing,"Applied for a loan, line of credit, or merchant cash advance",26%,4120
Age of Firm,2021,0-5 years,Applications for financing,"Applied for a loan, line of credit, or merchant cash advance",32%,2740
Age of Firm,2021,6-15 years,Applications for financing,"Applied for a loan, line of credit, or merchant cash advance",24%,3498
Age of Firm,2021,16+ years,Applications for financing,"Applied for a loan, line of credit, or merchant cash advance",21%,4342
Age of Firm,2022,0-5 years,Applications for financing,"Applied for a loan, line of credit, or merchant cash advance",48%,2074
Age of Firm,2022,6-15 years,Applications for financing,"Applied for a loan, line of credit, or merchant cash advance",39%,2627
Age of Firm,2022,16+ years,Applications for financing,"Applied for a loan, line of credit, or merchant cash advance",35%,3163
Age of Firm,2023,0-5 years,Applications for financing,"Applied for a loan, line of credit, or merchant cash advance",45%,1272
Age of Firm,2023,6-15 years,Applications for financing,"Applied for a loan, line of credit, or merchant cash advance",36%,2037
Age of Firm,2023,16+ years,Applications for financing,"Applied for a loan, line of credit, or merchant cash advance",30%,2822
Age of Firm,2016,0-5 years,Best outcome on loan/LOC/merchant cash advance application(s),All (100%),44%,878
Age of Firm,2016,6-15 years,Best outcome on loan/LOC/merchant cash advance application(s),All (100%),55%,1134
Age of Firm,2016,16+ years,Best outcome on loan/LOC/merchant cash advance application(s),All (100%),67%,1649
Age of Firm,2017,0-5 years,Best outcome on loan/LOC/merchant cash advance application(s),All (100%),49%,815
Age of Firm,2017,6-15 years,Best outcome on loan/LOC/merchant cash advance application(s),All (100%),56%,807
Age of Firm,2017,16+ years,Best outcome on loan/LOC/merchant cash advance application(s),All (100%),69%,1073
Age of Firm,2018,0-5 years,Best outcome on loan/LOC/merchant cash advance application(s),All (100%),50%,699
Age of Firm,2018,6-15 years,Best outcome on loan/LOC/merchant cash advance application(s),All (100%),54%,709
Age of Firm,2018,16+ years,Best outcome on loan/LOC/merchant cash advance application(s),All (100%),71%,889
Age of Firm,2019,0-5 years,Best outcome on loan/LOC/merchant cash advance application(s),All (100%),54%,525
Age of Firm,2019,6-15 years,Best outcome on loan/LOC/merchant cash advance application(s),All (100%),62%,646
Age of Firm,2019,16+ years,Best outcome on loan/LOC/merchant cash advance application(s),All (100%),72%,664
Age of Firm,2020,0-5 years,Best outcome on loan/LOC/merchant cash advance application(s),All (100%),35%,592
Age of Firm,2020,6-15 years,Best outcome on loan/LOC/merchant cash advance application(s),All (100%),50%,841
Age of Firm,2020,16+ years,Best outcome on loan/LOC/merchant cash advance application(s),All (100%),64%,1000
Age of Firm,2021,0-5 years,Best outcome on loan/LOC/merchant cash advance application(s),All (100%),33%,744
Age of Firm,2021,6-15 years,Best outcome on loan/LOC/merchant cash advance application(s),All (100%),48%,819
Age of Firm,2021,16+ years,Best outcome on loan/LOC/merchant cash advance application(s),All (100%),61%,863
Age of Firm,2022,0-5 years,Best outcome on loan/LOC/merchant cash advance application(s),All (100%),41%,887
Age of Firm,2022,6-15 years,Best outcome on loan/LOC/merchant cash advance application(s),All (100%),50%,1029
Age of Firm,2022,16+ years,Best outcome on loan/LOC/merchant cash advance application(s),All (100%),68%,1110
Age of Firm,2023,0-5 years,Best outcome on loan/LOC/merchant cash advance application(s),All (100%),40%,541
Age of Firm,2023,6-15 years,Best outcome on loan/LOC/merchant cash advance application(s),All (100%),50%,775
Age of Firm,2023,16+ years,Best outcome on loan/LOC/merchant cash advance application(s),All (100%),65%,855
Age of Firm,2020,0-5 years,Current financial condition,Poor or fair,70%,2333
Age of Firm,2020,6-15 years,Current financial condition,Poor or fair,58%,3115
Age of Firm,2020,16+ years,Current financial condition,Poor or fair,48%,4216
Age of Firm,2021,0-5 years,Current financial condition,Poor or fair,72%,2838
Age of Firm,2021,6-15 years,Current financial condition,Poor or fair,56%,3612
Age of Firm,2021,16+ years,Current financial condition,Poor or fair,50%,4457
Age of Firm,2022,0-5 years,Current financial condition,Poor or fair,72%,2074
Age of Firm,2022,6-15 years,Current financial condition,Poor or fair,55%,2627
Age of Firm,2022,16+ years,Current financial condition,Poor or fair,46%,3163
Age of Firm,2023,0-5 years,Current financial condition,Poor or fair,65%,1272
Age of Firm,2023,6-15 years,Current financial condition,Poor or fair,60%,2036
Age of Firm,2023,16+ years,Current financial condition,Poor or fair,44%,2822
Age of Firm,2016,0-5 years,"Employment change, prior 12 months",Increased,50%,2014
Age of Firm,2016,6-15 years,"Employment change, prior 12 months",Increased,31%,2799
Age of Firm,2016,16+ years,"Employment change, prior 12 months",Increased,23%,4893
Age of Firm,2017,0-5 years,"Employment change, prior 12 months",Increased,46%,2041
Age of Firm,2017,6-15 years,"Employment change, prior 12 months",Increased,33%,2157
Age of Firm,2017,16+ years,"Employment change, prior 12 months",Increased,26%,3486
Age of Firm,2018,0-5 years,"Employment change, prior 12 months",Increased,46%,1807
Age of Firm,2018,6-15 years,"Employment change, prior 12 months",Increased,35%,1781
Age of Firm,2018,16+ years,"Employment change, prior 12 months",Increased,28%,2588
Age of Firm,2019,0-5 years,"Employment change, prior 12 months",Increased,49%,1305
Age of Firm,2019,6-15 years,"Employment change, prior 12 months",Increased,32%,1565
Age of Firm,2019,16+ years,"Employment change, prior 12 months",Increased,26%,1940
Age of Firm,2020,0-5 years,"Employment change, prior 12 months",Increased,17%,2241
Age of Firm,2020,6-15 years,"Employment change, prior 12 months",Increased,10%,3035
Age of Firm,2020,16+ years,"Employment change, prior 12 months",Increased,9%,4116
Age of Firm,2021,0-5 years,"Employment change, prior 12 months",Increased,30%,2696
Age of Firm,2021,6-15 years,"Employment change, prior 12 months",Increased,24%,3508
Age of Firm,2021,16+ years,"Employment change, prior 12 months",Increased,19%,4367
Age of Firm,2022,0-5 years,"Employment change, prior 12 months",Increased,39%,1964
Age of Firm,2022,6-15 years,"Employment change, prior 12 months",Increased,28%,2510
Age of Firm,2022,16+ years,"Employment change, prior 12 months",Increased,22%,3064
Age of Firm,2023,0-5 years,"Employment change, prior 12 months",Increased,40%,1246
Age of Firm,2023,6-15 years,"Employment change, prior 12 months",Increased,28%,1991
Age of Firm,2023,16+ years,"Employment change, prior 12 months",Increased,20%,2758
Age of Firm,2016,0-5 years,"Employment expectations, next 12 months",Will increase,62%,2032
Age of Firm,2016,6-15 years,"Employment expectations, next 12 months",Will increase,43%,2819
Age of Firm,2016,16+ years,"Employment expectations, next 12 months",Will increase,29%,4914
Age of Firm,2017,0-5 years,"Employment expectations, next 12 months",Will increase,61%,2058
Age of Firm,2017,6-15 years,"Employment expectations, next 12 months",Will increase,47%,2173
Age of Firm,2017,16+ years,"Employment expectations, next 12 months",Will increase,36%,3505
Age of Firm,2018,0-5 years,"Employment expectations, next 12 months",Will increase,55%,1863
Age of Firm,2018,6-15 years,"Employment expectations, next 12 months",Will increase,46%,1859
Age of Firm,2018,16+ years,"Employment expectations, next 12 months",Will increase,31%,2728
Age of Firm,2019,0-5 years,"Employment expectations, next 12 months",Will increase,54%,1344
Age of Firm,2019,6-15 years,"Employment expectations, next 12 months",Will increase,44%,1630
Age of Firm,2019,16+ years,"Employment expectations, next 12 months",Will increase,34%,2050
Age of Firm,2020,0-5 years,"Employment expectations, next 12 months",Will increase,39%,2254
Age of Firm,2020,6-15 years,"Employment expectations, next 12 months",Will increase,34%,3040
Age of Firm,2020,16+ years,"Employment expectations, next 12 months",Will increase,25%,4118
Age of Firm,2021,0-5 years,"Employment expectations, next 12 months",Will increase,48%,2727
Age of Firm,2021,6-15 years,"Employment expectations, next 12 months",Will increase,43%,3522
Age of Firm,2021,16+ years,"Employment expectations, next 12 months",Will increase,34%,4386
Age of Firm,2022,0-5 years,"Employment expectations, next 12 months",Will increase,51%,1971
Age of Firm,2022,6-15 years,"Employment expectations, next 12 months",Will increase,39%,2538
Age of Firm,2022,16+ years,"Employment expectations, next 12 months",Will increase,29%,3090
Age of Firm,2023,0-5 years,"Employment expectations, next 12 months",Will increase,56%,1258
Age of Firm,2023,6-15 years,"Employment expectations, next 12 months",Will increase,34%,1997
Age of Firm,2023,16+ years,"Employment expectations, next 12 months",Will increase,28%,2778
Age of Firm,2016,0-5 years,"Profitability, end of prior year",Operating at a profit,41%,1900
Age of Firm,2016,6-15 years,"Profitability, end of prior year",Operating at a profit,59%,2800
Age of Firm,2016,16+ years,"Profitability, end of prior year",Operating at a profit,64%,4933
Age of Firm,2017,0-5 years,"Profitability, end of prior year",Operating at a profit,42%,1907
Age of Firm,2017,6-15 years,"Profitability, end of prior year",Operating at a profit,61%,2264
Age of Firm,2017,16+ years,"Profitability, end of prior year",Operating at a profit,67%,3659
Age of Firm,2018,0-5 years,"Profitability, end of prior year",Operating at a profit,40%,1692
Age of Firm,2018,6-15 years,"Profitability, end of prior year",Operating at a profit,60%,1855
Age of Firm,2018,16+ years,"Profitability, end of prior year",Operating at a profit,68%,2733
Age of Firm,2019,0-5 years,"Profitability, end of prior year",Operating at a profit,43%,1275
Age of Firm,2019,6-15 years,"Profitability, end of prior year",Operating at a profit,62%,1630
Age of Firm,2019,16+ years,"Profitability, end of prior year",Operating at a profit,67%,2037
Age of Firm,2020,0-5 years,"Profitability, end of prior year",Operating at a profit,49%,2089
Age of Firm,2020,6-15 years,"Profitability, end of prior year",Operating at a profit,71%,3020
Age of Firm,2020,16+ years,"Profitability, end of prior year",Operating at a profit,72%,4116
Age of Firm,2021,0-5 years,"Profitability, end of prior year",Operating at a profit,23%,2427
Age of Firm,2021,6-15 years,"Profitability, end of prior year",Operating at a profit,37%,3474
Age of Firm,2021,16+ years,"Profitability, end of prior year",Operating at a profit,42%,4312
Age of Firm,2022,0-5 years,"Profitability, end of prior year",Operating at a profit,32%,1922
Age of Firm,2022,6-15 years,"Profitability, end of prior year",Operating at a profit,47%,2534
Age of Firm,2022,16+ years,"Profitability, end of prior year",Operating at a profit,54%,3047
Age of Firm,2023,0-5 years,"Profitability, end of prior year",Operating at a profit,31%,1180
Age of Firm,2023,6-15 years,"Profitability, end of prior year",Operating at a profit,48%,1978
Age of Firm,2023,16+ years,"Profitability, end of prior year",Operating at a profit,60%,2755
Age of Firm,2016,0-5 years,"Revenue change, prior 12 months",Increased,68%,2032
Age of Firm,2016,6-15 years,"Revenue change, prior 12 months",Increased,47%,2805
Age of Firm,2016,16+ years,"Revenue change, prior 12 months",Increased,38%,4921
Age of Firm,2017,0-5 years,"Revenue change, prior 12 months",Increased,68%,2101
Age of Firm,2017,6-15 years,"Revenue change, prior 12 months",Increased,48%,2245
Age of Firm,2017,16+ years,"Revenue change, prior 12 months",Increased,43%,3637
Age of Firm,2018,0-5 years,"Revenue change, prior 12 months",Increased,69%,1848
Age of Firm,2018,6-15 years,"Revenue change, prior 12 months",Increased,54%,1860
Age of Firm,2018,16+ years,"Revenue change, prior 12 months",Increased,49%,2730
Age of Firm,2019,0-5 years,"Revenue change, prior 12 months",Increased,69%,1333
Age of Firm,2019,6-15 years,"Revenue change, prior 12 months",Increased,54%,1610
Age of Firm,2019,16+ years,"Revenue change, prior 12 months",Increased,46%,2040
Age of Firm,2020,0-5 years,"Revenue change, prior 12 months",Increased,15%,2300
Age of Firm,2020,6-15 years,"Revenue change, prior 12 months",Increased,13%,3078
Age of Firm,2020,16+ years,"Revenue change, prior 12 months",Increased,14%,4183
Age of Firm,2021,0-5 years,"Revenue change, prior 12 months",Increased,39%,2745
Age of Firm,2021,6-15 years,"Revenue change, prior 12 months",Increased,39%,3517
Age of Firm,2021,16+ years,"Revenue change, prior 12 months",Increased,36%,4355
Age of Firm,2022,0-5 years,"Revenue change, prior 12 months",Increased,50%,2005
Age of Firm,2022,6-15 years,"Revenue change, prior 12 months",Increased,43%,2534
Age of Firm,2022,16+ years,"Revenue change, prior 12 months",Increased,41%,3050
Age of Firm,2023,0-5 years,"Revenue change, prior 12 months",Increased,54%,1217
Age of Firm,2023,6-15 years,"Revenue change, prior 12 months",Increased,39%,1941
Age of Firm,2023,16+ years,"Revenue change, prior 12 months",Increased,35%,2698
Age of Firm,2016,0-5 years,"Revenue expectations, next 12 months",Will increase,86%,2047
Age of Firm,2016,6-15 years,"Revenue expectations, next 12 months",Will increase,66%,2816
Age of Firm,2016,16+ years,"Revenue expectations, next 12 months",Will increase,55%,4932
Age of Firm,2017,0-5 years,"Revenue expectations, next 12 months",Will increase,85%,2124
Age of Firm,2017,6-15 years,"Revenue expectations, next 12 months",Will increase,70%,2272
Age of Firm,2017,16+ years,"Revenue expectations, next 12 months",Will increase,62%,3677
Age of Firm,2018,0-5 years,"Revenue expectations, next 12 months",Will increase,84%,1866
Age of Firm,2018,6-15 years,"Revenue expectations, next 12 months",Will increase,71%,1876
Age of Firm,2018,16+ years,"Revenue expectations, next 12 months",Will increase,62%,2738
Age of Firm,2019,0-5 years,"Revenue expectations, next 12 months",Will increase,81%,1327
Age of Firm,2019,6-15 years,"Revenue expectations, next 12 months",Will increase,70%,1622
Age of Firm,2019,16+ years,"Revenue expectations, next 12 months",Will increase,56%,2018
Age of Firm,2020,0-5 years,"Revenue expectations, next 12 months",Will increase,50%,2315
Age of Firm,2020,6-15 years,"Revenue expectations, next 12 months",Will increase,40%,3105
Age of Firm,2020,16+ years,"Revenue expectations, next 12 months",Will increase,35%,4196
Age of Firm,2021,0-5 years,"Revenue expectations, next 12 months",Will increase,65%,2763
Age of Firm,2021,6-15 years,"Revenue expectations, next 12 months",Will increase,61%,3540
Age of Firm,2021,16+ years,"Revenue expectations, next 12 months",Will increase,52%,4389
Age of Firm,2022,0-5 years,"Revenue expectations, next 12 months",Will increase,70%,2023
Age of Firm,2022,6-15 years,"Revenue expectations, next 12 months",Will increase,55%,2574
Age of Firm,2022,16+ years,"Revenue expectations, next 12 months",Will increase,45%,3077
Age of Firm,2023,0-5 years,"Revenue expectations, next 12 months",Will increase,72%,1223
Age of Firm,2023,6-15 years,"Revenue expectations, next 12 months",Will increase,57%,1970
Age of Firm,2023,16+ years,"Revenue expectations, next 12 months",Will increase,45%,2752
Age of Firm,2016,0-5 years,Share that experienced a financial challenge,Experienced a financial challenge,68%,2037
Age of Firm,2016,6-15 years,Share that experienced a financial challenge,Experienced a financial challenge,62%,2801
Age of Firm,2016,16+ years,Share that experienced a financial challenge,Experienced a financial challenge,45%,4872
Age of Firm,2017,0-5 years,Share that experienced a financial challenge,Experienced a financial challenge,71%,2131
Age of Firm,2017,6-15 years,Share that experienced a financial challenge,Experienced a financial challenge,66%,2291
Age of Firm,2017,16+ years,Share that experienced a financial challenge,Experienced a financial challenge,53%,3675
Age of Firm,2018,0-5 years,Share that experienced a financial challenge,Experienced a financial challenge,71%,1876
Age of Firm,2018,6-15 years,Share that experienced a financial challenge,Experienced a financial challenge,67%,1881
Age of Firm,2018,16+ years,Share that experienced a financial challenge,Experienced a financial challenge,53%,2733
Age of Firm,2019,0-5 years,Share that experienced a financial challenge,Experienced a financial challenge,73%,1375
Age of Firm,2019,6-15 years,Share that experienced a financial challenge,Experienced a financial challenge,68%,1662
Age of Firm,2019,16+ years,Share that experienced a financial challenge,Experienced a financial challenge,58%,2063
Age of Firm,2020,0-5 years,Share that experienced a financial challenge,Experienced a financial challenge,89%,2329
Age of Firm,2020,6-15 years,Share that experienced a financial challenge,Experienced a financial challenge,83%,3110
Age of Firm,2020,16+ years,Share that experienced a financial challenge,Experienced a financial challenge,72%,4206
Age of Firm,2021,0-5 years,Share that experienced a financial challenge,Experienced a financial challenge,92%,2827
Age of Firm,2021,6-15 years,Share that experienced a financial challenge,Experienced a financial challenge,85%,3595
Age of Firm,2021,16+ years,Share that experienced a financial challenge,Experienced a financial challenge,81%,4429
Age of Firm,2022,0-5 years,Share that experienced a financial challenge,Experienced a financial challenge,96%,2071
Age of Firm,2022,6-15 years,Share that experienced a financial challenge,Experienced a financial challenge,94%,2612
Age of Firm,2022,16+ years,Share that experienced a financial challenge,Experienced a financial challenge,92%,3154
Age of Firm,2023,0-5 years,Share that experienced a financial challenge,Experienced a financial challenge,95%,1265
Age of Firm,2023,6-15 years,Share that experienced a financial challenge,Experienced a financial challenge,94%,2027
Age of Firm,2023,16+ years,Share that experienced a financial challenge,Experienced a financial challenge,90%,2811
Age of Firm,2016,0-5 years,Share with outstanding debt,Have outstanding debt,73%,1970
Age of Firm,2016,6-15 years,Share with outstanding debt,Have outstanding debt,70%,2690
Age of Firm,2016,16+ years,Share with outstanding debt,Have outstanding debt,65%,4663
Age of Firm,2017,0-5 years,Share with outstanding debt,Have outstanding debt,70%,2110
Age of Firm,2017,6-15 years,Share with outstanding debt,Have outstanding debt,68%,2255
Age of Firm,2017,16+ years,Share with outstanding debt,Have outstanding debt,64%,3593
Age of Firm,2018,0-5 years,Share with outstanding debt,Have outstanding debt,70%,1865
Age of Firm,2018,6-15 years,Share with outstanding debt,Have outstanding debt,73%,1872
Age of Firm,2018,16+ years,Share with outstanding debt,Have outstanding debt,67%,2714
Age of Firm,2019,0-5 years,Share with outstanding debt,Have outstanding debt,70%,1359
Age of Firm,2019,6-15 years,Share with outstanding debt,Have outstanding debt,73%,1650
Age of Firm,2019,16+ years,Share with outstanding debt,Have outstanding debt,71%,2054
Age of Firm,2020,0-5 years,Share with outstanding debt,Have outstanding debt,81%,2270
Age of Firm,2020,6-15 years,Share with outstanding debt,Have outstanding debt,83%,3068
Age of Firm,2020,16+ years,Share with outstanding debt,Have outstanding debt,76%,4105
Age of Firm,2021,0-5 years,Share with outstanding debt,Have outstanding debt,78%,2776
Age of Firm,2021,6-15 years,Share with outstanding debt,Have outstanding debt,73%,3528
Age of Firm,2021,16+ years,Share with outstanding debt,Have outstanding debt,72%,4375
Age of Firm,2022,0-5 years,Share with outstanding debt,Have outstanding debt,74%,2023
Age of Firm,2022,6-15 years,Share with outstanding debt,Have outstanding debt,77%,2591
Age of Firm,2022,16+ years,Share with outstanding debt,Have outstanding debt,67%,3094
Age of Firm,2023,0-5 years,Share with outstanding debt,Have outstanding debt,73%,1256
Age of Firm,2023,6-15 years,Share with outstanding debt,Have outstanding debt,77%,2024
Age of Firm,2023,16+ years,Share with outstanding debt,Have outstanding debt,66%,2779
Credit Risk,2017,Low credit risk,Actions taken in response to financial challenges,Used personal funds,65%,2088
Credit Risk,2017,Medium credit risk,Actions taken in response to financial challenges,Used personal funds,76%,1103
Credit Risk,2017,High credit risk,Actions taken in response to financial challenges,Used personal funds,84%,323
Credit Risk,2018,Low credit risk,Actions taken in response to financial challenges,Used personal funds,65%,1575
Credit Risk,2018,Medium credit risk,Actions taken in response to financial challenges,Used personal funds,76%,984
Credit Risk,2018,High credit risk,Actions taken in response to financial challenges,Used personal funds,80%,296
Credit Risk,2020,Low credit risk,Actions taken in response to financial challenges,Used personal funds,61%,3708
Credit Risk,2020,Medium credit risk,Actions taken in response to financial challenges,Used personal funds,72%,1744
Credit Risk,2020,High credit risk,Actions taken in response to financial challenges,Used personal funds,86%,471
Credit Risk,2021,Low credit risk,Actions taken in response to financial challenges,Used personal funds,58%,4344
Credit Risk,2021,Medium credit risk,Actions taken in response to financial challenges,Used personal funds,74%,2092
Credit Risk,2021,High credit risk,Actions taken in response to financial challenges,Used personal funds,79%,618
Credit Risk,2022,Low credit risk,Actions taken in response to financial challenges,Used personal funds,49%,3479
Credit Risk,2022,Medium credit risk,Actions taken in response to financial challenges,Used personal funds,73%,1655
Credit Risk,2022,High credit risk,Actions taken in response to financial challenges,Used personal funds,80%,520
Credit Risk,2023,Low credit risk,Actions taken in response to financial challenges,Used personal funds,49%,2852
Credit Risk,2023,Medium credit risk,Actions taken in response to financial challenges,Used personal funds,77%,1159
Credit Risk,2023,High credit risk,Actions taken in response to financial challenges,Used personal funds,79%,345
Credit Risk,2017,Low credit risk,Applications for financing,"Applied for a loan, line of credit, or merchant cash advance",34%,3714
Credit Risk,2017,Medium credit risk,Applications for financing,"Applied for a loan, line of credit, or merchant cash advance",54%,1296
Credit Risk,2017,High credit risk,Applications for financing,"Applied for a loan, line of credit, or merchant cash advance",42%,339
Credit Risk,2018,Low credit risk,Applications for financing,"Applied for a loan, line of credit, or merchant cash advance",35%,2878
Credit Risk,2018,Medium credit risk,Applications for financing,"Applied for a loan, line of credit, or merchant cash advance",51%,1166
Credit Risk,2018,High credit risk,Applications for financing,"Applied for a loan, line of credit, or merchant cash advance",47%,303
Credit Risk,2019,Low credit risk,Applications for financing,"Applied for a loan, line of credit, or merchant cash advance",35%,2202
Credit Risk,2019,Medium credit risk,Applications for financing,"Applied for a loan, line of credit, or merchant cash advance",54%,931
Credit Risk,2019,High credit risk,Applications for financing,"Applied for a loan, line of credit, or merchant cash advance",56%,282
Credit Risk,2020,Low credit risk,Applications for financing,"Applied for a loan, line of credit, or merchant cash advance",26%,4619
Credit Risk,2020,Medium credit risk,Applications for financing,"Applied for a loan, line of credit, or merchant cash advance",39%,1830
Credit Risk,2020,High credit risk,Applications for financing,"Applied for a loan, line of credit, or merchant cash advance",43%,463
Credit Risk,2021,Low credit risk,Applications for financing,"Applied for a loan, line of credit, or merchant cash advance",23%,5024
Credit Risk,2021,Medium credit risk,Applications for financing,"Applied for a loan, line of credit, or merchant cash advance",37%,2138
Credit Risk,2021,High credit risk,Applications for financing,"Applied for a loan, line of credit, or merchant cash advance",46%,618
Credit Risk,2022,Low credit risk,Applications for financing,"Applied for a loan, line of credit, or merchant cash advance",40%,3673
Credit Risk,2022,Medium credit risk,Applications for financing,"Applied for a loan, line of credit, or merchant cash advance",56%,1675
Credit Risk,2022,High credit risk,Applications for financing,"Applied for a loan, line of credit, or merchant cash advance",60%,531
Credit Risk,2023,Low credit risk,Applications for financing,"Applied for a loan, line of credit, or merchant cash advance",35%,3042
Credit Risk,2023,Medium credit risk,Applications for financing,"Applied for a loan, line of credit, or merchant cash advance",57%,1181
Credit Risk,2023,High credit risk,Applications for financing,"Applied for a loan, line of credit, or merchant cash advance",64%,347
Credit Risk,2017,Low credit risk,Best outcome on loan/LOC/merchant cash advance application(s),All (100%),65%,1295
Credit Risk,2017,Medium credit risk,Best outcome on loan/LOC/merchant cash advance application(s),All (100%),42%,658
Credit Risk,2017,High credit risk,Best outcome on loan/LOC/merchant cash advance application(s),All (100%),27%,164
Credit Risk,2018,Low credit risk,Best outcome on loan/LOC/merchant cash advance application(s),All (100%),68%,1055
Credit Risk,2018,Medium credit risk,Best outcome on loan/LOC/merchant cash advance application(s),All (100%),41%,597
Credit Risk,2018,High credit risk,Best outcome on loan/LOC/merchant cash advance application(s),All (100%),20%,144
Credit Risk,2019,Low credit risk,Best outcome on loan/LOC/merchant cash advance application(s),All (100%),73%,836
Credit Risk,2019,Medium credit risk,Best outcome on loan/LOC/merchant cash advance application(s),All (100%),50%,485
Credit Risk,2019,High credit risk,Best outcome on loan/LOC/merchant cash advance application(s),All (100%),29%,153
Credit Risk,2020,Low credit risk,Best outcome on loan/LOC/merchant cash advance application(s),All (100%),63%,1160
Credit Risk,2020,Medium credit risk,Best outcome on loan/LOC/merchant cash advance application(s),All (100%),32%,694
Credit Risk,2020,High credit risk,Best outcome on loan/LOC/merchant cash advance application(s),All (100%),14%,188
Credit Risk,2021,Low credit risk,Best outcome on loan/LOC/merchant cash advance application(s),All (100%),58%,1089
Credit Risk,2021,Medium credit risk,Best outcome on loan/LOC/merchant cash advance application(s),All (100%),34%,700
Credit Risk,2021,High credit risk,Best outcome on loan/LOC/merchant cash advance application(s),All (100%),14%,252
Credit Risk,2022,Low credit risk,Best outcome on loan/LOC/merchant cash advance application(s),All (100%),60%,1400
Credit Risk,2022,Medium credit risk,Best outcome on loan/LOC/merchant cash advance application(s),All (100%),37%,851
Credit Risk,2022,High credit risk,Best outcome on loan/LOC/merchant cash advance application(s),All (100%),19%,299
Credit Risk,2023,Low credit risk,Best outcome on loan/LOC/merchant cash advance application(s),All (100%),62%,980
Credit Risk,2023,Medium credit risk,Best outcome on loan/LOC/merchant cash advance application(s),All (100%),33%,623
Credit Risk,2023,High credit risk,Best outcome on loan/LOC/merchant cash advance application(s),All (100%),13%,204
Credit Risk,2020,Low credit risk,Current financial condition,Poor or fair,52%,4708
Credit Risk,2020,Medium credit risk,Current financial condition,Poor or fair,72%,1866
Credit Risk,2020,High credit risk,Current financial condition,Poor or fair,92%,477
Credit Risk,2021,Low credit risk,Current financial condition,Poor or fair,52%,5129
Credit Risk,2021,Medium credit risk,Current financial condition,Poor or fair,76%,2190
Credit Risk,2021,High credit risk,Current financial condition,Poor or fair,88%,635
Credit Risk,2022,Low credit risk,Current financial condition,Poor or fair,50%,3673
Credit Risk,2022,Medium credit risk,Current financial condition,Poor or fair,74%,1675
Credit Risk,2022,High credit risk,Current financial condition,Poor or fair,88%,531
Credit Risk,2023,Low credit risk,Current financial condition,Poor or fair,49%,3041
Credit Risk,2023,Medium credit risk,Current financial condition,Poor or fair,74%,1181
Credit Risk,2023,High credit risk,Current financial condition,Poor or fair,86%,347
Credit Risk,2017,Low credit risk,"Employment change, prior 12 months",Increased,36%,3490
Credit Risk,2017,Medium credit risk,"Employment change, prior 12 months",Increased,36%,1212
Credit Risk,2017,High credit risk,"Employment change, prior 12 months",Increased,28%,312
Credit Risk,2018,Low credit risk,"Employment change, prior 12 months",Increased,38%,2691
Credit Risk,2018,Medium credit risk,"Employment change, prior 12 months",Increased,38%,1095
Credit Risk,2018,High credit risk,"Employment change, prior 12 months",Increased,31%,277
Credit Risk,2019,Low credit risk,"Employment change, prior 12 months",Increased,39%,2072
Credit Risk,2019,Medium credit risk,"Employment change, prior 12 months",Increased,36%,857
Credit Risk,2019,High credit risk,"Employment change, prior 12 months",Increased,34%,263
Credit Risk,2020,Low credit risk,"Employment change, prior 12 months",Increased,13%,4610
Credit Risk,2020,Medium credit risk,"Employment change, prior 12 months",Increased,11%,1806
Credit Risk,2020,High credit risk,"Employment change, prior 12 months",Increased,7%,459
Credit Risk,2021,Low credit risk,"Employment change, prior 12 months",Increased,26%,5023
Credit Risk,2021,Medium credit risk,"Employment change, prior 12 months",Increased,22%,2091
Credit Risk,2021,High credit risk,"Employment change, prior 12 months",Increased,15%,604
Credit Risk,2022,Low credit risk,"Employment change, prior 12 months",Increased,31%,3563
Credit Risk,2022,Medium credit risk,"Employment change, prior 12 months",Increased,29%,1585
Credit Risk,2022,High credit risk,"Employment change, prior 12 months",Increased,25%,497
Credit Risk,2023,Low credit risk,"Employment change, prior 12 months",Increased,30%,2983
Credit Risk,2023,Medium credit risk,"Employment change, prior 12 months",Increased,31%,1145
Credit Risk,2023,High credit risk,"Employment change, prior 12 months",Increased,27%,332
Credit Risk,2017,Low credit risk,"Employment expectations, next 12 months",Will increase,48%,3512
Credit Risk,2017,Medium credit risk,"Employment expectations, next 12 months",Will increase,53%,1221
Credit Risk,2017,High credit risk,"Employment expectations, next 12 months",Will increase,47%,313
Credit Risk,2018,Low credit risk,"Employment expectations, next 12 months",Will increase,45%,2807
Credit Risk,2018,Medium credit risk,"Employment expectations, next 12 months",Will increase,49%,1137
Credit Risk,2018,High credit risk,"Employment expectations, next 12 months",Will increase,53%,292
Credit Risk,2019,Low credit risk,"Employment expectations, next 12 months",Will increase,44%,2163
Credit Risk,2019,Medium credit risk,"Employment expectations, next 12 months",Will increase,52%,907
Credit Risk,2019,High credit risk,"Employment expectations, next 12 months",Will increase,56%,266
Credit Risk,2020,Low credit risk,"Employment expectations, next 12 months",Will increase,32%,4617
Credit Risk,2020,Medium credit risk,"Employment expectations, next 12 months",Will increase,37%,1813
Credit Risk,2020,High credit risk,"Employment expectations, next 12 months",Will increase,33%,458
Credit Risk,2021,Low credit risk,"Employment expectations, next 12 months",Will increase,41%,5049
Credit Risk,2021,Medium credit risk,"Employment expectations, next 12 months",Will increase,43%,2114
Credit Risk,2021,High credit risk,"Employment expectations, next 12 months",Will increase,40%,613
Credit Risk,2022,Low credit risk,"Employment expectations, next 12 months",Will increase,37%,3590
Credit Risk,2022,Medium credit risk,"Employment expectations, next 12 months",Will increase,43%,1600
Credit Risk,2022,High credit risk,"Employment expectations, next 12 months",Will increase,47%,504
Credit Risk,2023,Low credit risk,"Employment expectations, next 12 months",Will increase,37%,2997
Credit Risk,2023,Medium credit risk,"Employment expectations, next 12 months",Will increase,44%,1157
Credit Risk,2023,High credit risk,"Employment expectations, next 12 months",Will increase,45%,338
Credit Risk,2017,Low credit risk,"Profitability, end of prior year",Operating at a profit,62%,3584
Credit Risk,2017,Medium credit risk,"Profitability, end of prior year",Operating at a profit,48%,1236
Credit Risk,2017,High credit risk,"Profitability, end of prior year",Operating at a profit,35%,307
Credit Risk,2018,Low credit risk,"Profitability, end of prior year",Operating at a profit,63%,2775
Credit Risk,2018,Medium credit risk,"Profitability, end of prior year",Operating at a profit,46%,1097
Credit Risk,2018,High credit risk,"Profitability, end of prior year",Operating at a profit,29%,274
Credit Risk,2019,Low credit risk,"Profitability, end of prior year",Operating at a profit,63%,2143
Credit Risk,2019,Medium credit risk,"Profitability, end of prior year",Operating at a profit,49%,879
Credit Risk,2019,High credit risk,"Profitability, end of prior year",Operating at a profit,30%,264
Credit Risk,2020,Low credit risk,"Profitability, end of prior year",Operating at a profit,69%,4559
Credit Risk,2020,Medium credit risk,"Profitability, end of prior year",Operating at a profit,58%,1781
Credit Risk,2020,High credit risk,"Profitability, end of prior year",Operating at a profit,45%,441
Credit Risk,2021,Low credit risk,"Profitability, end of prior year",Operating at a profit,40%,4882
Credit Risk,2021,Medium credit risk,"Profitability, end of prior year",Operating at a profit,21%,2036
Credit Risk,2021,High credit risk,"Profitability, end of prior year",Operating at a profit,17%,558
Credit Risk,2022,Low credit risk,"Profitability, end of prior year",Operating at a profit,52%,3553
Credit Risk,2022,Medium credit risk,"Profitability, end of prior year",Operating at a profit,28%,1589
Credit Risk,2022,High credit risk,"Profitability, end of prior year",Operating at a profit,20%,498
Credit Risk,2023,Low credit risk,"Profitability, end of prior year",Operating at a profit,54%,2967
Credit Risk,2023,Medium credit risk,"Profitability, end of prior year",Operating at a profit,26%,1133
Credit Risk,2023,High credit risk,"Profitability, end of prior year",Operating at a profit,18%,326
Credit Risk,2017,Low credit risk,"Revenue change, prior 12 months",Increased,53%,3633
Credit Risk,2017,Medium credit risk,"Revenue change, prior 12 months",Increased,56%,1273
Credit Risk,2017,High credit risk,"Revenue change, prior 12 months",Increased,45%,329
Credit Risk,2018,Low credit risk,"Revenue change, prior 12 months",Increased,57%,2803
Credit Risk,2018,Medium credit risk,"Revenue change, prior 12 months",Increased,61%,1137
Credit Risk,2018,High credit risk,"Revenue change, prior 12 months",Increased,50%,291
Credit Risk,2019,Low credit risk,"Revenue change, prior 12 months",Increased,59%,2133
Credit Risk,2019,Medium credit risk,"Revenue change, prior 12 months",Increased,56%,904
Credit Risk,2019,High credit risk,"Revenue change, prior 12 months",Increased,49%,275
Credit Risk,2020,Low credit risk,"Revenue change, prior 12 months",Increased,15%,4654
Credit Risk,2020,Medium credit risk,"Revenue change, prior 12 months",Increased,12%,1853
Credit Risk,2020,High credit risk,"Revenue change, prior 12 months",Increased,7%,468
Credit Risk,2021,Low credit risk,"Revenue change, prior 12 months",Increased,42%,5000
Credit Risk,2021,Medium credit risk,"Revenue change, prior 12 months",Increased,32%,2138
Credit Risk,2021,High credit risk,"Revenue change, prior 12 months",Increased,22%,617
Credit Risk,2022,Low credit risk,"Revenue change, prior 12 months",Increased,47%,3551
Credit Risk,2022,Medium credit risk,"Revenue change, prior 12 months",Increased,40%,1618
Credit Risk,2022,High credit risk,"Revenue change, prior 12 months",Increased,35%,506
Credit Risk,2023,Low credit risk,"Revenue change, prior 12 months",Increased,45%,2912
Credit Risk,2023,Medium credit risk,"Revenue change, prior 12 months",Increased,40%,1123
Credit Risk,2023,High credit risk,"Revenue change, prior 12 months",Increased,37%,331
Credit Risk,2017,Low credit risk,"Revenue expectations, next 12 months",Will increase,72%,3673
Credit Risk,2017,Medium credit risk,"Revenue expectations, next 12 months",Will increase,78%,1278
Credit Risk,2017,High credit risk,"Revenue expectations, next 12 months",Will increase,76%,333
Credit Risk,2018,Low credit risk,"Revenue expectations, next 12 months",Will increase,72%,2816
Credit Risk,2018,Medium credit risk,"Revenue expectations, next 12 months",Will increase,78%,1144
Credit Risk,2018,High credit risk,"Revenue expectations, next 12 months",Will increase,76%,296
Credit Risk,2019,Low credit risk,"Revenue expectations, next 12 months",Will increase,69%,2114
Credit Risk,2019,Medium credit risk,"Revenue expectations, next 12 months",Will increase,73%,903
Credit Risk,2019,High credit risk,"Revenue expectations, next 12 months",Will increase,75%,269
Credit Risk,2020,Low credit risk,"Revenue expectations, next 12 months",Will increase,42%,4686
Credit Risk,2020,Medium credit risk,"Revenue expectations, next 12 months",Will increase,45%,1860
Credit Risk,2020,High credit risk,"Revenue expectations, next 12 months",Will increase,39%,475
Credit Risk,2021,Low credit risk,"Revenue expectations, next 12 months",Will increase,60%,5040
Credit Risk,2021,Medium credit risk,"Revenue expectations, next 12 months",Will increase,59%,2148
Credit Risk,2021,High credit risk,"Revenue expectations, next 12 months",Will increase,53%,619
Credit Risk,2022,Low credit risk,"Revenue expectations, next 12 months",Will increase,55%,3588
Credit Risk,2022,Medium credit risk,"Revenue expectations, next 12 months",Will increase,60%,1634
Credit Risk,2022,High credit risk,"Revenue expectations, next 12 months",Will increase,68%,516
Credit Risk,2023,Low credit risk,"Revenue expectations, next 12 months",Will increase,56%,2956
Credit Risk,2023,Medium credit risk,"Revenue expectations, next 12 months",Will increase,63%,1140
Credit Risk,2023,High credit risk,"Revenue expectations, next 12 months",Will increase,64%,333
Credit Risk,2017,Low credit risk,Share that experienced a financial challenge,Experienced a financial challenge,60%,3679
Credit Risk,2017,Medium credit risk,Share that experienced a financial challenge,Experienced a financial challenge,85%,1293
Credit Risk,2017,High credit risk,Share that experienced a financial challenge,Experienced a financial challenge,95%,339
Credit Risk,2018,Low credit risk,Share that experienced a financial challenge,Experienced a financial challenge,57%,2820
Credit Risk,2018,Medium credit risk,Share that experienced a financial challenge,Experienced a financial challenge,85%,1154
Credit Risk,2018,High credit risk,Share that experienced a financial challenge,Experienced a financial challenge,99%,302
Credit Risk,2019,Low credit risk,Share that experienced a financial challenge,Experienced a financial challenge,60%,2179
Credit Risk,2019,Medium credit risk,Share that experienced a financial challenge,Experienced a financial challenge,83%,926
Credit Risk,2019,High credit risk,Share that experienced a financial challenge,Experienced a financial challenge,95%,281
Credit Risk,2020,Low credit risk,Share that experienced a financial challenge,Experienced a financial challenge,77%,4696
Credit Risk,2020,Medium credit risk,Share that experienced a financial challenge,Experienced a financial challenge,95%,1872
Credit Risk,2020,High credit risk,Share that experienced a financial challenge,Experienced a financial challenge,99%,479
Credit Risk,2021,Low credit risk,Share that experienced a financial challenge,Experienced a financial challenge,83%,5099
Credit Risk,2021,Medium credit risk,Share that experienced a financial challenge,Experienced a financial challenge,95%,2185
Credit Risk,2021,High credit risk,Share that experienced a financial challenge,Experienced a financial challenge,97%,633
Credit Risk,2022,Low credit risk,Share that experienced a financial challenge,Experienced a financial challenge,93%,3660
Credit Risk,2022,Medium credit risk,Share that experienced a financial challenge,Experienced a financial challenge,98%,1670
Credit Risk,2022,High credit risk,Share that experienced a financial challenge,Experienced a financial challenge,99%,531
Credit Risk,2023,Low credit risk,Share that experienced a financial challenge,Experienced a financial challenge,92%,3030
Credit Risk,2023,Medium credit risk,Share that experienced a financial challenge,Experienced a financial challenge,99%,1179
Credit Risk,2023,High credit risk,Share that experienced a financial challenge,Experienced a financial challenge,100%,346
Credit Risk,2017,Low credit risk,Share with outstanding debt,Have outstanding debt,69%,3663
Credit Risk,2017,Medium credit risk,Share with outstanding debt,Have outstanding debt,80%,1279
Credit Risk,2017,High credit risk,Share with outstanding debt,Have outstanding debt,78%,335
Credit Risk,2018,Low credit risk,Share with outstanding debt,Have outstanding debt,70%,2838
Credit Risk,2018,Medium credit risk,Share with outstanding debt,Have outstanding debt,82%,1151
Credit Risk,2018,High credit risk,Share with outstanding debt,Have outstanding debt,75%,295
Credit Risk,2019,Low credit risk,Share with outstanding debt,Have outstanding debt,73%,2183
Credit Risk,2019,Medium credit risk,Share with outstanding debt,Have outstanding debt,82%,922
Credit Risk,2019,High credit risk,Share with outstanding debt,Have outstanding debt,87%,277
Credit Risk,2020,Low credit risk,Share with outstanding debt,Have outstanding debt,81%,4642
Credit Risk,2020,Medium credit risk,Share with outstanding debt,Have outstanding debt,91%,1850
Credit Risk,2020,High credit risk,Share with outstanding debt,Have outstanding debt,86%,466
Credit Risk,2021,Low credit risk,Share with outstanding debt,Have outstanding debt,73%,5080
Credit Risk,2021,Medium credit risk,Share with outstanding debt,Have outstanding debt,88%,2165
Credit Risk,2021,High credit risk,Share with outstanding debt,Have outstanding debt,83%,623
Credit Risk,2022,Low credit risk,Share with outstanding debt,Have outstanding debt,72%,3636
Credit Risk,2022,Medium credit risk,Share with outstanding debt,Have outstanding debt,83%,1648
Credit Risk,2022,High credit risk,Share with outstanding debt,Have outstanding debt,82%,524
Credit Risk,2023,Low credit risk,Share with outstanding debt,Have outstanding debt,73%,3024
Credit Risk,2023,Medium credit risk,Share with outstanding debt,Have outstanding debt,84%,1168
Credit Risk,2023,High credit risk,Share with outstanding debt,Have outstanding debt,84%,342
LGBTQ Ownership,2020,Majority-owned by LGBTQ owner(s),Actions taken in response to financial challenges,Used personal funds,69%,273
LGBTQ Ownership,2020,Not majority-owned by LGBTQ owner(s),Actions taken in response to financial challenges,Used personal funds,62%,7160
LGBTQ Ownership,2021,Majority-owned by LGBTQ owner(s),Actions taken in response to financial challenges,Used personal funds,73%,411
LGBTQ Ownership,2021,Not majority-owned by LGBTQ owner(s),Actions taken in response to financial challenges,Used personal funds,60%,8641
LGBTQ Ownership,2022,Majority-owned by LGBTQ owner(s),Actions taken in response to financial challenges,Used personal funds,59%,464
LGBTQ Ownership,2022,Not majority-owned by LGBTQ owner(s),Actions taken in response to financial challenges,Used personal funds,53%,6786
LGBTQ Ownership,2023,Majority-owned by LGBTQ owner(s),Actions taken in response to financial challenges,Used personal funds,62%,277
LGBTQ Ownership,2023,Not majority-owned by LGBTQ owner(s),Actions taken in response to financial challenges,Used personal funds,53%,4847
LGBTQ Ownership,2020,Majority-owned by LGBTQ owner(s),Applications for financing,"Applied for a loan, line of credit, or merchant cash advance",26%,297
LGBTQ Ownership,2020,Not majority-owned by LGBTQ owner(s),Applications for financing,"Applied for a loan, line of credit, or merchant cash advance",28%,8553
LGBTQ Ownership,2021,Majority-owned by LGBTQ owner(s),Applications for financing,"Applied for a loan, line of credit, or merchant cash advance",28%,432
LGBTQ Ownership,2021,Not majority-owned by LGBTQ owner(s),Applications for financing,"Applied for a loan, line of credit, or merchant cash advance",24%,9620
LGBTQ Ownership,2022,Majority-owned by LGBTQ owner(s),Applications for financing,"Applied for a loan, line of credit, or merchant cash advance",39%,481
LGBTQ Ownership,2022,Not majority-owned by LGBTQ owner(s),Applications for financing,"Applied for a loan, line of credit, or merchant cash advance",40%,7124
LGBTQ Ownership,2023,Majority-owned by LGBTQ owner(s),Applications for financing,"Applied for a loan, line of credit, or merchant cash advance",42%,288
LGBTQ Ownership,2023,Not majority-owned by LGBTQ owner(s),Applications for financing,"Applied for a loan, line of credit, or merchant cash advance",37%,5146
LGBTQ Ownership,2020,Majority-owned by LGBTQ owner(s),Best outcome on loan/LOC/merchant cash advance application(s),All (100%),39%,83
LGBTQ Ownership,2020,Not majority-owned by LGBTQ owner(s),Best outcome on loan/LOC/merchant cash advance application(s),All (100%),50%,2279
LGBTQ Ownership,2021,Majority-owned by LGBTQ owner(s),Best outcome on loan/LOC/merchant cash advance application(s),All (100%),29%,124
LGBTQ Ownership,2021,Not majority-owned by LGBTQ owner(s),Best outcome on loan/LOC/merchant cash advance application(s),All (100%),47%,2225
LGBTQ Ownership,2022,Majority-owned by LGBTQ owner(s),Best outcome on loan/LOC/merchant cash advance application(s),All (100%),47%,186
LGBTQ Ownership,2022,Not majority-owned by LGBTQ owner(s),Best outcome on loan/LOC/merchant cash advance application(s),All (100%),53%,2770
LGBTQ Ownership,2023,Majority-owned by LGBTQ owner(s),Best outcome on loan/LOC/merchant cash advance application(s),All (100%),45%,118
LGBTQ Ownership,2023,Not majority-owned by LGBTQ owner(s),Best outcome on loan/LOC/merchant cash advance application(s),All (100%),52%,1827
LGBTQ Ownership,2020,Majority-owned by LGBTQ owner(s),Current financial condition,Poor or fair,64%,312
LGBTQ Ownership,2020,Not majority-owned by LGBTQ owner(s),Current financial condition,Poor or fair,58%,8786
LGBTQ Ownership,2021,Majority-owned by LGBTQ owner(s),Current financial condition,Poor or fair,63%,444
LGBTQ Ownership,2021,Not majority-owned by LGBTQ owner(s),Current financial condition,Poor or fair,59%,9924
LGBTQ Ownership,2022,Majority-owned by LGBTQ owner(s),Current financial condition,Poor or fair,53%,481
LGBTQ Ownership,2022,Not majority-owned by LGBTQ owner(s),Current financial condition,Poor or fair,57%,7124
LGBTQ Ownership,2023,Majority-owned by LGBTQ owner(s),Current financial condition,Poor or fair,61%,288
LGBTQ Ownership,2023,Not majority-owned by LGBTQ owner(s),Current financial condition,Poor or fair,55%,5145
LGBTQ Ownership,2020,Majority-owned by LGBTQ owner(s),"Employment change, prior 12 months",Increased,13%,304
LGBTQ Ownership,2020,Not majority-owned by LGBTQ owner(s),"Employment change, prior 12 months",Increased,12%,8550
LGBTQ Ownership,2021,Majority-owned by LGBTQ owner(s),"Employment change, prior 12 months",Increased,26%,423
LGBTQ Ownership,2021,Not majority-owned by LGBTQ owner(s),"Employment change, prior 12 months",Increased,24%,9635
LGBTQ Ownership,2022,Majority-owned by LGBTQ owner(s),"Employment change, prior 12 months",Increased,37%,458
LGBTQ Ownership,2022,Not majority-owned by LGBTQ owner(s),"Employment change, prior 12 months",Increased,28%,6835
LGBTQ Ownership,2023,Majority-owned by LGBTQ owner(s),"Employment change, prior 12 months",Increased,30%,285
LGBTQ Ownership,2023,Not majority-owned by LGBTQ owner(s),"Employment change, prior 12 months",Increased,29%,5042
LGBTQ Ownership,2020,Majority-owned by LGBTQ owner(s),"Employment expectations, next 12 months",Will increase,27%,307
LGBTQ Ownership,2020,Not majority-owned by LGBTQ owner(s),"Employment expectations, next 12 months",Will increase,32%,8570
LGBTQ Ownership,2021,Majority-owned by LGBTQ owner(s),"Employment expectations, next 12 months",Will increase,38%,423
LGBTQ Ownership,2021,Not majority-owned by LGBTQ owner(s),"Employment expectations, next 12 months",Will increase,41%,9697
LGBTQ Ownership,2022,Majority-owned by LGBTQ owner(s),"Employment expectations, next 12 months",Will increase,45%,464
LGBTQ Ownership,2022,Not majority-owned by LGBTQ owner(s),"Employment expectations, next 12 months",Will increase,38%,6883
LGBTQ Ownership,2023,Majority-owned by LGBTQ owner(s),"Employment expectations, next 12 months",Will increase,44%,284
LGBTQ Ownership,2023,Not majority-owned by LGBTQ owner(s),"Employment expectations, next 12 months",Will increase,39%,5070
LGBTQ Ownership,2020,Majority-owned by LGBTQ owner(s),"Profitability, end of prior year",Operating at a profit,66%,297
LGBTQ Ownership,2020,Not majority-owned by LGBTQ owner(s),"Profitability, end of prior year",Operating at a profit,65%,8362
LGBTQ Ownership,2021,Majority-owned by LGBTQ owner(s),"Profitability, end of prior year",Operating at a profit,29%,419
LGBTQ Ownership,2021,Not majority-owned by LGBTQ owner(s),"Profitability, end of prior year",Operating at a profit,35%,9256
LGBTQ Ownership,2022,Majority-owned by LGBTQ owner(s),"Profitability, end of prior year",Operating at a profit,36%,459
LGBTQ Ownership,2022,Not majority-owned by LGBTQ owner(s),"Profitability, end of prior year",Operating at a profit,46%,6785
LGBTQ Ownership,2023,Majority-owned by LGBTQ owner(s),"Profitability, end of prior year",Operating at a profit,40%,281
LGBTQ Ownership,2023,Not majority-owned by LGBTQ owner(s),"Profitability, end of prior year",Operating at a profit,47%,4965
LGBTQ Ownership,2020,Majority-owned by LGBTQ owner(s),"Revenue change, prior 12 months",Increased,13%,310
LGBTQ Ownership,2020,Not majority-owned by LGBTQ owner(s),"Revenue change, prior 12 months",Increased,14%,8689
LGBTQ Ownership,2021,Majority-owned by LGBTQ owner(s),"Revenue change, prior 12 months",Increased,37%,432
LGBTQ Ownership,2021,Not majority-owned by LGBTQ owner(s),"Revenue change, prior 12 months",Increased,38%,9658
LGBTQ Ownership,2022,Majority-owned by LGBTQ owner(s),"Revenue change, prior 12 months",Increased,51%,459
LGBTQ Ownership,2022,Not majority-owned by LGBTQ owner(s),"Revenue change, prior 12 months",Increased,44%,6882
LGBTQ Ownership,2023,Majority-owned by LGBTQ owner(s),"Revenue change, prior 12 months",Increased,47%,279
LGBTQ Ownership,2023,Not majority-owned by LGBTQ owner(s),"Revenue change, prior 12 months",Increased,43%,4910
LGBTQ Ownership,2020,Majority-owned by LGBTQ owner(s),"Revenue expectations, next 12 months",Will increase,39%,311
LGBTQ Ownership,2020,Not majority-owned by LGBTQ owner(s),"Revenue expectations, next 12 months",Will increase,41%,8742
LGBTQ Ownership,2021,Majority-owned by LGBTQ owner(s),"Revenue expectations, next 12 months",Will increase,61%,435
LGBTQ Ownership,2021,Not majority-owned by LGBTQ owner(s),"Revenue expectations, next 12 months",Will increase,58%,9726
LGBTQ Ownership,2022,Majority-owned by LGBTQ owner(s),"Revenue expectations, next 12 months",Will increase,62%,470
LGBTQ Ownership,2022,Not majority-owned by LGBTQ owner(s),"Revenue expectations, next 12 months",Will increase,56%,6953
LGBTQ Ownership,2023,Majority-owned by LGBTQ owner(s),"Revenue expectations, next 12 months",Will increase,61%,281
LGBTQ Ownership,2023,Not majority-owned by LGBTQ owner(s),"Revenue expectations, next 12 months",Will increase,57%,4989
LGBTQ Ownership,2020,Majority-owned by LGBTQ owner(s),Share that experienced a financial challenge,Experienced a financial challenge,85%,312
LGBTQ Ownership,2020,Not majority-owned by LGBTQ owner(s),Share that experienced a financial challenge,Experienced a financial challenge,81%,8767
LGBTQ Ownership,2021,Majority-owned by LGBTQ owner(s),Share that experienced a financial challenge,Experienced a financial challenge,91%,444
LGBTQ Ownership,2021,Not majority-owned by LGBTQ owner(s),Share that experienced a financial challenge,Experienced a financial challenge,85%,9872
LGBTQ Ownership,2022,Majority-owned by LGBTQ owner(s),Share that experienced a financial challenge,Experienced a financial challenge,96%,479
LGBTQ Ownership,2022,Not majority-owned by LGBTQ owner(s),Share that experienced a financial challenge,Experienced a financial challenge,94%,7102
LGBTQ Ownership,2023,Majority-owned by LGBTQ owner(s),Share that experienced a financial challenge,Experienced a financial challenge,93%,286
LGBTQ Ownership,2023,Not majority-owned by LGBTQ owner(s),Share that experienced a financial challenge,Experienced a financial challenge,93%,5123
LGBTQ Ownership,2020,Majority-owned by LGBTQ owner(s),Share with outstanding debt,Have outstanding debt,87%,305
LGBTQ Ownership,2020,Not majority-owned by LGBTQ owner(s),Share with outstanding debt,Have outstanding debt,79%,8584
LGBTQ Ownership,2021,Majority-owned by LGBTQ owner(s),Share with outstanding debt,Have outstanding debt,78%,437
LGBTQ Ownership,2021,Not majority-owned by LGBTQ owner(s),Share with outstanding debt,Have outstanding debt,74%,9712
LGBTQ Ownership,2022,Majority-owned by LGBTQ owner(s),Share with outstanding debt,Have outstanding debt,76%,470
LGBTQ Ownership,2022,Not majority-owned by LGBTQ owner(s),Share with outstanding debt,Have outstanding debt,72%,6980
LGBTQ Ownership,2023,Majority-owned by LGBTQ owner(s),Share with outstanding debt,Have outstanding debt,78%,284
LGBTQ Ownership,2023,Not majority-owned by LGBTQ owner(s),Share with outstanding debt,Have outstanding debt,72%,5087
Immigrant Ownership,2017,Majority-owned by immigrants,Actions taken in response to financial challenges,Used personal funds,71%,526
Immigrant Ownership,2017,Not majority owned by immigrant(s),Actions taken in response to financial challenges,Used personal funds,66%,3574
Immigrant Ownership,2018,Majority-owned by immigrants,Actions taken in response to financial challenges,Used personal funds,76%,462
Immigrant Ownership,2018,Not majority owned by immigrant(s),Actions taken in response to financial challenges,Used personal funds,66%,2914
Immigrant Ownership,2020,Majority-owned by immigrants,Actions taken in response to financial challenges,Used personal funds,68%,1400
Immigrant Ownership,2020,Not majority owned by immigrant(s),Actions taken in response to financial challenges,Used personal funds,62%,6033
Immigrant Ownership,2021,Majority-owned by immigrants,Actions taken in response to financial challenges,Used personal funds,63%,1879
Immigrant Ownership,2021,Not majority owned by immigrant(s),Actions taken in response to financial challenges,Used personal funds,60%,7173
Immigrant Ownership,2022,Majority-owned by immigrants,Actions taken in response to financial challenges,Used personal funds,58%,1493
Immigrant Ownership,2022,Not majority owned by immigrant(s),Actions taken in response to financial challenges,Used personal funds,52%,5757
Immigrant Ownership,2023,Majority-owned by immigrants,Actions taken in response to financial challenges,Used personal funds,61%,1013
Immigrant Ownership,2023,Not majority owned by immigrant(s),Actions taken in response to financial challenges,Used personal funds,52%,4284
Immigrant Ownership,2017,Majority-owned by immigrants,Applications for financing,"Applied for a loan, line of credit, or merchant cash advance",40%,817
Immigrant Ownership,2017,Not majority owned by immigrant(s),Applications for financing,"Applied for a loan, line of credit, or merchant cash advance",33%,6005
Immigrant Ownership,2018,Majority-owned by immigrants,Applications for financing,"Applied for a loan, line of credit, or merchant cash advance",32%,693
Immigrant Ownership,2018,Not majority owned by immigrant(s),Applications for financing,"Applied for a loan, line of credit, or merchant cash advance",36%,4853
Immigrant Ownership,2019,Majority-owned by immigrants,Applications for financing,"Applied for a loan, line of credit, or merchant cash advance",31%,658
Immigrant Ownership,2019,Not majority owned by immigrant(s),Applications for financing,"Applied for a loan, line of credit, or merchant cash advance",37%,4136
Immigrant Ownership,2020,Majority-owned by immigrants,Applications for financing,"Applied for a loan, line of credit, or merchant cash advance",29%,1559
Immigrant Ownership,2020,Not majority owned by immigrant(s),Applications for financing,"Applied for a loan, line of credit, or merchant cash advance",27%,7291
Immigrant Ownership,2021,Majority-owned by immigrants,Applications for financing,"Applied for a loan, line of credit, or merchant cash advance",26%,1946
Immigrant Ownership,2021,Not majority owned by immigrant(s),Applications for financing,"Applied for a loan, line of credit, or merchant cash advance",24%,8106
Immigrant Ownership,2022,Majority-owned by immigrants,Applications for financing,"Applied for a loan, line of credit, or merchant cash advance",39%,1559
Immigrant Ownership,2022,Not majority owned by immigrant(s),Applications for financing,"Applied for a loan, line of credit, or merchant cash advance",41%,6046
Immigrant Ownership,2023,Majority-owned by immigrants,Applications for financing,"Applied for a loan, line of credit, or merchant cash advance",39%,1067
Immigrant Ownership,2023,Not majority owned by immigrant(s),Applications for financing,"Applied for a loan, line of credit, or merchant cash advance",36%,4555
Immigrant Ownership,2017,Majority-owned by immigrants,Best outcome on loan/LOC/merchant cash advance application(s),All (100%),48%,314
Immigrant Ownership,2017,Not majority owned by immigrant(s),Best outcome on loan/LOC/merchant cash advance application(s),All (100%),59%,2055
Immigrant Ownership,2018,Majority-owned by immigrants,Best outcome on loan/LOC/merchant cash advance application(s),All (100%),48%,249
Immigrant Ownership,2018,Not majority owned by immigrant(s),Best outcome on loan/LOC/merchant cash advance application(s),All (100%),59%,1766
Immigrant Ownership,2019,Majority-owned by immigrants,Best outcome on loan/LOC/merchant cash advance application(s),All (100%),49%,232
Immigrant Ownership,2019,Not majority owned by immigrant(s),Best outcome on loan/LOC/merchant cash advance application(s),All (100%),64%,1548
Immigrant Ownership,2020,Majority-owned by immigrants,Best outcome on loan/LOC/merchant cash advance application(s),All (100%),41%,478
Immigrant Ownership,2020,Not majority owned by immigrant(s),Best outcome on loan/LOC/merchant cash advance application(s),All (100%),52%,1884
Immigrant Ownership,2021,Majority-owned by immigrants,Best outcome on loan/LOC/merchant cash advance application(s),All (100%),39%,497
Immigrant Ownership,2021,Not majority owned by immigrant(s),Best outcome on loan/LOC/merchant cash advance application(s),All (100%),48%,1852
Immigrant Ownership,2022,Majority-owned by immigrants,Best outcome on loan/LOC/merchant cash advance application(s),All (100%),37%,606
Immigrant Ownership,2022,Not majority owned by immigrant(s),Best outcome on loan/LOC/merchant cash advance application(s),All (100%),56%,2350
Immigrant Ownership,2023,Majority-owned by immigrants,Best outcome on loan/LOC/merchant cash advance application(s),All (100%),39%,434
Immigrant Ownership,2023,Not majority owned by immigrant(s),Best outcome on loan/LOC/merchant cash advance application(s),All (100%),53%,1576
Immigrant Ownership,2020,Majority-owned by immigrants,Current financial condition,Poor or fair,71%,1626
Immigrant Ownership,2020,Not majority owned by immigrant(s),Current financial condition,Poor or fair,56%,7472
Immigrant Ownership,2021,Majority-owned by immigrants,Current financial condition,Poor or fair,75%,2049
Immigrant Ownership,2021,Not majority owned by immigrant(s),Current financial condition,Poor or fair,56%,8319
Immigrant Ownership,2022,Majority-owned by immigrants,Current financial condition,Poor or fair,71%,1559
Immigrant Ownership,2022,Not majority owned by immigrant(s),Current financial condition,Poor or fair,54%,6046
Immigrant Ownership,2023,Majority-owned by immigrants,Current financial condition,Poor or fair,65%,1066
Immigrant Ownership,2023,Not majority owned by immigrant(s),Current financial condition,Poor or fair,53%,4555
Immigrant Ownership,2017,Majority-owned by immigrants,"Employment change, prior 12 months",Increased,40%,766
Immigrant Ownership,2017,Not majority owned by immigrant(s),"Employment change, prior 12 months",Increased,35%,5681
Immigrant Ownership,2018,Majority-owned by immigrants,"Employment change, prior 12 months",Increased,33%,626
Immigrant Ownership,2018,Not majority owned by immigrant(s),"Employment change, prior 12 months",Increased,37%,4571
Immigrant Ownership,2019,Majority-owned by immigrants,"Employment change, prior 12 months",Increased,36%,591
Immigrant Ownership,2019,Not majority owned by immigrant(s),"Employment change, prior 12 months",Increased,36%,3904
Immigrant Ownership,2020,Majority-owned by immigrants,"Employment change, prior 12 months",Increased,9%,1558
Immigrant Ownership,2020,Not majority owned by immigrant(s),"Employment change, prior 12 months",Increased,13%,7296
Immigrant Ownership,2021,Majority-owned by immigrants,"Employment change, prior 12 months",Increased,22%,1947
Immigrant Ownership,2021,Not majority owned by immigrant(s),"Employment change, prior 12 months",Increased,24%,8111
Immigrant Ownership,2022,Majority-owned by immigrants,"Employment change, prior 12 months",Increased,23%,1461
Immigrant Ownership,2022,Not majority owned by immigrant(s),"Employment change, prior 12 months",Increased,30%,5832
Immigrant Ownership,2023,Majority-owned by immigrants,"Employment change, prior 12 months",Increased,30%,1032
Immigrant Ownership,2023,Not majority owned by immigrant(s),"Employment change, prior 12 months",Increased,29%,4473
Immigrant Ownership,2017,Majority-owned by immigrants,"Employment expectations, next 12 months",Will increase,58%,767
Immigrant Ownership,2017,Not majority owned by immigrant(s),"Employment expectations, next 12 months",Will increase,47%,5721
Immigrant Ownership,2018,Majority-owned by immigrants,"Employment expectations, next 12 months",Will increase,48%,664
Immigrant Ownership,2018,Not majority owned by immigrant(s),"Employment expectations, next 12 months",Will increase,44%,4761
Immigrant Ownership,2019,Majority-owned by immigrants,"Employment expectations, next 12 months",Will increase,49%,636
Immigrant Ownership,2019,Not majority owned by immigrant(s),"Employment expectations, next 12 months",Will increase,43%,4055
Immigrant Ownership,2020,Majority-owned by immigrants,"Employment expectations, next 12 months",Will increase,30%,1565
Immigrant Ownership,2020,Not majority owned by immigrant(s),"Employment expectations, next 12 months",Will increase,32%,7312
Immigrant Ownership,2021,Majority-owned by immigrants,"Employment expectations, next 12 months",Will increase,40%,1966
Immigrant Ownership,2021,Not majority owned by immigrant(s),"Employment expectations, next 12 months",Will increase,41%,8154
Immigrant Ownership,2022,Majority-owned by immigrants,"Employment expectations, next 12 months",Will increase,36%,1485
Immigrant Ownership,2022,Not majority owned by immigrant(s),"Employment expectations, next 12 months",Will increase,39%,5862
Immigrant Ownership,2023,Majority-owned by immigrants,"Employment expectations, next 12 months",Will increase,40%,1034
Immigrant Ownership,2023,Not majority owned by immigrant(s),"Employment expectations, next 12 months",Will increase,40%,4502
Immigrant Ownership,2017,Majority-owned by immigrants,"Profitability, end of prior year",Operating at a profit,51%,768
Immigrant Ownership,2017,Not majority owned by immigrant(s),"Profitability, end of prior year",Operating at a profit,59%,5756
Immigrant Ownership,2018,Majority-owned by immigrants,"Profitability, end of prior year",Operating at a profit,54%,654
Immigrant Ownership,2018,Not majority owned by immigrant(s),"Profitability, end of prior year",Operating at a profit,58%,4593
Immigrant Ownership,2019,Majority-owned by immigrants,"Profitability, end of prior year",Operating at a profit,54%,626
Immigrant Ownership,2019,Not majority owned by immigrant(s),"Profitability, end of prior year",Operating at a profit,58%,3958
Immigrant Ownership,2020,Majority-owned by immigrants,"Profitability, end of prior year",Operating at a profit,63%,1542
Immigrant Ownership,2020,Not majority owned by immigrant(s),"Profitability, end of prior year",Operating at a profit,65%,7117
Immigrant Ownership,2021,Majority-owned by immigrants,"Profitability, end of prior year",Operating at a profit,28%,1867
Immigrant Ownership,2021,Not majority owned by immigrant(s),"Profitability, end of prior year",Operating at a profit,36%,7808
Immigrant Ownership,2022,Majority-owned by immigrants,"Profitability, end of prior year",Operating at a profit,35%,1478
Immigrant Ownership,2022,Not majority owned by immigrant(s),"Profitability, end of prior year",Operating at a profit,47%,5766
Immigrant Ownership,2023,Majority-owned by immigrants,"Profitability, end of prior year",Operating at a profit,44%,1021
Immigrant Ownership,2023,Not majority owned by immigrant(s),"Profitability, end of prior year",Operating at a profit,48%,4404
Immigrant Ownership,2017,Majority-owned by immigrants,"Revenue change, prior 12 months",Increased,50%,801
Immigrant Ownership,2017,Not majority owned by immigrant(s),"Revenue change, prior 12 months",Increased,54%,5876
Immigrant Ownership,2018,Majority-owned by immigrants,"Revenue change, prior 12 months",Increased,52%,677
Immigrant Ownership,2018,Not majority owned by immigrant(s),"Revenue change, prior 12 months",Increased,59%,4723
Immigrant Ownership,2019,Majority-owned by immigrants,"Revenue change, prior 12 months",Increased,51%,639
Immigrant Ownership,2019,Not majority owned by immigrant(s),"Revenue change, prior 12 months",Increased,57%,3996
Immigrant Ownership,2020,Majority-owned by immigrants,"Revenue change, prior 12 months",Increased,11%,1610
Immigrant Ownership,2020,Not majority owned by immigrant(s),"Revenue change, prior 12 months",Increased,14%,7389
Immigrant Ownership,2021,Majority-owned by immigrants,"Revenue change, prior 12 months",Increased,27%,2012
Immigrant Ownership,2021,Not majority owned by immigrant(s),"Revenue change, prior 12 months",Increased,40%,8078
Immigrant Ownership,2022,Majority-owned by immigrants,"Revenue change, prior 12 months",Increased,36%,1498
Immigrant Ownership,2022,Not majority owned by immigrant(s),"Revenue change, prior 12 months",Increased,46%,5843
Immigrant Ownership,2023,Majority-owned by immigrants,"Revenue change, prior 12 months",Increased,41%,1021
Immigrant Ownership,2023,Not majority owned by immigrant(s),"Revenue change, prior 12 months",Increased,44%,4344
Immigrant Ownership,2017,Majority-owned by immigrants,"Revenue expectations, next 12 months",Will increase,71%,808
Immigrant Ownership,2017,Not majority owned by immigrant(s),"Revenue expectations, next 12 months",Will increase,73%,5937
Immigrant Ownership,2018,Majority-owned by immigrants,"Revenue expectations, next 12 months",Will increase,72%,682
Immigrant Ownership,2018,Not majority owned by immigrant(s),"Revenue expectations, next 12 months",Will increase,73%,4760
Immigrant Ownership,2019,Majority-owned by immigrants,"Revenue expectations, next 12 months",Will increase,70%,639
Immigrant Ownership,2019,Not majority owned by immigrant(s),"Revenue expectations, next 12 months",Will increase,69%,3982
Immigrant Ownership,2020,Majority-owned by immigrants,"Revenue expectations, next 12 months",Will increase,35%,1620
Immigrant Ownership,2020,Not majority owned by immigrant(s),"Revenue expectations, next 12 months",Will increase,42%,7433
Immigrant Ownership,2021,Majority-owned by immigrants,"Revenue expectations, next 12 months",Will increase,51%,2007
Immigrant Ownership,2021,Not majority owned by immigrant(s),"Revenue expectations, next 12 months",Will increase,60%,8154
Immigrant Ownership,2022,Majority-owned by immigrants,"Revenue expectations, next 12 months",Will increase,52%,1522
Immigrant Ownership,2022,Not majority owned by immigrant(s),"Revenue expectations, next 12 months",Will increase,57%,5901
Immigrant Ownership,2023,Majority-owned by immigrants,"Revenue expectations, next 12 months",Will increase,54%,1032
Immigrant Ownership,2023,Not majority owned by immigrant(s),"Revenue expectations, next 12 months",Will increase,59%,4419
Immigrant Ownership,2017,Majority-owned by immigrants,Share that experienced a financial challenge,Experienced a financial challenge,70%,810
Immigrant Ownership,2017,Not majority owned by immigrant(s),Share that experienced a financial challenge,Experienced a financial challenge,62%,5959
Immigrant Ownership,2018,Majority-owned by immigrants,Share that experienced a financial challenge,Experienced a financial challenge,68%,684
Immigrant Ownership,2018,Not majority owned by immigrant(s),Share that experienced a financial challenge,Experienced a financial challenge,63%,4765
Immigrant Ownership,2019,Majority-owned by immigrants,Share that experienced a financial challenge,Experienced a financial challenge,72%,654
Immigrant Ownership,2019,Not majority owned by immigrant(s),Share that experienced a financial challenge,Experienced a financial challenge,65%,4092
Immigrant Ownership,2020,Majority-owned by immigrants,Share that experienced a financial challenge,Experienced a financial challenge,85%,1625
Immigrant Ownership,2020,Not majority owned by immigrant(s),Share that experienced a financial challenge,Experienced a financial challenge,80%,7454
Immigrant Ownership,2021,Majority-owned by immigrants,Share that experienced a financial challenge,Experienced a financial challenge,92%,2041
Immigrant Ownership,2021,Not majority owned by immigrant(s),Share that experienced a financial challenge,Experienced a financial challenge,84%,8275
Immigrant Ownership,2022,Majority-owned by immigrants,Share that experienced a financial challenge,Experienced a financial challenge,95%,1552
Immigrant Ownership,2022,Not majority owned by immigrant(s),Share that experienced a financial challenge,Experienced a financial challenge,94%,6029
Immigrant Ownership,2023,Majority-owned by immigrants,Share that experienced a financial challenge,Experienced a financial challenge,95%,1063
Immigrant Ownership,2023,Not majority owned by immigrant(s),Share that experienced a financial challenge,Experienced a financial challenge,92%,4533
Immigrant Ownership,2017,Majority-owned by immigrants,Share with outstanding debt,Have outstanding debt,63%,798
Immigrant Ownership,2017,Not majority owned by immigrant(s),Share with outstanding debt,Have outstanding debt,68%,5866
Immigrant Ownership,2018,Majority-owned by immigrants,Share with outstanding debt,Have outstanding debt,63%,673
Immigrant Ownership,2018,Not majority owned by immigrant(s),Share with outstanding debt,Have outstanding debt,70%,4751
Immigrant Ownership,2019,Majority-owned by immigrants,Share with outstanding debt,Have outstanding debt,67%,639
Immigrant Ownership,2019,Not majority owned by immigrant(s),Share with outstanding debt,Have outstanding debt,71%,4075
Immigrant Ownership,2020,Majority-owned by immigrants,Share with outstanding debt,Have outstanding debt,81%,1580
Immigrant Ownership,2020,Not majority owned by immigrant(s),Share with outstanding debt,Have outstanding debt,79%,7309
Immigrant Ownership,2021,Majority-owned by immigrants,Share with outstanding debt,Have outstanding debt,78%,1990
Immigrant Ownership,2021,Not majority owned by immigrant(s),Share with outstanding debt,Have outstanding debt,73%,8159
Immigrant Ownership,2022,Majority-owned by immigrants,Share with outstanding debt,Have outstanding debt,70%,1511
Immigrant Ownership,2022,Not majority owned by immigrant(s),Share with outstanding debt,Have outstanding debt,72%,5939
Immigrant Ownership,2023,Majority-owned by immigrants,Share with outstanding debt,Have outstanding debt,71%,1058
Immigrant Ownership,2023,Not majority owned by immigrant(s),Share with outstanding debt,Have outstanding debt,72%,4499
Veteran Ownership,2016,Majority-owned by veteran(s),Actions taken in response to financial challenges,Used personal funds,82%,375
Veteran Ownership,2016,Not majority-owned by veteran(s),Actions taken in response to financial challenges,Used personal funds,74%,2604
Veteran Ownership,2017,Majority-owned by veteran(s),Actions taken in response to financial challenges,Used personal funds,71%,473
Veteran Ownership,2017,Not majority-owned by veteran(s),Actions taken in response to financial challenges,Used personal funds,66%,3705
Veteran Ownership,2018,Majority-owned by veteran(s),Actions taken in response to financial challenges,Used personal funds,72%,372
Veteran Ownership,2018,Not majority-owned by veteran(s),Actions taken in response to financial challenges,Used personal funds,66%,3011
Veteran Ownership,2020,Majority-owned by veteran(s),Actions taken in response to financial challenges,Used personal funds,72%,529
Veteran Ownership,2020,Not majority-owned by veteran(s),Actions taken in response to financial challenges,Used personal funds,62%,6908
Veteran Ownership,2021,Majority-owned by veteran(s),Actions taken in response to financial challenges,Used personal funds,68%,642
Veteran Ownership,2021,Not majority-owned by veteran(s),Actions taken in response to financial challenges,Used personal funds,60%,8410
Veteran Ownership,2022,Majority-owned by veteran(s),Actions taken in response to financial challenges,Used personal funds,57%,521
Veteran Ownership,2022,Not majority-owned by veteran(s),Actions taken in response to financial challenges,Used personal funds,53%,6729
Veteran Ownership,2023,Majority-owned by veteran(s),Actions taken in response to financial challenges,Used personal funds,54%,379
Veteran Ownership,2023,Not majority-owned by veteran(s),Actions taken in response to financial challenges,Used personal funds,53%,4772
Veteran Ownership,2016,Majority-owned by veteran(s),Applications for financing,"Applied for a loan, line of credit, or merchant cash advance",47%,827
Veteran Ownership,2016,Not majority-owned by veteran(s),Applications for financing,"Applied for a loan, line of credit, or merchant cash advance",37%,6849
Veteran Ownership,2017,Majority-owned by veteran(s),Applications for financing,"Applied for a loan, line of credit, or merchant cash advance",36%,696
Veteran Ownership,2017,Not majority-owned by veteran(s),Applications for financing,"Applied for a loan, line of credit, or merchant cash advance",34%,6226
Veteran Ownership,2018,Majority-owned by veteran(s),Applications for financing,"Applied for a loan, line of credit, or merchant cash advance",40%,547
Veteran Ownership,2018,Not majority-owned by veteran(s),Applications for financing,"Applied for a loan, line of credit, or merchant cash advance",35%,5019
Veteran Ownership,2019,Majority-owned by veteran(s),Applications for financing,"Applied for a loan, line of credit, or merchant cash advance",38%,453
Veteran Ownership,2019,Not majority-owned by veteran(s),Applications for financing,"Applied for a loan, line of credit, or merchant cash advance",36%,4412
Veteran Ownership,2020,Majority-owned by veteran(s),Applications for financing,"Applied for a loan, line of credit, or merchant cash advance",33%,656
Veteran Ownership,2020,Not majority-owned by veteran(s),Applications for financing,"Applied for a loan, line of credit, or merchant cash advance",27%,8198
Veteran Ownership,2021,Majority-owned by veteran(s),Applications for financing,"Applied for a loan, line of credit, or merchant cash advance",34%,713
Veteran Ownership,2021,Not majority-owned by veteran(s),Applications for financing,"Applied for a loan, line of credit, or merchant cash advance",24%,9339
Veteran Ownership,2022,Majority-owned by veteran(s),Applications for financing,"Applied for a loan, line of credit, or merchant cash advance",41%,549
Veteran Ownership,2022,Not majority-owned by veteran(s),Applications for financing,"Applied for a loan, line of credit, or merchant cash advance",40%,7056
Veteran Ownership,2023,Majority-owned by veteran(s),Applications for financing,"Applied for a loan, line of credit, or merchant cash advance",49%,406
Veteran Ownership,2023,Not majority-owned by veteran(s),Applications for financing,"Applied for a loan, line of credit, or merchant cash advance",36%,5066
Veteran Ownership,2016,Majority-owned by veteran(s),Best outcome on loan/LOC/merchant cash advance application(s),All (100%),52%,374
Veteran Ownership,2016,Not majority-owned by veteran(s),Best outcome on loan/LOC/merchant cash advance application(s),All (100%),56%,2645
Veteran Ownership,2017,Majority-owned by veteran(s),Best outcome on loan/LOC/merchant cash advance application(s),All (100%),48%,258
Veteran Ownership,2017,Not majority-owned by veteran(s),Best outcome on loan/LOC/merchant cash advance application(s),All (100%),59%,2134
Veteran Ownership,2018,Majority-owned by veteran(s),Best outcome on loan/LOC/merchant cash advance application(s),All (100%),54%,220
Veteran Ownership,2018,Not majority-owned by veteran(s),Best outcome on loan/LOC/merchant cash advance application(s),All (100%),59%,1811
Veteran Ownership,2019,Majority-owned by veteran(s),Best outcome on loan/LOC/merchant cash advance application(s),All (100%),67%,174
Veteran Ownership,2019,Not majority-owned by veteran(s),Best outcome on loan/LOC/merchant cash advance application(s),All (100%),61%,1610
Veteran Ownership,2020,Majority-owned by veteran(s),Best outcome on loan/LOC/merchant cash advance application(s),All (100%),51%,203
Veteran Ownership,2020,Not majority-owned by veteran(s),Best outcome on loan/LOC/merchant cash advance application(s),All (100%),50%,2159
Veteran Ownership,2021,Majority-owned by veteran(s),Best outcome on loan/LOC/merchant cash advance application(s),All (100%),37%,218
Veteran Ownership,2021,Not majority-owned by veteran(s),Best outcome on loan/LOC/merchant cash advance application(s),All (100%),48%,2131
Veteran Ownership,2022,Majority-owned by veteran(s),Best outcome on loan/LOC/merchant cash advance application(s),All (100%),44%,222
Veteran Ownership,2022,Not majority-owned by veteran(s),Best outcome on loan/LOC/merchant cash advance application(s),All (100%),54%,2734
Veteran Ownership,2023,Majority-owned by veteran(s),Best outcome on loan/LOC/merchant cash advance application(s),All (100%),51%,146
Veteran Ownership,2023,Not majority-owned by veteran(s),Best outcome on loan/LOC/merchant cash advance application(s),All (100%),51%,1807
Veteran Ownership,2020,Majority-owned by veteran(s),Current financial condition,Poor or fair,50%,680
Veteran Ownership,2020,Not majority-owned by veteran(s),Current financial condition,Poor or fair,59%,8422
Veteran Ownership,2021,Majority-owned by veteran(s),Current financial condition,Poor or fair,59%,731
Veteran Ownership,2021,Not majority-owned by veteran(s),Current financial condition,Poor or fair,59%,9637
Veteran Ownership,2022,Majority-owned by veteran(s),Current financial condition,Poor or fair,57%,549
Veteran Ownership,2022,Not majority-owned by veteran(s),Current financial condition,Poor or fair,57%,7056
Veteran Ownership,2023,Majority-owned by veteran(s),Current financial condition,Poor or fair,56%,406
Veteran Ownership,2023,Not majority-owned by veteran(s),Current financial condition,Poor or fair,55%,5065
Veteran Ownership,2016,Majority-owned by veteran(s),"Employment change, prior 12 months",Increased,40%,815
Veteran Ownership,2016,Not majority-owned by veteran(s),"Employment change, prior 12 months",Increased,34%,6759
Veteran Ownership,2017,Majority-owned by veteran(s),"Employment change, prior 12 months",Increased,34%,654
Veteran Ownership,2017,Not majority-owned by veteran(s),"Employment change, prior 12 months",Increased,36%,5905
Veteran Ownership,2018,Majority-owned by veteran(s),"Employment change, prior 12 months",Increased,36%,501
Veteran Ownership,2018,Not majority-owned by veteran(s),"Employment change, prior 12 months",Increased,37%,4730
Veteran Ownership,2019,Majority-owned by veteran(s),"Employment change, prior 12 months",Increased,30%,418
Veteran Ownership,2019,Not majority-owned by veteran(s),"Employment change, prior 12 months",Increased,37%,4134
Veteran Ownership,2020,Majority-owned by veteran(s),"Employment change, prior 12 months",Increased,14%,653
Veteran Ownership,2020,Not majority-owned by veteran(s),"Employment change, prior 12 months",Increased,12%,8205
Veteran Ownership,2021,Majority-owned by veteran(s),"Employment change, prior 12 months",Increased,25%,704
Veteran Ownership,2021,Not majority-owned by veteran(s),"Employment change, prior 12 months",Increased,24%,9354
Veteran Ownership,2022,Majority-owned by veteran(s),"Employment change, prior 12 months",Increased,26%,522
Veteran Ownership,2022,Not majority-owned by veteran(s),"Employment change, prior 12 months",Increased,29%,6771
Veteran Ownership,2023,Majority-owned by veteran(s),"Employment change, prior 12 months",Increased,31%,396
Veteran Ownership,2023,Not majority-owned by veteran(s),"Employment change, prior 12 months",Increased,29%,4969
Veteran Ownership,2016,Majority-owned by veteran(s),"Employment expectations, next 12 months",Will increase,47%,815
Veteran Ownership,2016,Not majority-owned by veteran(s),"Employment expectations, next 12 months",Will increase,44%,6795
Veteran Ownership,2017,Majority-owned by veteran(s),"Employment expectations, next 12 months",Will increase,52%,658
Veteran Ownership,2017,Not majority-owned by veteran(s),"Employment expectations, next 12 months",Will increase,48%,5933
Veteran Ownership,2018,Majority-owned by veteran(s),"Employment expectations, next 12 months",Will increase,43%,527
Veteran Ownership,2018,Not majority-owned by veteran(s),"Employment expectations, next 12 months",Will increase,45%,4925
Veteran Ownership,2019,Majority-owned by veteran(s),"Employment expectations, next 12 months",Will increase,47%,439
Veteran Ownership,2019,Not majority-owned by veteran(s),"Employment expectations, next 12 months",Will increase,44%,4319
Veteran Ownership,2020,Majority-owned by veteran(s),"Employment expectations, next 12 months",Will increase,40%,657
Veteran Ownership,2020,Not majority-owned by veteran(s),"Employment expectations, next 12 months",Will increase,31%,8224
Veteran Ownership,2021,Majority-owned by veteran(s),"Employment expectations, next 12 months",Will increase,41%,705
Veteran Ownership,2021,Not majority-owned by veteran(s),"Employment expectations, next 12 months",Will increase,41%,9415
Veteran Ownership,2022,Majority-owned by veteran(s),"Employment expectations, next 12 months",Will increase,37%,526
Veteran Ownership,2022,Not majority-owned by veteran(s),"Employment expectations, next 12 months",Will increase,39%,6821
Veteran Ownership,2023,Majority-owned by veteran(s),"Employment expectations, next 12 months",Will increase,40%,397
Veteran Ownership,2023,Not majority-owned by veteran(s),"Employment expectations, next 12 months",Will increase,39%,4995
Veteran Ownership,2016,Majority-owned by veteran(s),"Profitability, end of prior year",Operating at a profit,53%,811
Veteran Ownership,2016,Not majority-owned by veteran(s),"Profitability, end of prior year",Operating at a profit,57%,6686
Veteran Ownership,2017,Majority-owned by veteran(s),"Profitability, end of prior year",Operating at a profit,52%,668
Veteran Ownership,2017,Not majority-owned by veteran(s),"Profitability, end of prior year",Operating at a profit,58%,5958
Veteran Ownership,2018,Majority-owned by veteran(s),"Profitability, end of prior year",Operating at a profit,51%,529
Veteran Ownership,2018,Not majority-owned by veteran(s),"Profitability, end of prior year",Operating at a profit,58%,4751
Veteran Ownership,2019,Majority-owned by veteran(s),"Profitability, end of prior year",Operating at a profit,54%,435
Veteran Ownership,2019,Not majority-owned by veteran(s),"Profitability, end of prior year",Operating at a profit,58%,4218
Veteran Ownership,2020,Majority-owned by veteran(s),"Profitability, end of prior year",Operating at a profit,61%,649
Veteran Ownership,2020,Not majority-owned by veteran(s),"Profitability, end of prior year",Operating at a profit,65%,8013
Veteran Ownership,2021,Majority-owned by veteran(s),"Profitability, end of prior year",Operating at a profit,37%,684
Veteran Ownership,2021,Not majority-owned by veteran(s),"Profitability, end of prior year",Operating at a profit,35%,8991
Veteran Ownership,2022,Majority-owned by veteran(s),"Profitability, end of prior year",Operating at a profit,45%,522
Veteran Ownership,2022,Not majority-owned by veteran(s),"Profitability, end of prior year",Operating at a profit,45%,6722
Veteran Ownership,2023,Majority-owned by veteran(s),"Profitability, end of prior year",Operating at a profit,48%,395
Veteran Ownership,2023,Not majority-owned by veteran(s),"Profitability, end of prior year",Operating at a profit,47%,4887
Veteran Ownership,2016,Majority-owned by veteran(s),"Revenue change, prior 12 months",Increased,53%,819
Veteran Ownership,2016,Not majority-owned by veteran(s),"Revenue change, prior 12 months",Increased,51%,6776
Veteran Ownership,2017,Majority-owned by veteran(s),"Revenue change, prior 12 months",Increased,55%,686
Veteran Ownership,2017,Not majority-owned by veteran(s),"Revenue change, prior 12 months",Increased,53%,6084
Veteran Ownership,2018,Majority-owned by veteran(s),"Revenue change, prior 12 months",Increased,58%,536
Veteran Ownership,2018,Not majority-owned by veteran(s),"Revenue change, prior 12 months",Increased,58%,4886
Veteran Ownership,2019,Majority-owned by veteran(s),"Revenue change, prior 12 months",Increased,51%,443
Veteran Ownership,2019,Not majority-owned by veteran(s),"Revenue change, prior 12 months",Increased,57%,4260
Veteran Ownership,2020,Majority-owned by veteran(s),"Revenue change, prior 12 months",Increased,18%,671
Veteran Ownership,2020,Not majority-owned by veteran(s),"Revenue change, prior 12 months",Increased,13%,8332
Veteran Ownership,2021,Majority-owned by veteran(s),"Revenue change, prior 12 months",Increased,37%,713
Veteran Ownership,2021,Not majority-owned by veteran(s),"Revenue change, prior 12 months",Increased,38%,9377
Veteran Ownership,2022,Majority-owned by veteran(s),"Revenue change, prior 12 months",Increased,42%,531
Veteran Ownership,2022,Not majority-owned by veteran(s),"Revenue change, prior 12 months",Increased,44%,6810
Veteran Ownership,2023,Majority-owned by veteran(s),"Revenue change, prior 12 months",Increased,48%,393
Veteran Ownership,2023,Not majority-owned by veteran(s),"Revenue change, prior 12 months",Increased,43%,4831
Veteran Ownership,2016,Majority-owned by veteran(s),"Revenue expectations, next 12 months",Will increase,75%,822
Veteran Ownership,2016,Not majority-owned by veteran(s),"Revenue expectations, next 12 months",Will increase,68%,6803
Veteran Ownership,2017,Majority-owned by veteran(s),"Revenue expectations, next 12 months",Will increase,78%,690
Veteran Ownership,2017,Not majority-owned by veteran(s),"Revenue expectations, next 12 months",Will increase,72%,6152
Veteran Ownership,2018,Majority-owned by veteran(s),"Revenue expectations, next 12 months",Will increase,72%,544
Veteran Ownership,2018,Not majority-owned by veteran(s),"Revenue expectations, next 12 months",Will increase,73%,4919
Veteran Ownership,2019,Majority-owned by veteran(s),"Revenue expectations, next 12 months",Will increase,71%,437
Veteran Ownership,2019,Not majority-owned by veteran(s),"Revenue expectations, next 12 months",Will increase,69%,4253
Veteran Ownership,2020,Majority-owned by veteran(s),"Revenue expectations, next 12 months",Will increase,47%,680
Veteran Ownership,2020,Not majority-owned by veteran(s),"Revenue expectations, next 12 months",Will increase,41%,8376
Veteran Ownership,2021,Majority-owned by veteran(s),"Revenue expectations, next 12 months",Will increase,57%,718
Veteran Ownership,2021,Not majority-owned by veteran(s),"Revenue expectations, next 12 months",Will increase,59%,9443
Veteran Ownership,2022,Majority-owned by veteran(s),"Revenue expectations, next 12 months",Will increase,57%,540
Veteran Ownership,2022,Not majority-owned by veteran(s),"Revenue expectations, next 12 months",Will increase,56%,6883
Veteran Ownership,2023,Majority-owned by veteran(s),"Revenue expectations, next 12 months",Will increase,63%,396
Veteran Ownership,2023,Not majority-owned by veteran(s),"Revenue expectations, next 12 months",Will increase,57%,4914
Veteran Ownership,2016,Majority-owned by veteran(s),Share that experienced a financial challenge,Experienced a financial challenge,63%,813
Veteran Ownership,2016,Not majority-owned by veteran(s),Share that experienced a financial challenge,Experienced a financial challenge,56%,6756
Veteran Ownership,2017,Majority-owned by veteran(s),Share that experienced a financial challenge,Experienced a financial challenge,66%,694
Veteran Ownership,2017,Not majority-owned by veteran(s),Share that experienced a financial challenge,Experienced a financial challenge,63%,6173
Veteran Ownership,2018,Majority-owned by veteran(s),Share that experienced a financial challenge,Experienced a financial challenge,68%,541
Veteran Ownership,2018,Not majority-owned by veteran(s),Share that experienced a financial challenge,Experienced a financial challenge,62%,4931
Veteran Ownership,2019,Majority-owned by veteran(s),Share that experienced a financial challenge,Experienced a financial challenge,68%,452
Veteran Ownership,2019,Not majority-owned by veteran(s),Share that experienced a financial challenge,Experienced a financial challenge,66%,4364
Veteran Ownership,2020,Majority-owned by veteran(s),Share that experienced a financial challenge,Experienced a financial challenge,76%,677
Veteran Ownership,2020,Not majority-owned by veteran(s),Share that experienced a financial challenge,Experienced a financial challenge,81%,8406
Veteran Ownership,2021,Majority-owned by veteran(s),Share that experienced a financial challenge,Experienced a financial challenge,85%,728
Veteran Ownership,2021,Not majority-owned by veteran(s),Share that experienced a financial challenge,Experienced a financial challenge,85%,9588
Veteran Ownership,2022,Majority-owned by veteran(s),Share that experienced a financial challenge,Experienced a financial challenge,95%,545
Veteran Ownership,2022,Not majority-owned by veteran(s),Share that experienced a financial challenge,Experienced a financial challenge,94%,7036
Veteran Ownership,2023,Majority-owned by veteran(s),Share that experienced a financial challenge,Experienced a financial challenge,94%,405
Veteran Ownership,2023,Not majority-owned by veteran(s),Share that experienced a financial challenge,Experienced a financial challenge,92%,5041
Veteran Ownership,2016,Majority-owned by veteran(s),Share with outstanding debt,Have outstanding debt,74%,777
Veteran Ownership,2016,Not majority-owned by veteran(s),Share with outstanding debt,Have outstanding debt,68%,6480
Veteran Ownership,2017,Majority-owned by veteran(s),Share with outstanding debt,Have outstanding debt,70%,672
Veteran Ownership,2017,Not majority-owned by veteran(s),Share with outstanding debt,Have outstanding debt,67%,6082
Veteran Ownership,2018,Majority-owned by veteran(s),Share with outstanding debt,Have outstanding debt,69%,539
Veteran Ownership,2018,Not majority-owned by veteran(s),Share with outstanding debt,Have outstanding debt,70%,4910
Veteran Ownership,2019,Majority-owned by veteran(s),Share with outstanding debt,Have outstanding debt,73%,443
Veteran Ownership,2019,Not majority-owned by veteran(s),Share with outstanding debt,Have outstanding debt,70%,4338
Veteran Ownership,2020,Majority-owned by veteran(s),Share with outstanding debt,Have outstanding debt,80%,667
Veteran Ownership,2020,Not majority-owned by veteran(s),Share with outstanding debt,Have outstanding debt,79%,8226
Veteran Ownership,2021,Majority-owned by veteran(s),Share with outstanding debt,Have outstanding debt,73%,720
Veteran Ownership,2021,Not majority-owned by veteran(s),Share with outstanding debt,Have outstanding debt,74%,9429
Veteran Ownership,2022,Majority-owned by veteran(s),Share with outstanding debt,Have outstanding debt,72%,542
Veteran Ownership,2022,Not majority-owned by veteran(s),Share with outstanding debt,Have outstanding debt,72%,6908
Veteran Ownership,2023,Majority-owned by veteran(s),Share with outstanding debt,Have outstanding debt,73%,401
Veteran Ownership,2023,Not majority-owned by veteran(s),Share with outstanding debt,Have outstanding debt,72%,5007