GeoFIPS,GeoName,year,gdp
 00000,United States *,2017,19612102000.0
 01000,Alabama,2017,216615470.0
 01001,"Autauga, AL",2017,1762558.0
 01003,"Baldwin, AL",2017,7382558.0
 01005,"Barbour, AL",2017,761761.0
 01007,"Bibb, AL",2017,406741.0
 01009,"Blount, AL",2017,987967.0
 01011,"Bullock, AL",2017,244958.0
 01013,"Butler, AL",2017,630225.0
 01015,"Calhoun, AL",2017,4244400.0
 01017,"Chambers, AL",2017,872734.0
 01019,"Cherokee, AL",2017,558805.0
 01021,"Chilton, AL",2017,983589.0
 01023,"Choctaw, AL",2017,556183.0
 01025,"Clarke, AL",2017,814115.0
 01027,"Clay, AL",2017,393577.0
 01029,"Cleburne, AL",2017,302289.0
 01031,"Coffee, AL",2017,1426217.0
 01033,"Colbert, AL",2017,2453731.0
 01035,"Conecuh, AL",2017,439777.0
 01037,"Coosa, AL",2017,185492.0
 01039,"Covington, AL",2017,1269561.0
 01041,"Crenshaw, AL",2017,441726.0
 01043,"Cullman, AL",2017,2827288.0
 01045,"Dale, AL",2017,2834970.0
 01047,"Dallas, AL",2017,1246698.0
 01049,"DeKalb, AL",2017,1977689.0
 01051,"Elmore, AL",2017,1950579.0
 01053,"Escambia, AL",2017,1269744.0
 01055,"Etowah, AL",2017,3095515.0
 01057,"Fayette, AL",2017,344642.0
 01059,"Franklin, AL",2017,968151.0
 01061,"Geneva, AL",2017,523521.0
 01063,"Greene, AL",2017,218678.0
 01065,"Hale, AL",2017,293104.0
 01067,"Henry, AL",2017,422115.0
 01069,"Houston, AL",2017,5410140.0
 01071,"Jackson, AL",2017,1508968.0
 01073,"Jefferson, AL",2017,44607663.0
 01075,"Lamar, AL",2017,343759.0
 01077,"Lauderdale, AL",2017,2651431.0
 01079,"Lawrence, AL",2017,534109.0
 01081,"Lee, AL",2017,6138724.0
 01083,"Limestone, AL",2017,3782933.0
 01085,"Lowndes, AL",2017,437070.0
 01087,"Macon, AL",2017,550614.0
 01089,"Madison, AL",2017,23737673.0
 01091,"Marengo, AL",2017,722874.0
 01093,"Marion, AL",2017,870465.0
 01095,"Marshall, AL",2017,3469332.0
 01097,"Mobile, AL",2017,19734787.0
 01099,"Monroe, AL",2017,724511.0
 01101,"Montgomery, AL",2017,14011331.0
 01103,"Morgan, AL",2017,5556105.0
 01105,"Perry, AL",2017,209961.0
 01107,"Pickens, AL",2017,452493.0
 01109,"Pike, AL",2017,1392115.0
 01111,"Randolph, AL",2017,483214.0
 01113,"Russell, AL",2017,1495039.0
 01115,"St. Clair, AL",2017,2020338.0
 01117,"Shelby, AL",2017,11639599.0
 01119,"Sumter, AL",2017,324042.0
 01121,"Talladega, AL",2017,3170439.0
 01123,"Tallapoosa, AL",2017,1318572.0
 01125,"Tuscaloosa, AL",2017,10228417.0
 01127,"Walker, AL",2017,2005235.0
 01129,"Washington, AL",2017,841373.0
 01131,"Wilcox, AL",2017,430526.0
 01133,"Winston, AL",2017,719959.0
 02000,Alaska,2017,53550915.0
 02013,"Aleutians East Borough, AK",2017,312665.0
 02016,"Aleutians West Census Area, AK",2017,795250.0
 02020,"Anchorage Municipality, AK",2017,23195622.0
 02050,"Bethel Census Area, AK",2017,711083.0
 02060,"Bristol Bay Borough, AK",2017,133015.0
 02063,"Chugach Census Area, AK*",2017,
 02066,"Copper River Census Area, AK*",2017,
 02068,"Denali Borough, AK",2017,271161.0
 02070,"Dillingham Census Area, AK",2017,276888.0
 02090,"Fairbanks North Star Borough, AK",2017,5765988.0
 02100,"Haines Borough, AK",2017,112647.0
 02105,"Hoonah-Angoon Census Area, AK*",2017,88063.0
 02110,"Juneau City and Borough, AK",2017,2511152.0
 02122,"Kenai Peninsula Borough, AK",2017,2810764.0
 02130,"Ketchikan Gateway Borough, AK*",2017,924927.0
 02150,"Kodiak Island Borough, AK",2017,820003.0
 02158,"Kusilvak Census Area, AK*",2017,153416.0
 02164,"Lake and Peninsula Borough, AK",2017,90141.0
 02170,"Matanuska-Susitna Borough, AK",2017,2647075.0
 02180,"Nome Census Area, AK",2017,447593.0
 02185,"North Slope Borough, AK",2017,6669857.0
 02188,"Northwest Arctic Borough, AK",2017,638056.0
 02195,"Petersburg Borough, AK*",2017,170550.0
 02198,"Prince of Wales-Hyder Census Area, AK*",2017,241824.0
 02201,"Prince of Wales-Outer Ketchikan Census Area, AK*",2017,
 02220,"Sitka City and Borough, AK",2017,479694.0
 02230,"Skagway Municipality, AK*",2017,93466.0
 02232,"Skagway-Hoonah-Angoon Census Area, AK*",2017,
 02240,"Southeast Fairbanks Census Area, AK",2017,647536.0
 02261,"Valdez-Cordova Census Area, AK*",2017,2138740.0
 02275,"Wrangell City and Borough, AK*",2017,94295.0
 02280,"Wrangell-Petersburg Census Area, AK*",2017,
 02282,"Yakutat City and Borough, AK*",2017,27126.0
 02290,"Yukon-Koyukuk Census Area, AK",2017,282318.0
 04000,Arizona,2017,333098997.0
 04001,"Apache, AZ",2017,2640484.0
 04003,"Cochise, AZ",2017,4585054.0
 04005,"Coconino, AZ",2017,7898455.0
 04007,"Gila, AZ",2017,1690566.0
 04009,"Graham, AZ",2017,970128.0
 04011,"Greenlee, AZ",2017,1405891.0
 04012,"La Paz, AZ",2017,664070.0
 04013,"Maricopa, AZ",2017,237581202.0
 04015,"Mohave, AZ",2017,5323399.0
 04017,"Navajo, AZ",2017,2901492.0
 04019,"Pima, AZ",2017,42330595.0
 04021,"Pinal, AZ",2017,8486830.0
 04023,"Santa Cruz, AZ",2017,1848358.0
 04025,"Yavapai, AZ",2017,7229041.0
 04027,"Yuma, AZ",2017,7543432.0
 05000,Arkansas,2017,123882586.0
 05001,"Arkansas, AR",2017,981778.0
 05003,"Ashley, AR",2017,792416.0
 05005,"Baxter, AR",2017,1389921.0
 05007,"Benton, AR",2017,14670030.0
 05009,"Boone, AR",2017,1291432.0
 05011,"Bradley, AR",2017,330093.0
 05013,"Calhoun, AR",2017,337969.0
 05015,"Carroll, AR",2017,832740.0
 05017,"Chicot, AR",2017,268710.0
 05019,"Clark, AR",2017,778588.0
 05021,"Clay, AR",2017,343738.0
 05023,"Cleburne, AR",2017,625173.0
 05025,"Cleveland, AR",2017,132301.0
 05027,"Columbia, AR",2017,866831.0
 05029,"Conway, AR",2017,696477.0
 05031,"Craighead, AR",2017,4517827.0
 05033,"Crawford, AR",2017,1695496.0
 05035,"Crittenden, AR",2017,1752818.0
 05037,"Cross, AR",2017,458347.0
 05039,"Dallas, AR",2017,230865.0
 05041,"Desha, AR",2017,523616.0
 05043,"Drew, AR",2017,611774.0
 05045,"Faulkner, AR",2017,3773660.0
 05047,"Franklin, AR",2017,410297.0
 05049,"Fulton, AR",2017,173320.0
 05051,"Garland, AR",2017,3297461.0
 05053,"Grant, AR",2017,407151.0
 05055,"Greene, AR",2017,1391745.0
 05057,"Hempstead, AR",2017,997465.0
 05059,"Hot Spring, AR",2017,1040555.0
 05061,"Howard, AR",2017,636251.0
 05063,"Independence, AR",2017,1814024.0
 05065,"Izard, AR",2017,278836.0
 05067,"Jackson, AR",2017,650775.0
 05069,"Jefferson, AR",2017,3135246.0
 05071,"Johnson, AR",2017,673818.0
 05073,"Lafayette, AR",2017,143086.0
 05075,"Lawrence, AR",2017,444603.0
 05077,"Lee, AR",2017,175991.0
 05079,"Lincoln, AR",2017,242689.0
 05081,"Little River, AR",2017,491186.0
 05083,"Logan, AR",2017,501239.0
 05085,"Lonoke, AR",2017,1331980.0
 05087,"Madison, AR",2017,381126.0
 05089,"Marion, AR",2017,501549.0
 05091,"Miller, AR",2017,1320899.0
 05093,"Mississippi, AR",2017,2246202.0
 05095,"Monroe, AR",2017,183759.0
 05097,"Montgomery, AR",2017,140656.0
 05099,"Nevada, AR",2017,256197.0
 05101,"Newton, AR",2017,103734.0
 05103,"Ouachita, AR",2017,610504.0
 05105,"Perry, AR",2017,155867.0
 05107,"Phillips, AR",2017,506356.0
 05109,"Pike, AR",2017,251385.0
 05111,"Poinsett, AR",2017,588161.0
 05113,"Polk, AR",2017,522053.0
 05115,"Pope, AR",2017,2865775.0
 05117,"Prairie, AR",2017,185790.0
 05119,"Pulaski, AR",2017,28340196.0
 05121,"Randolph, AR",2017,461996.0
 05123,"St. Francis, AR",2017,723264.0
 05125,"Saline, AR",2017,2506573.0
 05127,"Scott, AR",2017,278126.0
 05129,"Searcy, AR",2017,174007.0
 05131,"Sebastian, AR",2017,6431767.0
 05133,"Sevier, AR",2017,492295.0
 05135,"Sharp, AR",2017,363481.0
 05137,"Stone, AR",2017,234029.0
 05139,"Union, AR",2017,2374137.0
 05141,"Van Buren, AR",2017,383472.0
 05143,"Washington, AR",2017,11213825.0
 05145,"White, AR",2017,2132780.0
 05147,"Woodruff, AR",2017,227849.0
 05149,"Yell, AR",2017,584454.0
 06000,California,2017,2740550256.0
 06001,"Alameda, CA",2017,130430017.0
 06003,"Alpine, CA",2017,114872.0
 06005,"Amador, CA",2017,1608472.0
 06007,"Butte, CA",2017,9181452.0
 06009,"Calaveras, CA",2017,1430443.0
 06011,"Colusa, CA",2017,1291669.0
 06013,"Contra Costa, CA",2017,71697154.0
 06015,"Del Norte, CA",2017,767790.0
 06017,"El Dorado, CA",2017,7932017.0
 06019,"Fresno, CA",2017,42568888.0
 06021,"Glenn, CA",2017,1000079.0
 06023,"Humboldt, CA",2017,5436863.0
 06025,"Imperial, CA",2017,8039122.0
 06027,"Inyo, CA",2017,1226727.0
 06029,"Kern, CA",2017,43812095.0
 06031,"Kings, CA",2017,6443298.0
 06033,"Lake, CA",2017,1943085.0
 06035,"Lassen, CA",2017,1164870.0
 06037,"Los Angeles, CA",2017,720841757.0
 06039,"Madera, CA",2017,6023623.0
 06041,"Marin, CA",2017,25066955.0
 06043,"Mariposa, CA",2017,739708.0
 06045,"Mendocino, CA",2017,3504547.0
 06047,"Merced, CA",2017,9136656.0
 06049,"Modoc, CA",2017,349468.0
 06051,"Mono, CA",2017,1041898.0
 06053,"Monterey, CA",2017,25923476.0
 06055,"Napa, CA",2017,10996519.0
 06057,"Nevada, CA",2017,4271659.0
 06059,"Orange, CA",2017,244438165.0
 06061,"Placer, CA",2017,21945008.0
 06063,"Plumas, CA",2017,1006184.0
 06065,"Riverside, CA",2017,84070198.0
 06067,"Sacramento, CA",2017,86961022.0
 06069,"San Benito, CA",2017,2152903.0
 06071,"San Bernardino, CA",2017,87133086.0
 06073,"San Diego, CA",2017,224767520.0
 06075,"San Francisco, CA",2017,172992477.0
 06077,"San Joaquin, CA",2017,29141656.0
 06079,"San Luis Obispo, CA",2017,16779957.0
 06081,"San Mateo, CA",2017,126396261.0
 06083,"Santa Barbara, CA",2017,27474155.0
 06085,"Santa Clara, CA",2017,280510581.0
 06087,"Santa Cruz, CA",2017,13941610.0
 06089,"Shasta, CA",2017,8147396.0
 06091,"Sierra, CA",2017,89556.0
 06093,"Siskiyou, CA",2017,1637738.0
 06095,"Solano, CA",2017,22725056.0
 06097,"Sonoma, CA",2017,28853518.0
 06099,"Stanislaus, CA",2017,22191928.0
 06101,"Sutter, CA",2017,3235371.0
 06103,"Tehama, CA",2017,1932232.0
 06105,"Trinity, CA",2017,413913.0
 06107,"Tulare, CA",2017,17426838.0
 06109,"Tuolumne, CA",2017,2608796.0
 06111,"Ventura, CA",2017,50165884.0
 06113,"Yolo, CA",2017,14319346.0
 06115,"Yuba, CA",2017,3106720.0
 08000,Colorado,2017,350209112.0
 08001,"Adams, CO*",2017,25629536.0
 08003,"Alamosa, CO",2017,656089.0
 08005,"Arapahoe, CO",2017,45628689.0
 08007,"Archuleta, CO",2017,499020.0
 08009,"Baca, CO",2017,167812.0
 08011,"Bent, CO",2017,113410.0
 08013,"Boulder, CO*",2017,26255861.0
 08014,"Broomfield, CO*",2017,7152362.0
 08015,"Chaffee, CO",2017,744883.0
 08017,"Cheyenne, CO",2017,143681.0
 08019,"Clear Creek, CO",2017,492621.0
 08021,"Conejos, CO",2017,196127.0
 08023,"Costilla, CO",2017,86418.0
 08025,"Crowley, CO",2017,117861.0
 08027,"Custer, CO",2017,122418.0
 08029,"Delta, CO",2017,747169.0
 08031,"Denver, CO",2017,72913266.0
 08033,"Dolores, CO",2017,139048.0
 08035,"Douglas, CO",2017,17850792.0
 08037,"Eagle, CO",2017,4000278.0
 08039,"Elbert, CO",2017,576147.0
 08041,"El Paso, CO",2017,34131315.0
 08043,"Fremont, CO",2017,1380235.0
 08045,"Garfield, CO",2017,3720260.0
 08047,"Gilpin, CO",2017,670659.0
 08049,"Grand, CO",2017,915143.0
 08051,"Gunnison, CO",2017,1060107.0
 08053,"Hinsdale, CO",2017,38617.0
 08055,"Huerfano, CO",2017,227683.0
 08057,"Jackson, CO",2017,103647.0
 08059,"Jefferson, CO*",2017,30903284.0
 08061,"Kiowa, CO",2017,50289.0
 08063,"Kit Carson, CO",2017,327085.0
 08065,"Lake, CO",2017,271384.0
 08067,"La Plata, CO",2017,3233107.0
 08069,"Larimer, CO",2017,18593761.0
 08071,"Las Animas, CO",2017,539999.0
 08073,"Lincoln, CO",2017,362548.0
 08075,"Logan, CO",2017,1033765.0
 08077,"Mesa, CO",2017,6404009.0
 08079,"Mineral, CO",2017,56692.0
 08081,"Moffat, CO",2017,1040034.0
 08083,"Montezuma, CO",2017,1587012.0
 08085,"Montrose, CO",2017,1466326.0
 08087,"Morgan, CO",2017,1466745.0
 08089,"Otero, CO",2017,520217.0
 08091,"Ouray, CO",2017,187395.0
 08093,"Park, CO",2017,392813.0
 08095,"Phillips, CO",2017,171286.0
 08097,"Pitkin, CO",2017,2291500.0
 08099,"Prowers, CO",2017,475525.0
 08101,"Pueblo, CO",2017,5971695.0
 08103,"Rio Blanco, CO",2017,563714.0
 08105,"Rio Grande, CO",2017,413570.0
 08107,"Routt, CO",2017,1896125.0
 08109,"Saguache, CO",2017,170233.0
 08111,"San Juan, CO",2017,36309.0
 08113,"San Miguel, CO",2017,623440.0
 08115,"Sedgwick, CO",2017,61292.0
 08117,"Summit, CO",2017,2567194.0
 08119,"Teller, CO",2017,955644.0
 08121,"Washington, CO",2017,132773.0
 08123,"Weld, CO*",2017,18534036.0
 08125,"Yuma, CO",2017,427156.0
 09000,Connecticut,2017,273875070.0
 09001,"Fairfield, CT",2017,91838477.0
 09003,"Hartford, CT",2017,85794244.0
 09005,"Litchfield, CT",2017,8067891.0
 09007,"Middlesex, CT",2017,9484913.0
 09009,"New Haven, CT",2017,49698505.0
 09011,"New London, CT",2017,18942592.0
 09013,"Tolland, CT",2017,5337593.0
 09015,"Windham, CT",2017,4710856.0
 10000,Delaware,2017,69555627.0
 10001,"Kent, DE",2017,7633026.0
 10003,"New Castle, DE",2017,49730862.0
 10005,"Sussex, DE",2017,12191740.0
 11000,District of Columbia,2017,134298772.0
 11001,"District of Columbia, DC",2017,134298772.0
 12000,Florida,2017,1014866863.0
 12001,"Alachua, FL",2017,13230632.0
 12003,"Baker, FL",2017,664447.0
 12005,"Bay, FL",2017,8391383.0
 12007,"Bradford, FL",2017,654602.0
 12009,"Brevard, FL",2017,24133063.0
 12011,"Broward, FL",2017,104703408.0
 12013,"Calhoun, FL",2017,271085.0
 12015,"Charlotte, FL",2017,5181236.0
 12017,"Citrus, FL",2017,3704389.0
 12019,"Clay, FL",2017,5191434.0
 12021,"Collier, FL",2017,18972217.0
 12023,"Columbia, FL",2017,2136953.0
 12027,"DeSoto, FL",2017,932062.0
 12029,"Dixie, FL",2017,280617.0
 12031,"Duval, FL",2017,62868205.0
 12033,"Escambia, FL",2017,15781399.0
 12035,"Flagler, FL",2017,2695378.0
 12037,"Franklin, FL",2017,337899.0
 12039,"Gadsden, FL",2017,1225492.0
 12041,"Gilchrist, FL",2017,330710.0
 12043,"Glades, FL",2017,277226.0
 12045,"Gulf, FL",2017,387076.0
 12047,"Hamilton, FL",2017,472185.0
 12049,"Hardee, FL",2017,1037682.0
 12051,"Hendry, FL",2017,1192855.0
 12053,"Hernando, FL",2017,4036623.0
 12055,"Highlands, FL",2017,2482118.0
 12057,"Hillsborough, FL",2017,87528485.0
 12059,"Holmes, FL",2017,349936.0
 12061,"Indian River, FL",2017,6355422.0
 12063,"Jackson, FL",2017,1312518.0
 12065,"Jefferson, FL",2017,250290.0
 12067,"Lafayette, FL",2017,150811.0
 12069,"Lake, FL",2017,9661005.0
 12071,"Lee, FL",2017,31283529.0
 12073,"Leon, FL",2017,14927969.0
 12075,"Levy, FL",2017,922164.0
 12077,"Liberty, FL",2017,183216.0
 12079,"Madison, FL",2017,408978.0
 12081,"Manatee, FL",2017,14216885.0
 12083,"Marion, FL",2017,9763722.0
 12085,"Martin, FL",2017,7438578.0
 12086,"Miami-Dade, FL",2017,159539066.0
 12087,"Monroe, FL",2017,4924206.0
 12089,"Nassau, FL",2017,2646890.0
 12091,"Okaloosa, FL",2017,11313087.0
 12093,"Okeechobee, FL",2017,1253574.0
 12095,"Orange, FL",2017,95077001.0
 12097,"Osceola, FL",2017,10505768.0
 12099,"Palm Beach, FL",2017,82713425.0
 12101,"Pasco, FL",2017,12596629.0
 12103,"Pinellas, FL",2017,48499271.0
 12105,"Polk, FL",2017,25742485.0
 12107,"Putnam, FL",2017,2125357.0
 12109,"St. Johns, FL",2017,8970720.0
 12111,"St. Lucie, FL",2017,9305423.0
 12113,"Santa Rosa, FL",2017,4429464.0
 12115,"Sarasota, FL",2017,20195020.0
 12117,"Seminole, FL",2017,20979506.0
 12119,"Sumter, FL",2017,3208200.0
 12121,"Suwannee, FL",2017,1217082.0
 12123,"Taylor, FL",2017,759467.0
 12125,"Union, FL",2017,314461.0
 12127,"Volusia, FL",2017,17886662.0
 12129,"Wakulla, FL",2017,705267.0
 12131,"Walton, FL",2017,3072674.0
 12133,"Washington, FL",2017,560275.0
 13000,Georgia,2017,583543340.0
 13001,"Appling, GA",2017,1535236.0
 13003,"Atkinson, GA",2017,232974.0
 13005,"Bacon, GA",2017,361403.0
 13007,"Baker, GA",2017,66476.0
 13009,"Baldwin, GA",2017,1337656.0
 13011,"Banks, GA",2017,413116.0
 13013,"Barrow, GA",2017,2085333.0
 13015,"Bartow, GA",2017,4889399.0
 13017,"Ben Hill, GA",2017,529336.0
 13019,"Berrien, GA",2017,386365.0
 13021,"Bibb, GA",2017,8322372.0
 13023,"Bleckley, GA",2017,228158.0
 13025,"Brantley, GA",2017,247168.0
 13027,"Brooks, GA",2017,332749.0
 13029,"Bryan, GA",2017,990118.0
 13031,"Bulloch, GA",2017,2425611.0
 13033,"Burke, GA",2017,2630616.0
 13035,"Butts, GA",2017,631077.0
 13037,"Calhoun, GA",2017,123477.0
 13039,"Camden, GA",2017,2020856.0
 13043,"Candler, GA",2017,256001.0
 13045,"Carroll, GA",2017,4388113.0
 13047,"Catoosa, GA",2017,1474298.0
 13049,"Charlton, GA",2017,206639.0
 13051,"Chatham, GA",2017,18282659.0
 13053,"Chattahoochee, GA",2017,1700973.0
 13055,"Chattooga, GA",2017,605179.0
 13057,"Cherokee, GA",2017,7722300.0
 13059,"Clarke, GA",2017,7810874.0
 13061,"Clay, GA",2017,64749.0
 13063,"Clayton, GA",2017,18102264.0
 13065,"Clinch, GA",2017,233187.0
 13067,"Cobb, GA",2017,53345406.0
 13069,"Coffee, GA",2017,1485752.0
 13071,"Colquitt, GA",2017,1408968.0
 13073,"Columbia, GA",2017,3992820.0
 13075,"Cook, GA",2017,361602.0
 13077,"Coweta, GA",2017,4422903.0
 13079,"Crawford, GA",2017,163412.0
 13081,"Crisp, GA",2017,840605.0
 13083,"Dade, GA",2017,377030.0
 13085,"Dawson, GA",2017,855934.0
 13087,"Decatur, GA",2017,802521.0
 13089,"DeKalb, GA",2017,40113377.0
 13091,"Dodge, GA",2017,432355.0
 13093,"Dooly, GA",2017,418725.0
 13095,"Dougherty, GA",2017,4461822.0
 13097,"Douglas, GA",2017,4514446.0
 13099,"Early, GA",2017,501197.0
 13101,"Echols, GA",2017,41172.0
 13103,"Effingham, GA",2017,1905589.0
 13105,"Elbert, GA",2017,631620.0
 13107,"Emanuel, GA",2017,701550.0
 13109,"Evans, GA",2017,400302.0
 13111,"Fannin, GA",2017,735089.0
 13113,"Fayette, GA",2017,4962724.0
 13115,"Floyd, GA",2017,4173443.0
 13117,"Forsyth, GA",2017,10109254.0
 13119,"Franklin, GA",2017,920646.0
 13121,"Fulton, GA",2017,168220054.0
 13123,"Gilmer, GA",2017,868198.0
 13125,"Glascock, GA",2017,35171.0
 13127,"Glynn, GA",2017,4028123.0
 13129,"Gordon, GA",2017,2234795.0
 13131,"Grady, GA",2017,614644.0
 13133,"Greene, GA",2017,697546.0
 13135,"Gwinnett, GA",2017,48087624.0
 13137,"Habersham, GA",2017,1442836.0
 13139,"Hall, GA",2017,10517593.0
 13141,"Hancock, GA",2017,164307.0
 13143,"Haralson, GA",2017,813981.0
 13145,"Harris, GA",2017,544631.0
 13147,"Hart, GA",2017,808410.0
 13149,"Heard, GA",2017,1305306.0
 13151,"Henry, GA",2017,6202150.0
 13153,"Houston, GA",2017,6772148.0
 13155,"Irwin, GA",2017,192222.0
 13157,"Jackson, GA",2017,3085438.0
 13159,"Jasper, GA",2017,272508.0
 13161,"Jeff Davis, GA",2017,378884.0
 13163,"Jefferson, GA",2017,539207.0
 13165,"Jenkins, GA",2017,137218.0
 13167,"Johnson, GA",2017,129206.0
 13169,"Jones, GA",2017,472885.0
 13171,"Lamar, GA",2017,399115.0
 13173,"Lanier, GA",2017,136331.0
 13175,"Laurens, GA",2017,1746207.0
 13177,"Lee, GA",2017,650934.0
 13179,"Liberty, GA",2017,3608805.0
 13181,"Lincoln, GA",2017,133506.0
 13183,"Long, GA",2017,182042.0
 13185,"Lowndes, GA",2017,4903749.0
 13187,"Lumpkin, GA",2017,797021.0
 13189,"McDuffie, GA",2017,620017.0
 13191,"McIntosh, GA",2017,259354.0
 13193,"Macon, GA",2017,446637.0
 13195,"Madison, GA",2017,522887.0
 13197,"Marion, GA",2017,114269.0
 13199,"Meriwether, GA",2017,626854.0
 13201,"Miller, GA",2017,183728.0
 13205,"Mitchell, GA",2017,729071.0
 13207,"Monroe, GA",2017,1637949.0
 13209,"Montgomery, GA",2017,152417.0
 13211,"Morgan, GA",2017,754177.0
 13213,"Murray, GA",2017,1281985.0
 13215,"Muscogee, GA",2017,10506084.0
 13217,"Newton, GA",2017,2856886.0
 13219,"Oconee, GA",2017,1333860.0
 13221,"Oglethorpe, GA",2017,312398.0
 13223,"Paulding, GA",2017,2815589.0
 13225,"Peach, GA",2017,869185.0
 13227,"Pickens, GA",2017,1003906.0
 13229,"Pierce, GA",2017,412112.0
 13231,"Pike, GA",2017,315454.0
 13233,"Polk, GA",2017,1170049.0
 13235,"Pulaski, GA",2017,293692.0
 13237,"Putnam, GA",2017,529671.0
 13239,"Quitman, GA",2017,39526.0
 13241,"Rabun, GA",2017,533998.0
 13243,"Randolph, GA",2017,176900.0
 13245,"Richmond, GA",2017,12231397.0
 13247,"Rockdale, GA",2017,3816812.0
 13249,"Schley, GA",2017,107229.0
 13251,"Screven, GA",2017,337397.0
 13253,"Seminole, GA",2017,285219.0
 13255,"Spalding, GA",2017,2038521.0
 13257,"Stephens, GA",2017,875761.0
 13259,"Stewart, GA",2017,114440.0
 13261,"Sumter, GA",2017,1035958.0
 13263,"Talbot, GA",2017,125834.0
 13265,"Taliaferro, GA",2017,27635.0
 13267,"Tattnall, GA",2017,634894.0
 13269,"Taylor, GA",2017,210676.0
 13271,"Telfair, GA",2017,335021.0
 13273,"Terrell, GA",2017,239916.0
 13275,"Thomas, GA",2017,2094276.0
 13277,"Tift, GA",2017,1818774.0
 13279,"Toombs, GA",2017,973607.0
 13281,"Towns, GA",2017,351926.0
 13283,"Treutlen, GA",2017,103694.0
 13285,"Troup, GA",2017,3520408.0
 13287,"Turner, GA",2017,197596.0
 13289,"Twiggs, GA",2017,249369.0
 13291,"Union, GA",2017,791743.0
 13293,"Upson, GA",2017,671165.0
 13295,"Walker, GA",2017,1444625.0
 13297,"Walton, GA",2017,2537033.0
 13299,"Ware, GA",2017,1456309.0
 13301,"Warren, GA",2017,140014.0
 13303,"Washington, GA",2017,615190.0
 13305,"Wayne, GA",2017,854049.0
 13307,"Webster, GA",2017,58098.0
 13309,"Wheeler, GA",2017,104184.0
 13311,"White, GA",2017,851350.0
 13313,"Whitfield, GA",2017,5603597.0
 13315,"Wilcox, GA",2017,159134.0
 13317,"Wilkes, GA",2017,343553.0
 13319,"Wilkinson, GA",2017,507488.0
 13321,"Worth, GA",2017,341000.0
 15000,Hawaii,2017,87436367.0
 15001,"Hawaii, HI",2017,8324824.0
 15003,"Honolulu, HI",2017,65758319.0
 15007,"Kauai, HI",2017,3746756.0
 15901,"Maui + Kalawao, HI*",2017,9606468.0
 16000,Idaho,2017,72935116.0
 16001,"Ada, ID",2017,25662635.0
 16003,"Adams, ID",2017,116480.0
 16005,"Bannock, ID",2017,2801864.0
 16007,"Bear Lake, ID",2017,173584.0
 16009,"Benewah, ID",2017,325420.0
 16011,"Bingham, ID",2017,1213894.0
 16013,"Blaine, ID",2017,1483281.0
 16015,"Boise, ID",2017,145764.0
 16017,"Bonner, ID",2017,1403605.0
 16019,"Bonneville, ID",2017,5576431.0
 16021,"Boundary, ID",2017,353931.0
 16023,"Butte, ID",2017,1076339.0
 16025,"Camas, ID",2017,63093.0
 16027,"Canyon, ID",2017,5687324.0
 16029,"Caribou, ID",2017,550216.0
 16031,"Cassia, ID",2017,1417552.0
 16033,"Clark, ID",2017,52365.0
 16035,"Clearwater, ID",2017,334768.0
 16037,"Custer, ID",2017,152468.0
 16039,"Elmore, ID",2017,1230006.0
 16041,"Franklin, ID",2017,343524.0
 16043,"Fremont (includes Yellowstone Park), ID",2017,330015.0
 16045,"Gem, ID",2017,399552.0
 16047,"Gooding, ID",2017,1078438.0
 16049,"Idaho, ID",2017,415457.0
 16051,"Jefferson, ID",2017,708776.0
 16053,"Jerome, ID",2017,1136027.0
 16055,"Kootenai, ID",2017,6045951.0
 16057,"Latah, ID",2017,1293554.0
 16059,"Lemhi, ID",2017,226846.0
 16061,"Lewis, ID",2017,140079.0
 16063,"Lincoln, ID",2017,255439.0
 16065,"Madison, ID",2017,1142492.0
 16067,"Minidoka, ID",2017,709125.0
 16069,"Nez Perce, ID",2017,2000701.0
 16071,"Oneida, ID",2017,124014.0
 16073,"Owyhee, ID",2017,371514.0
 16075,"Payette, ID",2017,779065.0
 16077,"Power, ID",2017,366763.0
 16079,"Shoshone, ID",2017,463186.0
 16081,"Teton, ID",2017,319624.0
 16083,"Twin Falls, ID",2017,3561750.0
 16085,"Valley, ID",2017,461668.0
 16087,"Washington, ID",2017,440532.0
 17000,Illinois,2017,832826821.0
 17001,"Adams, IL",2017,3422692.0
 17003,"Alexander, IL",2017,155341.0
 17005,"Bond, IL",2017,540705.0
 17007,"Boone, IL",2017,1725520.0
 17009,"Brown, IL",2017,472626.0
 17011,"Bureau, IL",2017,1229862.0
 17013,"Calhoun, IL",2017,97601.0
 17015,"Carroll, IL",2017,520401.0
 17017,"Cass, IL",2017,633147.0
 17019,"Champaign, IL",2017,11117088.0
 17021,"Christian, IL",2017,1556823.0
 17023,"Clark, IL",2017,497924.0
 17025,"Clay, IL",2017,583750.0
 17027,"Clinton, IL",2017,1067283.0
 17029,"Coles, IL",2017,2421547.0
 17031,"Cook, IL",2017,397830564.0
 17033,"Crawford, IL",2017,1512321.0
 17035,"Cumberland, IL",2017,1240935.0
 17037,"DeKalb, IL",2017,4077312.0
 17039,"De Witt, IL",2017,1121084.0
 17041,"Douglas, IL",2017,990768.0
 17043,"DuPage, IL",2017,92499592.0
 17045,"Edgar, IL",2017,829806.0
 17047,"Edwards, IL",2017,314995.0
 17049,"Effingham, IL",2017,2034882.0
 17051,"Fayette, IL",2017,579993.0
 17053,"Ford, IL",2017,611644.0
 17055,"Franklin, IL",2017,1065257.0
 17057,"Fulton, IL",2017,927533.0
 17059,"Gallatin, IL",2017,164061.0
 17061,"Greene, IL",2017,300973.0
 17063,"Grundy, IL",2017,3807180.0
 17065,"Hamilton, IL",2017,360322.0
 17067,"Hancock, IL",2017,497446.0
 17069,"Hardin, IL",2017,83819.0
 17071,"Henderson, IL",2017,162281.0
 17073,"Henry, IL",2017,1446860.0
 17075,"Iroquois, IL",2017,997318.0
 17077,"Jackson, IL",2017,2493287.0
 17079,"Jasper, IL",2017,453284.0
 17081,"Jefferson, IL",2017,1888771.0
 17083,"Jersey, IL",2017,468828.0
 17085,"Jo Daviess, IL",2017,804012.0
 17087,"Johnson, IL",2017,224573.0
 17089,"Kane, IL",2017,26561783.0
 17091,"Kankakee, IL",2017,5940652.0
 17093,"Kendall, IL",2017,3562796.0
 17095,"Knox, IL",2017,1737970.0
 17097,"Lake, IL",2017,61104141.0
 17099,"LaSalle, IL",2017,5800014.0
 17101,"Lawrence, IL",2017,519971.0
 17103,"Lee, IL",2017,1508923.0
 17105,"Livingston, IL",2017,1739407.0
 17107,"Logan, IL",2017,984303.0
 17109,"McDonough, IL",2017,1162632.0
 17111,"McHenry, IL",2017,11756813.0
 17113,"McLean, IL",2017,14476949.0
 17115,"Macon, IL",2017,6950487.0
 17117,"Macoupin, IL",2017,1167465.0
 17119,"Madison, IL",2017,11160858.0
 17121,"Marion, IL",2017,1322298.0
 17123,"Marshall, IL",2017,374080.0
 17125,"Mason, IL",2017,543181.0
 17127,"Massac, IL",2017,614696.0
 17129,"Menard, IL",2017,227774.0
 17131,"Mercer, IL",2017,383875.0
 17133,"Monroe, IL",2017,910312.0
 17135,"Montgomery, IL",2017,1233362.0
 17137,"Morgan, IL",2017,1472824.0
 17139,"Moultrie, IL",2017,677296.0
 17141,"Ogle, IL",2017,2704347.0
 17143,"Peoria, IL",2017,12490254.0
 17145,"Perry, IL",2017,586628.0
 17147,"Piatt, IL",2017,450338.0
 17149,"Pike, IL",2017,515675.0
 17151,"Pope, IL",2017,64153.0
 17153,"Pulaski, IL",2017,230512.0
 17155,"Putnam, IL",2017,349095.0
 17157,"Randolph, IL",2017,1547159.0
 17159,"Richland, IL",2017,581414.0
 17161,"Rock Island, IL",2017,10218084.0
 17163,"St. Clair, IL",2017,11716575.0
 17165,"Saline, IL",2017,836880.0
 17167,"Sangamon, IL",2017,11069660.0
 17169,"Schuyler, IL",2017,239266.0
 17171,"Scott, IL",2017,137643.0
 17173,"Shelby, IL",2017,669926.0
 17175,"Stark, IL",2017,199827.0
 17177,"Stephenson, IL",2017,1824714.0
 17179,"Tazewell, IL",2017,6660915.0
 17181,"Union, IL",2017,404958.0
 17183,"Vermilion, IL",2017,3203166.0
 17185,"Wabash, IL",2017,328648.0
 17187,"Warren, IL",2017,783097.0
 17189,"Washington, IL",2017,864005.0
 17191,"Wayne, IL",2017,438197.0
 17193,"White, IL",2017,495309.0
 17195,"Whiteside, IL",2017,2049025.0
 17197,"Will, IL",2017,33339131.0
 17199,"Williamson, IL",2017,2874711.0
 17201,"Winnebago, IL",2017,14101254.0
 17203,"Woodford, IL",2017,1125383.0
 18000,Indiana,2017,357535761.0
 18001,"Adams, IN",2017,1729030.0
 18003,"Allen, IN",2017,21046574.0
 18005,"Bartholomew, IN",2017,6366981.0
 18007,"Benton, IN",2017,429763.0
 18009,"Blackford, IN",2017,318971.0
 18011,"Boone, IN",2017,3141817.0
 18013,"Brown, IN",2017,289824.0
 18015,"Carroll, IN",2017,633194.0
 18017,"Cass, IN",2017,1380038.0
 18019,"Clark, IN",2017,5360653.0
 18021,"Clay, IN",2017,802384.0
 18023,"Clinton, IN",2017,1551643.0
 18025,"Crawford, IN",2017,196044.0
 18027,"Daviess, IN",2017,1246035.0
 18029,"Dearborn, IN",2017,1778835.0
 18031,"Decatur, IN",2017,1597973.0
 18033,"DeKalb, IN",2017,2459089.0
 18035,"Delaware, IN",2017,4030138.0
 18037,"Dubois, IN",2017,2751167.0
 18039,"Elkhart, IN",2017,16441996.0
 18041,"Fayette, IN",2017,575523.0
 18043,"Floyd, IN",2017,2919405.0
 18045,"Fountain, IN",2017,451647.0
 18047,"Franklin, IN",2017,529025.0
 18049,"Fulton, IN",2017,656283.0
 18051,"Gibson, IN",2017,3801509.0
 18053,"Grant, IN",2017,2410681.0
 18055,"Greene, IN",2017,643093.0
 18057,"Hamilton, IN",2017,19277474.0
 18059,"Hancock, IN",2017,2798517.0
 18061,"Harrison, IN",2017,1127391.0
 18063,"Hendricks, IN",2017,6616405.0
 18065,"Henry, IN",2017,1271144.0
 18067,"Howard, IN",2017,4279358.0
 18069,"Huntington, IN",2017,1440445.0
 18071,"Jackson, IN",2017,2298387.0
 18073,"Jasper, IN",2017,1541695.0
 18075,"Jay, IN",2017,933155.0
 18077,"Jefferson, IN",2017,1487036.0
 18079,"Jennings, IN",2017,695624.0
 18081,"Johnson, IN",2017,5194058.0
 18083,"Knox, IN",2017,1937164.0
 18085,"Kosciusko, IN",2017,5106216.0
 18087,"Lagrange, IN",2017,1885283.0
 18089,"Lake, IN",2017,23680411.0
 18091,"LaPorte, IN",2017,4105788.0
 18093,"Lawrence, IN",2017,1280171.0
 18095,"Madison, IN",2017,3760884.0
 18097,"Marion, IN",2017,90087361.0
 18099,"Marshall, IN",2017,1681722.0
 18101,"Martin, IN",2017,1000966.0
 18103,"Miami, IN",2017,992057.0
 18105,"Monroe, IN",2017,6907315.0
 18107,"Montgomery, IN",2017,1610818.0
 18109,"Morgan, IN",2017,1637497.0
 18111,"Newton, IN",2017,318150.0
 18113,"Noble, IN",2017,1874969.0
 18115,"Ohio, IN",2017,136347.0
 18117,"Orange, IN",2017,698406.0
 18119,"Owen, IN",2017,499575.0
 18121,"Parke, IN",2017,332800.0
 18123,"Perry, IN",2017,749426.0
 18125,"Pike, IN",2017,820453.0
 18127,"Porter, IN",2017,7254608.0
 18129,"Posey, IN",2017,2260375.0
 18131,"Pulaski, IN",2017,585043.0
 18133,"Putnam, IN",2017,1144733.0
 18135,"Randolph, IN",2017,765259.0
 18137,"Ripley, IN",2017,1163169.0
 18139,"Rush, IN",2017,567825.0
 18141,"St. Joseph, IN",2017,13648464.0
 18143,"Scott, IN",2017,706888.0
 18145,"Shelby, IN",2017,1933333.0
 18147,"Spencer, IN",2017,1248884.0
 18149,"Starke, IN",2017,461052.0
 18151,"Steuben, IN",2017,1401064.0
 18153,"Sullivan, IN",2017,916719.0
 18155,"Switzerland, IN",2017,235232.0
 18157,"Tippecanoe, IN",2017,9794693.0
 18159,"Tipton, IN",2017,497493.0
 18161,"Union, IN",2017,142289.0
 18163,"Vanderburgh, IN",2017,11287039.0
 18165,"Vermillion, IN",2017,903387.0
 18167,"Vigo, IN",2017,4562584.0
 18169,"Wabash, IN",2017,1152613.0
 18171,"Warren, IN",2017,218995.0
 18173,"Warrick, IN",2017,2246590.0
 18175,"Washington, IN",2017,646723.0
 18177,"Wayne, IN",2017,2760787.0
 18179,"Wells, IN",2017,1083817.0
 18181,"White, IN",2017,944311.0
 18183,"Whitley, IN",2017,1398013.0
 19000,Iowa,2017,187124993.0
 19001,"Adair, IA",2017,349809.0
 19003,"Adams, IA",2017,234992.0
 19005,"Allamakee, IA",2017,628558.0
 19007,"Appanoose, IA",2017,410365.0
 19009,"Audubon, IA",2017,261283.0
 19011,"Benton, IA",2017,809714.0
 19013,"Black Hawk, IA",2017,7815015.0
 19015,"Boone, IA",2017,942446.0
 19017,"Bremer, IA",2017,1113008.0
 19019,"Buchanan, IA",2017,795147.0
 19021,"Buena Vista, IA",2017,1246013.0
 19023,"Butler, IA",2017,426299.0
 19025,"Calhoun, IA",2017,400377.0
 19027,"Carroll, IA",2017,1428122.0
 19029,"Cass, IA",2017,683709.0
 19031,"Cedar, IA",2017,589352.0
 19033,"Cerro Gordo, IA",2017,2535359.0
 19035,"Cherokee, IA",2017,680469.0
 19037,"Chickasaw, IA",2017,669950.0
 19039,"Clarke, IA",2017,414907.0
 19041,"Clay, IA",2017,938222.0
 19043,"Clayton, IA",2017,879202.0
 19045,"Clinton, IA",2017,2355840.0
 19047,"Crawford, IA",2017,782006.0
 19049,"Dallas, IA",2017,5242758.0
 19051,"Davis, IA",2017,260100.0
 19053,"Decatur, IA",2017,217191.0
 19055,"Delaware, IA",2017,993535.0
 19057,"Des Moines, IA",2017,2351938.0
 19059,"Dickinson, IA",2017,974131.0
 19061,"Dubuque, IA",2017,6389591.0
 19063,"Emmet, IA",2017,364613.0
 19065,"Fayette, IA",2017,768532.0
 19067,"Floyd, IA",2017,860567.0
 19069,"Franklin, IA",2017,599974.0
 19071,"Fremont, IA",2017,274821.0
 19073,"Greene, IA",2017,448337.0
 19075,"Grundy, IA",2017,492032.0
 19077,"Guthrie, IA",2017,478395.0
 19079,"Hamilton, IA",2017,853092.0
 19081,"Hancock, IA",2017,825161.0
 19083,"Hardin, IA",2017,884415.0
 19085,"Harrison, IA",2017,433075.0
 19087,"Henry, IA",2017,927769.0
 19089,"Howard, IA",2017,442544.0
 19091,"Humboldt, IA",2017,438685.0
 19093,"Ida, IA",2017,518075.0
 19095,"Iowa, IA",2017,1056869.0
 19097,"Jackson, IA",2017,668674.0
 19099,"Jasper, IA",2017,1181379.0
 19101,"Jefferson, IA",2017,682470.0
 19103,"Johnson, IA",2017,9669021.0
 19105,"Jones, IA",2017,645875.0
 19107,"Keokuk, IA",2017,336176.0
 19109,"Kossuth, IA",2017,938192.0
 19111,"Lee, IA",2017,1814092.0
 19113,"Linn, IA",2017,16867116.0
 19115,"Louisa, IA",2017,645666.0
 19117,"Lucas, IA",2017,302851.0
 19119,"Lyon, IA",2017,978438.0
 19121,"Madison, IA",2017,429561.0
 19123,"Mahaska, IA",2017,864672.0
 19125,"Marion, IA",2017,1927022.0
 19127,"Marshall, IA",2017,1822442.0
 19129,"Mills, IA",2017,519896.0
 19131,"Mitchell, IA",2017,619016.0
 19133,"Monona, IA",2017,304291.0
 19135,"Monroe, IA",2017,402057.0
 19137,"Montgomery, IA",2017,418016.0
 19139,"Muscatine, IA",2017,2732058.0
 19141,"O'Brien, IA",2017,957344.0
 19143,"Osceola, IA",2017,447181.0
 19145,"Page, IA",2017,608111.0
 19147,"Palo Alto, IA",2017,588624.0
 19149,"Plymouth, IA",2017,1476003.0
 19151,"Pocahontas, IA",2017,493271.0
 19153,"Polk, IA",2017,43240294.0
 19155,"Pottawattamie, IA",2017,4349095.0
 19157,"Poweshiek, IA",2017,1051882.0
 19159,"Ringgold, IA",2017,189216.0
 19161,"Sac, IA",2017,523685.0
 19163,"Scott, IA",2017,9505890.0
 19165,"Shelby, IA",2017,676877.0
 19167,"Sioux, IA",2017,2622378.0
 19169,"Story, IA",2017,5502762.0
 19171,"Tama, IA",2017,569743.0
 19173,"Taylor, IA",2017,244356.0
 19175,"Union, IA",2017,589546.0
 19177,"Van Buren, IA",2017,230317.0
 19179,"Wapello, IA",2017,1725737.0
 19181,"Warren, IA",2017,1238766.0
 19183,"Washington, IA",2017,1151164.0
 19185,"Wayne, IA",2017,220089.0
 19187,"Webster, IA",2017,2156663.0
 19189,"Winnebago, IA",2017,399037.0
 19191,"Winneshiek, IA",2017,957951.0
 19193,"Woodbury, IA",2017,5168011.0
 19195,"Worth, IA",2017,298086.0
 19197,"Wright, IA",2017,687566.0
 20000,Kansas,2017,166273557.0
 20001,"Allen, KS",2017,495778.0
 20003,"Anderson, KS",2017,234828.0
 20005,"Atchison, KS",2017,721355.0
 20007,"Barber, KS",2017,211551.0
 20009,"Barton, KS",2017,1214744.0
 20011,"Bourbon, KS",2017,611851.0
 20013,"Brown, KS",2017,515957.0
 20015,"Butler, KS",2017,2363638.0
 20017,"Chase, KS",2017,114343.0
 20019,"Chautauqua, KS",2017,71926.0
 20021,"Cherokee, KS",2017,691377.0
 20023,"Cheyenne, KS",2017,91485.0
 20025,"Clark, KS",2017,181465.0
 20027,"Clay, KS",2017,260309.0
 20029,"Cloud, KS",2017,346389.0
 20031,"Coffey, KS",2017,900870.0
 20033,"Comanche, KS",2017,63149.0
 20035,"Cowley, KS",2017,1364357.0
 20037,"Crawford, KS",2017,1668463.0
 20039,"Decatur, KS",2017,99368.0
 20041,"Dickinson, KS",2017,645503.0
 20043,"Doniphan, KS",2017,289459.0
 20045,"Douglas, KS",2017,4987674.0
 20047,"Edwards, KS",2017,184704.0
 20049,"Elk, KS",2017,86183.0
 20051,"Ellis, KS",2017,1514715.0
 20053,"Ellsworth, KS",2017,250445.0
 20055,"Finney, KS",2017,2194437.0
 20057,"Ford, KS",2017,2084408.0
 20059,"Franklin, KS",2017,866166.0
 20061,"Geary, KS",2017,2962651.0
 20063,"Gove, KS",2017,143536.0
 20065,"Graham, KS",2017,123976.0
 20067,"Grant, KS",2017,468234.0
 20069,"Gray, KS",2017,715892.0
 20071,"Greeley, KS",2017,157154.0
 20073,"Greenwood, KS",2017,151362.0
 20075,"Hamilton, KS",2017,217067.0
 20077,"Harper, KS",2017,262431.0
 20079,"Harvey, KS",2017,1250787.0
 20081,"Haskell, KS",2017,447183.0
 20083,"Hodgeman, KS",2017,115810.0
 20085,"Jackson, KS",2017,369447.0
 20087,"Jefferson, KS",2017,417398.0
 20089,"Jewell, KS",2017,76977.0
 20091,"Johnson, KS",2017,48087156.0
 20093,"Kearny, KS",2017,211864.0
 20095,"Kingman, KS",2017,276804.0
 20097,"Kiowa, KS",2017,117982.0
 20099,"Labette, KS",2017,825088.0
 20101,"Lane, KS",2017,126459.0
 20103,"Leavenworth, KS",2017,2905840.0
 20105,"Lincoln, KS",2017,117016.0
 20107,"Linn, KS",2017,419738.0
 20109,"Logan, KS",2017,144340.0
 20111,"Lyon, KS",2017,1355632.0
 20113,"McPherson, KS",2017,1989143.0
 20115,"Marion, KS",2017,351552.0
 20117,"Marshall, KS",2017,543913.0
 20119,"Meade, KS",2017,218424.0
 20121,"Miami, KS",2017,910822.0
 20123,"Mitchell, KS",2017,382662.0
 20125,"Montgomery, KS",2017,1490898.0
 20127,"Morris, KS",2017,175046.0
 20129,"Morton, KS",2017,141339.0
 20131,"Nemaha, KS",2017,503754.0
 20133,"Neosho, KS",2017,546388.0
 20135,"Ness, KS",2017,159432.0
 20137,"Norton, KS",2017,213657.0
 20139,"Osage, KS",2017,287727.0
 20141,"Osborne, KS",2017,167159.0
 20143,"Ottawa, KS",2017,117621.0
 20145,"Pawnee, KS",2017,286726.0
 20147,"Phillips, KS",2017,296513.0
 20149,"Pottawatomie, KS",2017,1442807.0
 20151,"Pratt, KS",2017,528894.0
 20153,"Rawlins, KS",2017,109819.0
 20155,"Reno, KS",2017,2468183.0
 20157,"Republic, KS",2017,202423.0
 20159,"Rice, KS",2017,479834.0
 20161,"Riley, KS",2017,2784460.0
 20163,"Rooks, KS",2017,209278.0
 20165,"Rush, KS",2017,121373.0
 20167,"Russell, KS",2017,304500.0
 20169,"Saline, KS",2017,2918547.0
 20171,"Scott, KS",2017,421451.0
 20173,"Sedgwick, KS",2017,31596869.0
 20175,"Seward, KS",2017,1264814.0
 20177,"Shawnee, KS",2017,10306991.0
 20179,"Sheridan, KS",2017,130203.0
 20181,"Sherman, KS",2017,276863.0
 20183,"Smith, KS",2017,124593.0
 20185,"Stafford, KS",2017,155323.0
 20187,"Stanton, KS",2017,174794.0
 20189,"Stevens, KS",2017,338971.0
 20191,"Sumner, KS",2017,659764.0
 20193,"Thomas, KS",2017,474306.0
 20195,"Trego, KS",2017,157198.0
 20197,"Wabaunsee, KS",2017,136836.0
 20199,"Wallace, KS",2017,75963.0
 20201,"Washington, KS",2017,201302.0
 20203,"Wichita, KS",2017,279819.0
 20205,"Wilson, KS",2017,337743.0
 20207,"Woodson, KS",2017,75144.0
 20209,"Wyandotte, KS",2017,10936992.0
 21000,Kentucky,2017,203563965.0
 21001,"Adair, KY",2017,357657.0
 21003,"Allen, KY",2017,482434.0
 21005,"Anderson, KY",2017,569020.0
 21007,"Ballard, KY",2017,208717.0
 21009,"Barren, KY",2017,1488402.0
 21011,"Bath, KY",2017,195652.0
 21013,"Bell, KY",2017,771632.0
 21015,"Boone, KY",2017,11207941.0
 21017,"Bourbon, KY",2017,939527.0
 21019,"Boyd, KY",2017,3052721.0
 21021,"Boyle, KY",2017,1235101.0
 21023,"Bracken, KY",2017,153924.0
 21025,"Breathitt, KY",2017,241615.0
 21027,"Breckinridge, KY",2017,377034.0
 21029,"Bullitt, KY",2017,2578475.0
 21031,"Butler, KY",2017,309367.0
 21033,"Caldwell, KY",2017,385937.0
 21035,"Calloway, KY",2017,1389520.0
 21037,"Campbell, KY",2017,3408213.0
 21039,"Carlisle, KY",2017,142697.0
 21041,"Carroll, KY",2017,2037541.0
 21043,"Carter, KY",2017,520320.0
 21045,"Casey, KY",2017,314616.0
 21047,"Christian, KY",2017,5918555.0
 21049,"Clark, KY",2017,1562982.0
 21051,"Clay, KY",2017,350876.0
 21053,"Clinton, KY",2017,339484.0
 21055,"Crittenden, KY",2017,179251.0
 21057,"Cumberland, KY",2017,144525.0
 21059,"Daviess, KY",2017,4791905.0
 21061,"Edmonson, KY",2017,176273.0
 21063,"Elliott, KY",2017,82495.0
 21065,"Estill, KY",2017,214019.0
 21067,"Fayette, KY",2017,19879688.0
 21069,"Fleming, KY",2017,286871.0
 21071,"Floyd, KY",2017,1084448.0
 21073,"Franklin, KY",2017,3101078.0
 21075,"Fulton, KY",2017,195468.0
 21077,"Gallatin, KY",2017,337151.0
 21079,"Garrard, KY",2017,259677.0
 21081,"Grant, KY",2017,531009.0
 21083,"Graves, KY",2017,1217686.0
 21085,"Grayson, KY",2017,693086.0
 21087,"Green, KY",2017,159635.0
 21089,"Greenup, KY",2017,831240.0
 21091,"Hancock, KY",2017,769009.0
 21093,"Hardin, KY",2017,5213209.0
 21095,"Harlan, KY",2017,537474.0
 21097,"Harrison, KY",2017,516544.0
 21099,"Hart, KY",2017,555975.0
 21101,"Henderson, KY",2017,2067297.0
 21103,"Henry, KY",2017,325683.0
 21105,"Hickman, KY",2017,174979.0
 21107,"Hopkins, KY",2017,1736180.0
 21109,"Jackson, KY",2017,160017.0
 21111,"Jefferson, KY",2017,54008492.0
 21113,"Jessamine, KY",2017,1973816.0
 21115,"Johnson, KY",2017,447877.0
 21117,"Kenton, KY",2017,7512140.0
 21119,"Knott, KY",2017,206570.0
 21121,"Knox, KY",2017,660607.0
 21123,"Larue, KY",2017,228924.0
 21125,"Laurel, KY",2017,2149482.0
 21127,"Lawrence, KY",2017,324283.0
 21129,"Lee, KY",2017,120223.0
 21131,"Leslie, KY",2017,164691.0
 21133,"Letcher, KY",2017,348722.0
 21135,"Lewis, KY",2017,184484.0
 21137,"Lincoln, KY",2017,413792.0
 21139,"Livingston, KY",2017,276258.0
 21141,"Logan, KY",2017,1047706.0
 21143,"Lyon, KY",2017,224702.0
 21145,"McCracken, KY",2017,4410502.0
 21147,"McCreary, KY",2017,250252.0
 21149,"McLean, KY",2017,283669.0
 21151,"Madison, KY",2017,3002324.0
 21153,"Magoffin, KY",2017,144917.0
 21155,"Marion, KY",2017,887076.0
 21157,"Marshall, KY",2017,1488790.0
 21159,"Martin, KY",2017,267489.0
 21161,"Mason, KY",2017,1053767.0
 21163,"Meade, KY",2017,497103.0
 21165,"Menifee, KY",2017,81975.0
 21167,"Mercer, KY",2017,847826.0
 21169,"Metcalfe, KY",2017,188517.0
 21171,"Monroe, KY",2017,297744.0
 21173,"Montgomery, KY",2017,985605.0
 21175,"Morgan, KY",2017,248437.0
 21177,"Muhlenberg, KY",2017,1181083.0
 21179,"Nelson, KY",2017,1624749.0
 21181,"Nicholas, KY",2017,98428.0
 21183,"Ohio, KY",2017,924268.0
 21185,"Oldham, KY",2017,1915327.0
 21187,"Owen, KY",2017,200127.0
 21189,"Owsley, KY",2017,51919.0
 21191,"Pendleton, KY",2017,283468.0
 21193,"Perry, KY",2017,956402.0
 21195,"Pike, KY",2017,2046326.0
 21197,"Powell, KY",2017,211932.0
 21199,"Pulaski, KY",2017,2092968.0
 21201,"Robertson, KY",2017,25031.0
 21203,"Rockcastle, KY",2017,322635.0
 21205,"Rowan, KY",2017,742701.0
 21207,"Russell, KY",2017,551600.0
 21209,"Scott, KY",2017,3202778.0
 21211,"Shelby, KY",2017,1645345.0
 21213,"Simpson, KY",2017,845373.0
 21215,"Spencer, KY",2017,274971.0
 21217,"Taylor, KY",2017,871549.0
 21219,"Todd, KY",2017,324448.0
 21221,"Trigg, KY",2017,269912.0
 21223,"Trimble, KY",2017,518024.0
 21225,"Union, KY",2017,609821.0
 21227,"Warren, KY",2017,6216395.0
 21229,"Washington, KY",2017,339747.0
 21231,"Wayne, KY",2017,421624.0
 21233,"Webster, KY",2017,571367.0
 21235,"Whitley, KY",2017,1021761.0
 21237,"Wolfe, KY",2017,98836.0
 21239,"Woodford, KY",2017,1112455.0
 22000,Louisiana,2017,239830737.0
 22001,"Acadia, LA",2017,1579324.0
 22003,"Allen, LA",2017,703014.0
 22005,"Ascension, LA",2017,8222868.0
 22007,"Assumption, LA",2017,470291.0
 22009,"Avoyelles, LA",2017,911715.0
 22011,"Beauregard, LA",2017,995535.0
 22013,"Bienville, LA",2017,549223.0
 22015,"Bossier, LA",2017,5236297.0
 22017,"Caddo, LA",2017,12698260.0
 22019,"Calcasieu, LA",2017,14990636.0
 22021,"Caldwell, LA",2017,188215.0
 22023,"Cameron, LA",2017,1652487.0
 22025,"Catahoula, LA",2017,176572.0
 22027,"Claiborne, LA",2017,409234.0
 22029,"Concordia, LA",2017,556070.0
 22031,"De Soto, LA",2017,2143249.0
 22033,"East Baton Rouge, LA",2017,33886953.0
 22035,"East Carroll, LA",2017,180226.0
 22037,"East Feliciana, LA",2017,487078.0
 22039,"Evangeline, LA",2017,860264.0
 22041,"Franklin, LA",2017,434581.0
 22043,"Grant, LA",2017,374953.0
 22045,"Iberia, LA",2017,3017553.0
 22047,"Iberville, LA",2017,2670278.0
 22049,"Jackson, LA",2017,461629.0
 22051,"Jefferson, LA",2017,23753659.0
 22053,"Jefferson Davis, LA",2017,873265.0
 22055,"Lafayette, LA",2017,13732242.0
 22057,"Lafourche, LA",2017,3894504.0
 22059,"LaSalle, LA",2017,422686.0
 22061,"Lincoln, LA",2017,2213150.0
 22063,"Livingston, LA",2017,2891747.0
 22065,"Madison, LA",2017,372472.0
 22067,"Morehouse, LA",2017,584623.0
 22069,"Natchitoches, LA",2017,1412923.0
 22071,"Orleans, LA",2017,23831419.0
 22073,"Ouachita, LA",2017,7231511.0
 22075,"Plaquemines, LA",2017,3011481.0
 22077,"Pointe Coupee, LA",2017,858965.0
 22079,"Rapides, LA",2017,5706755.0
 22081,"Red River, LA",2017,599235.0
 22083,"Richland, LA",2017,640484.0
 22085,"Sabine, LA",2017,680607.0
 22087,"St. Bernard, LA",2017,1880424.0
 22089,"St. Charles, LA",2017,7586060.0
 22091,"St. Helena, LA",2017,171398.0
 22093,"St. James, LA",2017,3002750.0
 22095,"St. John the Baptist, LA",2017,3345011.0
 22097,"St. Landry, LA",2017,2441672.0
 22099,"St. Martin, LA",2017,1312763.0
 22101,"St. Mary, LA",2017,2484902.0
 22103,"St. Tammany, LA",2017,11814260.0
 22105,"Tangipahoa, LA",2017,4086210.0
 22107,"Tensas, LA",2017,134527.0
 22109,"Terrebonne, LA",2017,5346558.0
 22111,"Union, LA",2017,514670.0
 22113,"Vermilion, LA",2017,1473678.0
 22115,"Vernon, LA",2017,2054837.0
 22117,"Washington, LA",2017,1120766.0
 22119,"Webster, LA",2017,1152170.0
 22121,"West Baton Rouge, LA",2017,1793469.0
 22123,"West Carroll, LA",2017,218428.0
 22125,"West Feliciana, LA",2017,873327.0
 22127,"Winn, LA",2017,454621.0
 23000,Maine,2017,63000596.0
 23001,"Androscoggin, ME",2017,4503370.0
 23003,"Aroostook, ME",2017,2535379.0
 23005,"Cumberland, ME",2017,21366628.0
 23007,"Franklin, ME",2017,1034899.0
 23009,"Hancock, ME",2017,2454603.0
 23011,"Kennebec, ME",2017,5510136.0
 23013,"Knox, ME",2017,1812399.0
 23015,"Lincoln, ME",2017,1167189.0
 23017,"Oxford, ME",2017,1671821.0
 23019,"Penobscot, ME",2017,6360893.0
 23021,"Piscataquis, ME",2017,521879.0
 23023,"Sagadahoc, ME",2017,1813622.0
 23025,"Somerset, ME",2017,1719082.0
 23027,"Waldo, ME",2017,1365513.0
 23029,"Washington, ME",2017,1017939.0
 23031,"York, ME",2017,8145245.0
 24000,Maryland,2017,399714534.0
 24001,"Allegany, MD",2017,3068263.0
 24003,"Anne Arundel, MD",2017,50214633.0
 24005,"Baltimore, MD",2017,52810820.0
 24009,"Calvert, MD",2017,5282884.0
 24011,"Caroline, MD",2017,1339398.0
 24013,"Carroll, MD",2017,6476375.0
 24015,"Cecil, MD",2017,4432511.0
 24017,"Charles, MD",2017,6317642.0
 24019,"Dorchester, MD",2017,1286721.0
 24021,"Frederick, MD",2017,13461065.0
 24023,"Garrett, MD",2017,1233098.0
 24025,"Harford, MD",2017,12891816.0
 24027,"Howard, MD",2017,26193676.0
 24029,"Kent, MD",2017,943989.0
 24031,"Montgomery, MD",2017,93542842.0
 24033,"Prince George's, MD",2017,44874740.0
 24035,"Queen Anne's, MD",2017,1848599.0
 24037,"St. Mary's, MD",2017,7354343.0
 24039,"Somerset, MD",2017,885671.0
 24041,"Talbot, MD",2017,2115834.0
 24043,"Washington, MD",2017,7205051.0
 24045,"Wicomico, MD",2017,5156240.0
 24047,"Worcester, MD",2017,2881805.0
 24510,"Baltimore (Independent City), MD",2017,47896519.0
 25000,Massachusetts,2017,530129429.0
 25001,"Barnstable, MA",2017,12764776.0
 25003,"Berkshire, MA",2017,7025430.0
 25005,"Bristol, MA",2017,25856398.0
 25007,"Dukes, MA",2017,1414950.0
 25009,"Essex, MA",2017,44185330.0
 25011,"Franklin, MA",2017,2798786.0
 25013,"Hampden, MA",2017,22155823.0
 25015,"Hampshire, MA",2017,7605323.0
 25017,"Middlesex, MA",2017,157595241.0
 25019,"Nantucket, MA",2017,1251956.0
 25021,"Norfolk, MA",2017,52796425.0
 25023,"Plymouth, MA",2017,25453042.0
 25025,"Suffolk, MA",2017,126697805.0
 25027,"Worcester, MA",2017,42528144.0
 26000,Michigan,2017,505101516.0
 26001,"Alcona, MI",2017,220748.0
 26003,"Alger, MI",2017,243000.0
 26005,"Allegan, MI",2017,4308812.0
 26007,"Alpena, MI",2017,1056755.0
 26009,"Antrim, MI",2017,589395.0
 26011,"Arenac, MI",2017,408054.0
 26013,"Baraga, MI",2017,249278.0
 26015,"Barry, MI",2017,1463442.0
 26017,"Bay, MI",2017,3539706.0
 26019,"Benzie, MI",2017,489818.0
 26021,"Berrien, MI",2017,7684118.0
 26023,"Branch, MI",2017,1314987.0
 26025,"Calhoun, MI",2017,6450941.0
 26027,"Cass, MI",2017,1026231.0
 26029,"Charlevoix, MI",2017,1160423.0
 26031,"Cheboygan, MI",2017,628467.0
 26033,"Chippewa, MI",2017,1117472.0
 26035,"Clare, MI",2017,976539.0
 26037,"Clinton, MI",2017,2154712.0
 26039,"Crawford, MI",2017,421468.0
 26041,"Delta, MI",2017,1211920.0
 26043,"Dickinson, MI",2017,1314952.0
 26045,"Eaton, MI",2017,5237163.0
 26047,"Emmet, MI",2017,1704219.0
 26049,"Genesee, MI",2017,15931552.0
 26051,"Gladwin, MI",2017,462859.0
 26053,"Gogebic, MI",2017,458918.0
 26055,"Grand Traverse, MI",2017,5056523.0
 26057,"Gratiot, MI",2017,1294516.0
 26059,"Hillsdale, MI",2017,1547548.0
 26061,"Houghton, MI",2017,1062283.0
 26063,"Huron, MI",2017,1473629.0
 26065,"Ingham, MI",2017,16493798.0
 26067,"Ionia, MI",2017,1544216.0
 26069,"Iosco, MI",2017,762177.0
 26071,"Iron, MI",2017,323784.0
 26073,"Isabella, MI",2017,2394643.0
 26075,"Jackson, MI",2017,5986766.0
 26077,"Kalamazoo, MI",2017,13678676.0
 26079,"Kalkaska, MI",2017,546295.0
 26081,"Kent, MI",2017,41408211.0
 26083,"Keweenaw, MI",2017,48833.0
 26085,"Lake, MI",2017,222723.0
 26087,"Lapeer, MI",2017,2225842.0
 26089,"Leelanau, MI",2017,725344.0
 26091,"Lenawee, MI",2017,2925613.0
 26093,"Livingston, MI",2017,7183744.0
 26095,"Luce, MI",2017,163553.0
 26097,"Mackinac, MI",2017,436189.0
 26099,"Macomb, MI",2017,40421550.0
 26101,"Manistee, MI",2017,842887.0
 26103,"Marquette, MI",2017,2701984.0
 26105,"Mason, MI",2017,1021898.0
 26107,"Mecosta, MI",2017,1290900.0
 26109,"Menominee, MI",2017,700552.0
 26111,"Midland, MI",2017,5482023.0
 26113,"Missaukee, MI",2017,424914.0
 26115,"Monroe, MI",2017,5999722.0
 26117,"Montcalm, MI",2017,1550915.0
 26119,"Montmorency, MI",2017,256904.0
 26121,"Muskegon, MI",2017,5986522.0
 26123,"Newaygo, MI",2017,1371772.0
 26125,"Oakland, MI",2017,103948141.0
 26127,"Oceana, MI",2017,664011.0
 26129,"Ogemaw, MI",2017,538888.0
 26131,"Ontonagon, MI",2017,125697.0
 26133,"Osceola, MI",2017,722005.0
 26135,"Oscoda, MI",2017,197493.0
 26137,"Otsego, MI",2017,976796.0
 26139,"Ottawa, MI",2017,14387389.0
 26141,"Presque Isle, MI",2017,334635.0
 26143,"Roscommon, MI",2017,562704.0
 26145,"Saginaw, MI",2017,8198898.0
 26147,"St. Clair, MI",2017,5281773.0
 26149,"St. Joseph, MI",2017,2059242.0
 26151,"Sanilac, MI",2017,1228358.0
 26153,"Schoolcraft, MI",2017,278521.0
 26155,"Shiawassee, MI",2017,1684085.0
 26157,"Tuscola, MI",2017,1211404.0
 26159,"Van Buren, MI",2017,2887839.0
 26161,"Washtenaw, MI",2017,24040003.0
 26163,"Wayne, MI",2017,97146266.0
 26165,"Wexford, MI",2017,1243967.0
 27000,Minnesota,2017,354721890.0
 27001,"Aitkin, MN",2017,450099.0
 27003,"Anoka, MN",2017,14727190.0
 27005,"Becker, MN",2017,1359790.0
 27007,"Beltrami, MN",2017,1683816.0
 27009,"Benton, MN",2017,1902500.0
 27011,"Big Stone, MN",2017,207174.0
 27013,"Blue Earth, MN",2017,4045039.0
 27015,"Brown, MN",2017,1505083.0
 27017,"Carlton, MN",2017,1324265.0
 27019,"Carver, MN",2017,5349277.0
 27021,"Cass, MN",2017,992683.0
 27023,"Chippewa, MN",2017,570349.0
 27025,"Chisago, MN",2017,1544816.0
 27027,"Clay, MN",2017,1970837.0
 27029,"Clearwater, MN",2017,313494.0
 27031,"Cook, MN",2017,256012.0
 27033,"Cottonwood, MN",2017,639431.0
 27035,"Crow Wing, MN",2017,2736565.0
 27037,"Dakota, MN",2017,25137857.0
 27039,"Dodge, MN",2017,716280.0
 27041,"Douglas, MN",2017,1902245.0
 27043,"Faribault, MN",2017,451678.0
 27045,"Fillmore, MN",2017,649680.0
 27047,"Freeborn, MN",2017,1228317.0
 27049,"Goodhue, MN",2017,2884458.0
 27051,"Grant, MN",2017,243856.0
 27053,"Hennepin, MN",2017,135026932.0
 27055,"Houston, MN",2017,541530.0
 27057,"Hubbard, MN",2017,674359.0
 27059,"Isanti, MN",2017,1092329.0
 27061,"Itasca, MN",2017,2090282.0
 27063,"Jackson, MN",2017,639326.0
 27065,"Kanabec, MN",2017,402378.0
 27067,"Kandiyohi, MN",2017,2332902.0
 27069,"Kittson, MN",2017,201599.0
 27071,"Koochiching, MN",2017,508946.0
 27073,"Lac qui Parle, MN",2017,249974.0
 27075,"Lake, MN",2017,516651.0
 27077,"Lake of the Woods, MN",2017,180057.0
 27079,"Le Sueur, MN",2017,958550.0
 27081,"Lincoln, MN",2017,263024.0
 27083,"Lyon, MN",2017,1581980.0
 27085,"McLeod, MN",2017,1816268.0
 27087,"Mahnomen, MN",2017,159185.0
 27089,"Marshall, MN",2017,352613.0
 27091,"Martin, MN",2017,1073860.0
 27093,"Meeker, MN",2017,813790.0
 27095,"Mille Lacs, MN",2017,792635.0
 27097,"Morrison, MN",2017,1152573.0
 27099,"Mower, MN",2017,1911393.0
 27101,"Murray, MN",2017,447570.0
 27103,"Nicollet, MN",2017,1516684.0
 27105,"Nobles, MN",2017,1255787.0
 27107,"Norman, MN",2017,196218.0
 27109,"Olmsted, MN",2017,10960398.0
 27111,"Otter Tail, MN",2017,2289707.0
 27113,"Pennington, MN",2017,1371850.0
 27115,"Pine, MN",2017,698917.0
 27117,"Pipestone, MN",2017,663429.0
 27119,"Polk, MN",2017,1245857.0
 27121,"Pope, MN",2017,489158.0
 27123,"Ramsey, MN",2017,42055201.0
 27125,"Red Lake, MN",2017,166604.0
 27127,"Redwood, MN",2017,753235.0
 27129,"Renville, MN",2017,726963.0
 27131,"Rice, MN",2017,2735108.0
 27133,"Rock, MN",2017,697269.0
 27135,"Roseau, MN",2017,1352355.0
 27137,"St. Louis, MN",2017,9722765.0
 27139,"Scott, MN",2017,6632372.0
 27141,"Sherburne, MN",2017,3615276.0
 27143,"Sibley, MN",2017,450002.0
 27145,"Stearns, MN",2017,8678706.0
 27147,"Steele, MN",2017,2273348.0
 27149,"Stevens, MN",2017,589883.0
 27151,"Swift, MN",2017,519790.0
 27153,"Todd, MN",2017,819678.0
 27155,"Traverse, MN",2017,173760.0
 27157,"Wabasha, MN",2017,775734.0
 27159,"Wadena, MN",2017,499121.0
 27161,"Waseca, MN",2017,785964.0
 27163,"Washington, MN",2017,11240735.0
 27165,"Watonwan, MN",2017,434499.0
 27167,"Wilkin, MN",2017,276186.0
 27169,"Winona, MN",2017,2344556.0
 27171,"Wright, MN",2017,4693623.0
 27173,"Yellow Medicine, MN",2017,447659.0
 28000,Mississippi,2017,110281427.0
 28001,"Adams, MS",2017,940452.0
 28003,"Alcorn, MS",2017,1185077.0
 28005,"Amite, MS",2017,249376.0
 28007,"Attala, MS",2017,498906.0
 28009,"Benton, MS",2017,334781.0
 28011,"Bolivar, MS",2017,1101909.0
 28013,"Calhoun, MS",2017,268235.0
 28015,"Carroll, MS",2017,115708.0
 28017,"Chickasaw, MS",2017,479685.0
 28019,"Choctaw, MS",2017,686046.0
 28021,"Claiborne, MS",2017,651509.0
 28023,"Clarke, MS",2017,278569.0
 28025,"Clay, MS",2017,501235.0
 28027,"Coahoma, MS",2017,748146.0
 28029,"Copiah, MS",2017,698189.0
 28031,"Covington, MS",2017,599284.0
 28033,"DeSoto, MS",2017,5832438.0
 28035,"Forrest, MS",2017,3647889.0
 28037,"Franklin, MS",2017,177009.0
 28039,"George, MS",2017,457503.0
 28041,"Greene, MS",2017,158249.0
 28043,"Grenada, MS",2017,918944.0
 28045,"Hancock, MS",2017,1487554.0
 28047,"Harrison, MS",2017,8726970.0
 28049,"Hinds, MS",2017,12358888.0
 28051,"Holmes, MS",2017,291296.0
 28053,"Humphreys, MS",2017,179619.0
 28055,"Issaquena, MS",2017,14743.0
 28057,"Itawamba, MS",2017,563953.0
 28059,"Jackson, MS",2017,6757309.0
 28061,"Jasper, MS",2017,494685.0
 28063,"Jefferson, MS",2017,104428.0
 28065,"Jefferson Davis, MS",2017,180908.0
 28067,"Jones, MS",2017,2651368.0
 28069,"Kemper, MS",2017,425366.0
 28071,"Lafayette, MS",2017,2074355.0
 28073,"Lamar, MS",2017,1706427.0
 28075,"Lauderdale, MS",2017,3140073.0
 28077,"Lawrence, MS",2017,362905.0
 28079,"Leake, MS",2017,552584.0
 28081,"Lee, MS",2017,4840741.0
 28083,"Leflore, MS",2017,1180232.0
 28085,"Lincoln, MS",2017,1159334.0
 28087,"Lowndes, MS",2017,2852161.0
 28089,"Madison, MS",2017,6329629.0
 28091,"Marion, MS",2017,808029.0
 28093,"Marshall, MS",2017,634843.0
 28095,"Monroe, MS",2017,1004242.0
 28097,"Montgomery, MS",2017,201081.0
 28099,"Neshoba, MS",2017,1046971.0
 28101,"Newton, MS",2017,496194.0
 28103,"Noxubee, MS",2017,242836.0
 28105,"Oktibbeha, MS",2017,1732096.0
 28107,"Panola, MS",2017,1113762.0
 28109,"Pearl River, MS",2017,1015747.0
 28111,"Perry, MS",2017,308713.0
 28113,"Pike, MS",2017,1181595.0
 28115,"Pontotoc, MS",2017,872749.0
 28117,"Prentiss, MS",2017,586969.0
 28119,"Quitman, MS",2017,96809.0
 28121,"Rankin, MS",2017,6591373.0
 28123,"Scott, MS",2017,1151717.0
 28125,"Sharkey, MS",2017,96068.0
 28127,"Simpson, MS",2017,630024.0
 28129,"Smith, MS",2017,421578.0
 28131,"Stone, MS",2017,357735.0
 28133,"Sunflower, MS",2017,677765.0
 28135,"Tallahatchie, MS",2017,288923.0
 28137,"Tate, MS",2017,503117.0
 28139,"Tippah, MS",2017,606872.0
 28141,"Tishomingo, MS",2017,484853.0
 28143,"Tunica, MS",2017,620727.0
 28145,"Union, MS",2017,1084568.0
 28147,"Walthall, MS",2017,276067.0
 28149,"Warren, MS",2017,2166510.0
 28151,"Washington, MS",2017,1492098.0
 28153,"Wayne, MS",2017,636063.0
 28155,"Webster, MS",2017,181348.0
 28157,"Wilkinson, MS",2017,146545.0
 28159,"Winston, MS",2017,521288.0
 28161,"Yalobusha, MS",2017,288407.0
 28163,"Yazoo, MS",2017,750480.0
 29000,Missouri,2017,311273761.0
 29001,"Adair, MO",2017,810911.0
 29003,"Andrew, MO",2017,293687.0
 29005,"Atchison, MO",2017,261345.0
 29007,"Audrain, MO",2017,1014955.0
 29009,"Barry, MO",2017,1467290.0
 29011,"Barton, MO",2017,349185.0
 29013,"Bates, MO",2017,451630.0
 29015,"Benton, MO",2017,391798.0
 29017,"Bollinger, MO",2017,183290.0
 29019,"Boone, MO",2017,9267516.0
 29021,"Buchanan, MO",2017,5165419.0
 29023,"Butler, MO",2017,1465760.0
 29025,"Caldwell, MO",2017,207912.0
 29027,"Callaway, MO",2017,1756844.0
 29029,"Camden, MO",2017,1508055.0
 29031,"Cape Girardeau, MO",2017,3987947.0
 29033,"Carroll, MO",2017,347148.0
 29035,"Carter, MO",2017,120772.0
 29037,"Cass, MO",2017,2658184.0
 29039,"Cedar, MO",2017,251791.0
 29041,"Chariton, MO",2017,278579.0
 29043,"Christian, MO",2017,1675276.0
 29045,"Clark, MO",2017,144009.0
 29047,"Clay, MO",2017,12224029.0
 29049,"Clinton, MO",2017,397130.0
 29051,"Cole, MO",2017,5047668.0
 29053,"Cooper, MO",2017,465318.0
 29055,"Crawford, MO",2017,632510.0
 29057,"Dade, MO",2017,171914.0
 29059,"Dallas, MO",2017,265226.0
 29061,"Daviess, MO",2017,153620.0
 29063,"DeKalb, MO",2017,332312.0
 29065,"Dent, MO",2017,335316.0
 29067,"Douglas, MO",2017,218150.0
 29069,"Dunklin, MO",2017,679762.0
 29071,"Franklin, MO",2017,4665257.0
 29073,"Gasconade, MO",2017,454078.0
 29075,"Gentry, MO",2017,212622.0
 29077,"Greene, MO",2017,16310159.0
 29079,"Grundy, MO",2017,362697.0
 29081,"Harrison, MO",2017,234028.0
 29083,"Henry, MO",2017,718646.0
 29085,"Hickory, MO",2017,139422.0
 29087,"Holt, MO",2017,208153.0
 29089,"Howard, MO",2017,224839.0
 29091,"Howell, MO",2017,1191078.0
 29093,"Iron, MO",2017,368892.0
 29095,"Jackson, MO",2017,46061329.0
 29097,"Jasper, MO",2017,5584220.0
 29099,"Jefferson, MO",2017,5262197.0
 29101,"Johnson, MO",2017,1868615.0
 29103,"Knox, MO",2017,113470.0
 29105,"Laclede, MO",2017,1146984.0
 29107,"Lafayette, MO",2017,847057.0
 29109,"Lawrence, MO",2017,886368.0
 29111,"Lewis, MO",2017,214236.0
 29113,"Lincoln, MO",2017,1209414.0
 29115,"Linn, MO",2017,404041.0
 29117,"Livingston, MO",2017,566226.0
 29119,"McDonald, MO",2017,742017.0
 29121,"Macon, MO",2017,607398.0
 29123,"Madison, MO",2017,257610.0
 29125,"Maries, MO",2017,150703.0
 29127,"Marion, MO",2017,1137962.0
 29129,"Mercer, MO",2017,98563.0
 29131,"Miller, MO",2017,657843.0
 29133,"Mississippi, MO",2017,380118.0
 29135,"Moniteau, MO",2017,378748.0
 29137,"Monroe, MO",2017,213791.0
 29139,"Montgomery, MO",2017,297038.0
 29141,"Morgan, MO",2017,451374.0
 29143,"New Madrid, MO",2017,1017065.0
 29145,"Newton, MO",2017,1974736.0
 29147,"Nodaway, MO",2017,693061.0
 29149,"Oregon, MO",2017,200279.0
 29151,"Osage, MO",2017,410261.0
 29153,"Ozark, MO",2017,138011.0
 29155,"Pemiscot, MO",2017,441933.0
 29157,"Perry, MO",2017,1056227.0
 29159,"Pettis, MO",2017,1684867.0
 29161,"Phelps, MO",2017,1552923.0
 29163,"Pike, MO",2017,517968.0
 29165,"Platte, MO",2017,7135155.0
 29167,"Polk, MO",2017,744808.0
 29169,"Pulaski, MO",2017,2231691.0
 29171,"Putnam, MO",2017,111917.0
 29173,"Ralls, MO",2017,415152.0
 29175,"Randolph, MO",2017,1237996.0
 29177,"Ray, MO",2017,510957.0
 29179,"Reynolds, MO",2017,223014.0
 29181,"Ripley, MO",2017,221067.0
 29183,"St. Charles, MO",2017,17035100.0
 29185,"St. Clair, MO",2017,144539.0
 29186,"Ste. Genevieve, MO",2017,581963.0
 29187,"St. Francois, MO",2017,1746589.0
 29189,"St. Louis, MO",2017,79385809.0
 29195,"Saline, MO",2017,908299.0
 29197,"Schuyler, MO",2017,72510.0
 29199,"Scotland, MO",2017,136769.0
 29201,"Scott, MO",2017,1613780.0
 29203,"Shannon, MO",2017,125070.0
 29205,"Shelby, MO",2017,155143.0
 29207,"Stoddard, MO",2017,1027347.0
 29209,"Stone, MO",2017,694244.0
 29211,"Sullivan, MO",2017,318085.0
 29213,"Taney, MO",2017,2447156.0
 29215,"Texas, MO",2017,496542.0
 29217,"Vernon, MO",2017,841245.0
 29219,"Warren, MO",2017,811394.0
 29221,"Washington, MO",2017,391159.0
 29223,"Wayne, MO",2017,224203.0
 29225,"Webster, MO",2017,682067.0
 29227,"Worth, MO",2017,47752.0
 29229,"Wright, MO",2017,342042.0
 29510,"St. Louis (Independent City), MO",2017,28916413.0
 30000,Montana,2017,48470545.0
 30001,"Beaverhead, MT",2017,373146.0
 30003,"Big Horn, MT",2017,870400.0
 30005,"Blaine, MT",2017,157945.0
 30007,"Broadwater, MT",2017,171883.0
 30009,"Carbon, MT",2017,362261.0
 30011,"Carter, MT",2017,52997.0
 30013,"Cascade, MT",2017,3715757.0
 30015,"Chouteau, MT",2017,199599.0
 30017,"Custer, MT",2017,477327.0
 30019,"Daniels, MT",2017,95320.0
 30021,"Dawson, MT",2017,420053.0
 30023,"Deer Lodge, MT",2017,268402.0
 30025,"Fallon, MT",2017,211085.0
 30027,"Fergus, MT",2017,537511.0
 30029,"Flathead, MT",2017,4217900.0
 30031,"Gallatin, MT",2017,5706844.0
 30033,"Garfield, MT",2017,34675.0
 30035,"Glacier, MT",2017,362937.0
 30037,"Golden Valley, MT",2017,23300.0
 30039,"Granite, MT",2017,97132.0
 30041,"Hill, MT",2017,693369.0
 30043,"Jefferson, MT",2017,269271.0
 30045,"Judith Basin, MT",2017,94521.0
 30047,"Lake, MT",2017,831738.0
 30049,"Lewis and Clark, MT",2017,3406568.0
 30051,"Liberty, MT",2017,84596.0
 30053,"Lincoln, MT",2017,570841.0
 30055,"McCone, MT",2017,98131.0
 30057,"Madison, MT",2017,419206.0
 30059,"Meagher, MT",2017,59991.0
 30061,"Mineral, MT",2017,109778.0
 30063,"Missoula, MT",2017,5530699.0
 30065,"Musselshell, MT",2017,253199.0
 30067,"Park, MT",2017,593333.0
 30069,"Petroleum, MT",2017,9855.0
 30071,"Phillips, MT",2017,123690.0
 30073,"Pondera, MT",2017,178827.0
 30075,"Powder River, MT",2017,95901.0
 30077,"Powell, MT",2017,220569.0
 30079,"Prairie, MT",2017,52403.0
 30081,"Ravalli, MT",2017,1114906.0
 30083,"Richland, MT",2017,855386.0
 30085,"Roosevelt, MT",2017,455855.0
 30087,"Rosebud, MT",2017,859349.0
 30089,"Sanders, MT",2017,357744.0
 30091,"Sheridan, MT",2017,160627.0
 30093,"Silver Bow, MT",2017,1481818.0
 30095,"Stillwater, MT",2017,522273.0
 30097,"Sweet Grass, MT",2017,217763.0
 30099,"Teton, MT",2017,223107.0
 30101,"Toole, MT",2017,274201.0
 30103,"Treasure, MT",2017,99476.0
 30105,"Valley, MT",2017,333043.0
 30107,"Wheatland, MT",2017,67433.0
 30109,"Wibaux, MT",2017,45505.0
 30111,"Yellowstone, MT",2017,9349102.0
 31000,Nebraska,2017,123219865.0
 31001,"Adams, NE",2017,1836139.0
 31003,"Antelope, NE",2017,419674.0
 31005,"Arthur, NE",2017,19993.0
 31007,"Banner, NE",2017,37411.0
 31009,"Blaine, NE",2017,31517.0
 31011,"Boone, NE",2017,343972.0
 31013,"Box Butte, NE",2017,624123.0
 31015,"Boyd, NE",2017,116093.0
 31017,"Brown, NE",2017,206874.0
 31019,"Buffalo, NE",2017,2763470.0
 31021,"Burt, NE",2017,279952.0
 31023,"Butler, NE",2017,260396.0
 31025,"Cass, NE",2017,715242.0
 31027,"Cedar, NE",2017,360357.0
 31029,"Chase, NE",2017,326509.0
 31031,"Cherry, NE",2017,300532.0
 31033,"Cheyenne, NE",2017,743319.0
 31035,"Clay, NE",2017,279918.0
 31037,"Colfax, NE",2017,640467.0
 31039,"Cuming, NE",2017,830936.0
 31041,"Custer, NE",2017,662673.0
 31043,"Dakota, NE",2017,1463664.0
 31045,"Dawes, NE",2017,284043.0
 31047,"Dawson, NE",2017,1447853.0
 31049,"Deuel, NE",2017,66730.0
 31051,"Dixon, NE",2017,175300.0
 31053,"Dodge, NE",2017,1962272.0
 31055,"Douglas, NE",2017,48132749.0
 31057,"Dundy, NE",2017,168020.0
 31059,"Fillmore, NE",2017,354000.0
 31061,"Franklin, NE",2017,75881.0
 31063,"Frontier, NE",2017,88718.0
 31065,"Furnas, NE",2017,249851.0
 31067,"Gage, NE",2017,862227.0
 31069,"Garden, NE",2017,78048.0
 31071,"Garfield, NE",2017,73287.0
 31073,"Gosper, NE",2017,80378.0
 31075,"Grant, NE",2017,33540.0
 31077,"Greeley, NE",2017,92186.0
 31079,"Hall, NE",2017,3450115.0
 31081,"Hamilton, NE",2017,588816.0
 31083,"Harlan, NE",2017,165329.0
 31085,"Hayes, NE",2017,60757.0
 31087,"Hitchcock, NE",2017,137212.0
 31089,"Holt, NE",2017,642379.0
 31091,"Hooker, NE",2017,28318.0
 31093,"Howard, NE",2017,203962.0
 31095,"Jefferson, NE",2017,442522.0
 31097,"Johnson, NE",2017,167851.0
 31099,"Kearney, NE",2017,338602.0
 31101,"Keith, NE",2017,366504.0
 31103,"Keya Paha, NE",2017,30586.0
 31105,"Kimball, NE",2017,149210.0
 31107,"Knox, NE",2017,399795.0
 31109,"Lancaster, NE",2017,18813151.0
 31111,"Lincoln, NE",2017,2378036.0
 31113,"Logan, NE",2017,29927.0
 31115,"Loup, NE",2017,38412.0
 31117,"McPherson, NE",2017,25676.0
 31119,"Madison, NE",2017,2321106.0
 31121,"Merrick, NE",2017,396060.0
 31123,"Morrill, NE",2017,645184.0
 31125,"Nance, NE",2017,142550.0
 31127,"Nemaha, NE",2017,688783.0
 31129,"Nuckolls, NE",2017,251094.0
 31131,"Otoe, NE",2017,1252638.0
 31133,"Pawnee, NE",2017,102239.0
 31135,"Perkins, NE",2017,249841.0
 31137,"Phelps, NE",2017,789547.0
 31139,"Pierce, NE",2017,318789.0
 31141,"Platte, NE",2017,2374316.0
 31143,"Polk, NE",2017,289145.0
 31145,"Red Willow, NE",2017,482725.0
 31147,"Richardson, NE",2017,335475.0
 31149,"Rock, NE",2017,82470.0
 31151,"Saline, NE",2017,822520.0
 31153,"Sarpy, NE",2017,8360537.0
 31155,"Saunders, NE",2017,668279.0
 31157,"Scotts Bluff, NE",2017,1736915.0
 31159,"Seward, NE",2017,739019.0
 31161,"Sheridan, NE",2017,224071.0
 31163,"Sherman, NE",2017,96506.0
 31165,"Sioux, NE",2017,86185.0
 31167,"Stanton, NE",2017,229663.0
 31169,"Thayer, NE",2017,363027.0
 31171,"Thomas, NE",2017,33179.0
 31173,"Thurston, NE",2017,372102.0
 31175,"Valley, NE",2017,268988.0
 31177,"Washington, NE",2017,1150646.0
 31179,"Wayne, NE",2017,407665.0
 31181,"Webster, NE",2017,174877.0
 31183,"Wheeler, NE",2017,95268.0
 31185,"York, NE",2017,722981.0
 32000,Nevada,2017,163199058.0
 32001,"Churchill, NV",2017,1071321.0
 32003,"Clark, NV",2017,116332382.0
 32005,"Douglas, NV",2017,2558347.0
 32007,"Elko, NV",2017,2619171.0
 32009,"Esmeralda, NV",2017,54603.0
 32011,"Eureka, NV",2017,1464343.0
 32013,"Humboldt, NV",2017,1190055.0
 32015,"Lander, NV",2017,819614.0
 32017,"Lincoln, NV",2017,150386.0
 32019,"Lyon, NV",2017,1464747.0
 32021,"Mineral, NV",2017,195117.0
 32023,"Nye, NV",2017,1585646.0
 32027,"Pershing, NV",2017,298432.0
 32029,"Storey, NV",2017,1449325.0
 32031,"Washoe, NV",2017,27911779.0
 32033,"White Pine, NV",2017,636332.0
 32510,"Carson City (Independent City), NV",2017,3397457.0
 33000,New Hampshire,2017,81179571.0
 33001,"Belknap, NH",2017,2883380.0
 33003,"Carroll, NH",2017,2298916.0
 33005,"Cheshire, NH",2017,3790789.0
 33007,"Coos, NH",2017,1259972.0
 33009,"Grafton, NH",2017,6546178.0
 33011,"Hillsborough, NH",2017,25959140.0
 33013,"Merrimack, NH",2017,9725499.0
 33015,"Rockingham, NH",2017,21226840.0
 33017,"Strafford, NH",2017,5889718.0
 33019,"Sullivan, NH",2017,1599139.0
 34000,New Jersey,2017,590086737.0
 34001,"Atlantic, NJ",2017,13521560.0
 34003,"Bergen, NJ",2017,76088755.0
 34005,"Burlington, NJ",2017,27798933.0
 34007,"Camden, NJ",2017,24743652.0
 34009,"Cape May, NJ",2017,5398534.0
 34011,"Cumberland, NJ",2017,6267992.0
 34013,"Essex, NJ",2017,53055236.0
 34015,"Gloucester, NJ",2017,13431268.0
 34017,"Hudson, NJ",2017,45389568.0
 34019,"Hunterdon, NJ",2017,7714157.0
 34021,"Mercer, NJ",2017,32454071.0
 34023,"Middlesex, NJ",2017,61348124.0
 34025,"Monmouth, NJ",2017,35467851.0
 34027,"Morris, NJ",2017,53752092.0
 34029,"Ocean, NJ",2017,22182030.0
 34031,"Passaic, NJ",2017,21355030.0
 34033,"Salem, NJ",2017,5158294.0
 34035,"Somerset, NJ",2017,38605414.0
 34037,"Sussex, NJ",2017,5084788.0
 34039,"Union, NJ",2017,37114724.0
 34041,"Warren, NJ",2017,4154661.0
 35000,New Mexico,2017,93210058.0
 35001,"Bernalillo, NM",2017,36493928.0
 35003,"Catron, NM",2017,84780.0
 35005,"Chaves, NM",2017,2037102.0
 35006,"Cibola, NM",2017,631112.0
 35007,"Colfax, NM",2017,449330.0
 35009,"Curry, NM",2017,3119322.0
 35011,"De Baca, NM",2017,75427.0
 35013,"Doña Ana, NM",2017,7305489.0
 35015,"Eddy, NM",2017,5386793.0
 35017,"Grant, NM",2017,1173074.0
 35019,"Guadalupe, NM",2017,138094.0
 35021,"Harding, NM",2017,47665.0
 35023,"Hidalgo, NM",2017,186280.0
 35025,"Lea, NM",2017,4776874.0
 35027,"Lincoln, NM",2017,628543.0
 35028,"Los Alamos, NM",2017,2231836.0
 35029,"Luna, NM",2017,800534.0
 35031,"McKinley, NM",2017,2227566.0
 35033,"Mora, NM",2017,94359.0
 35035,"Otero, NM",2017,2683571.0
 35037,"Quay, NM",2017,283470.0
 35039,"Rio Arriba, NM",2017,1035508.0
 35041,"Roosevelt, NM",2017,671658.0
 35043,"Sandoval, NM",2017,3497474.0
 35045,"San Juan, NM",2017,5756828.0
 35047,"San Miguel, NM",2017,646624.0
 35049,"Santa Fe, NM",2017,6940839.0
 35051,"Sierra, NM",2017,281364.0
 35053,"Socorro, NM",2017,489513.0
 35055,"Taos, NM",2017,966871.0
 35057,"Torrance, NM",2017,370883.0
 35059,"Union, NM",2017,178379.0
 35061,"Valencia, NM",2017,1518973.0
 36000,New York,2017,1624800665.0
 36001,"Albany, NY",2017,31742890.0
 36003,"Allegany, NY",2017,1697623.0
 36005,"Bronx, NY",2017,39476535.0
 36007,"Broome, NY",2017,9063798.0
 36009,"Cattaraugus, NY",2017,2888306.0
 36011,"Cayuga, NY",2017,2802820.0
 36013,"Chautauqua, NY",2017,4818623.0
 36015,"Chemung, NY",2017,3691136.0
 36017,"Chenango, NY",2017,2256103.0
 36019,"Clinton, NY",2017,3770005.0
 36021,"Columbia, NY",2017,2471607.0
 36023,"Cortland, NY",2017,1779443.0
 36025,"Delaware, NY",2017,1982111.0
 36027,"Dutchess, NY",2017,14140113.0
 36029,"Erie, NY",2017,56612266.0
 36031,"Essex, NY",2017,1584008.0
 36033,"Franklin, NY",2017,1906558.0
 36035,"Fulton, NY",2017,1885996.0
 36037,"Genesee, NY",2017,2374864.0
 36039,"Greene, NY",2017,2478772.0
 36041,"Hamilton, NY",2017,233351.0
 36043,"Herkimer, NY",2017,1730399.0
 36045,"Jefferson, NY",2017,6422238.0
 36047,"Kings, NY",2017,90473234.0
 36049,"Lewis, NY",2017,1065508.0
 36051,"Livingston, NY",2017,2137488.0
 36053,"Madison, NY",2017,2318670.0
 36055,"Monroe, NY",2017,46562059.0
 36057,"Montgomery, NY",2017,1854588.0
 36059,"Nassau, NY",2017,100715893.0
 36061,"New York, NY",2017,708516749.0
 36063,"Niagara, NY",2017,9718809.0
 36065,"Oneida, NY",2017,10681680.0
 36067,"Onondaga, NY",2017,30750604.0
 36069,"Ontario, NY",2017,6119513.0
 36071,"Orange, NY",2017,17921703.0
 36073,"Orleans, NY",2017,1367534.0
 36075,"Oswego, NY",2017,6765208.0
 36077,"Otsego, NY",2017,2594280.0
 36079,"Putnam, NY",2017,3853137.0
 36081,"Queens, NY",2017,98123455.0
 36083,"Rensselaer, NY",2017,8028270.0
 36085,"Richmond, NY",2017,15913484.0
 36087,"Rockland, NY",2017,17685761.0
 36089,"St. Lawrence, NY",2017,4860344.0
 36091,"Saratoga, NY",2017,11692407.0
 36093,"Schenectady, NY",2017,8510436.0
 36095,"Schoharie, NY",2017,1050031.0
 36097,"Schuyler, NY",2017,521078.0
 36099,"Seneca, NY",2017,1468476.0
 36101,"Steuben, NY",2017,4355031.0
 36103,"Suffolk, NY",2017,98952851.0
 36105,"Sullivan, NY",2017,2937040.0
 36107,"Tioga, NY",2017,1699235.0
 36109,"Tompkins, NY",2017,6140234.0
 36111,"Ulster, NY",2017,7233714.0
 36113,"Warren, NY",2017,4299247.0
 36115,"Washington, NY",2017,1816234.0
 36117,"Wayne, NY",2017,3928468.0
 36119,"Westchester, NY",2017,81820011.0
 36121,"Wyoming, NY",2017,1622473.0
 36123,"Yates, NY",2017,916163.0
 37000,North Carolina,2017,546810139.0
 37001,"Alamance, NC",2017,6087842.0
 37003,"Alexander, NC",2017,833320.0
 37005,"Alleghany, NC",2017,323992.0
 37007,"Anson, NC",2017,832731.0
 37009,"Ashe, NC",2017,767223.0
 37011,"Avery, NC",2017,596747.0
 37013,"Beaufort, NC",2017,2231131.0
 37015,"Bertie, NC",2017,687830.0
 37017,"Bladen, NC",2017,1488539.0
 37019,"Brunswick, NC",2017,4901441.0
 37021,"Buncombe, NC",2017,13646228.0
 37023,"Burke, NC",2017,2766638.0
 37025,"Cabarrus, NC",2017,7932363.0
 37027,"Caldwell, NC",2017,2466166.0
 37029,"Camden, NC",2017,160267.0
 37031,"Carteret, NC",2017,2495102.0
 37033,"Caswell, NC",2017,378248.0
 37035,"Catawba, NC",2017,9037359.0
 37037,"Chatham, NC",2017,1707985.0
 37039,"Cherokee, NC",2017,766610.0
 37041,"Chowan, NC",2017,593550.0
 37043,"Clay, NC",2017,201927.0
 37045,"Cleveland, NC",2017,4141877.0
 37047,"Columbus, NC",2017,1482559.0
 37049,"Craven, NC",2017,4900296.0
 37051,"Cumberland, NC",2017,16937217.0
 37053,"Currituck, NC",2017,757183.0
 37055,"Dare, NC",2017,2291073.0
 37057,"Davidson, NC",2017,4842927.0
 37059,"Davie, NC",2017,1417024.0
 37061,"Duplin, NC",2017,2143450.0
 37063,"Durham, NC",2017,31208870.0
 37065,"Edgecombe, NC",2017,1612433.0
 37067,"Forsyth, NC",2017,26517826.0
 37069,"Franklin, NC",2017,1712705.0
 37071,"Gaston, NC",2017,7462447.0
 37073,"Gates, NC",2017,197374.0
 37075,"Graham, NC",2017,225666.0
 37077,"Granville, NC",2017,3325589.0
 37079,"Greene, NC",2017,444899.0
 37081,"Guilford, NC",2017,34026108.0
 37083,"Halifax, NC",2017,1460923.0
 37085,"Harnett, NC",2017,2525886.0
 37087,"Haywood, NC",2017,1804889.0
 37089,"Henderson, NC",2017,4014363.0
 37091,"Hertford, NC",2017,779643.0
 37093,"Hoke, NC",2017,966649.0
 37095,"Hyde, NC",2017,170449.0
 37097,"Iredell, NC",2017,8762273.0
 37099,"Jackson, NC",2017,1488554.0
 37101,"Johnston, NC",2017,7038155.0
 37103,"Jones, NC",2017,204975.0
 37105,"Lee, NC",2017,2733214.0
 37107,"Lenoir, NC",2017,3001633.0
 37109,"Lincoln, NC",2017,2728943.0
 37111,"McDowell, NC",2017,1671790.0
 37113,"Macon, NC",2017,1391187.0
 37115,"Madison, NC",2017,392517.0
 37117,"Martin, NC",2017,692538.0
 37119,"Mecklenburg, NC",2017,111432350.0
 37121,"Mitchell, NC",2017,500421.0
 37123,"Montgomery, NC",2017,978464.0
 37125,"Moore, NC",2017,3537778.0
 37127,"Nash, NC",2017,5404399.0
 37129,"New Hanover, NC",2017,12611508.0
 37131,"Northampton, NC",2017,527213.0
 37133,"Onslow, NC",2017,8335011.0
 37135,"Orange, NC",2017,8599893.0
 37137,"Pamlico, NC",2017,291790.0
 37139,"Pasquotank, NC",2017,1548756.0
 37141,"Pender, NC",2017,1450210.0
 37143,"Perquimans, NC",2017,270116.0
 37145,"Person, NC",2017,1588763.0
 37147,"Pitt, NC",2017,9658131.0
 37149,"Polk, NC",2017,496356.0
 37151,"Randolph, NC",2017,4155096.0
 37153,"Richmond, NC",2017,1947753.0
 37155,"Robeson, NC",2017,3843342.0
 37157,"Rockingham, NC",2017,3034367.0
 37159,"Rowan, NC",2017,5192955.0
 37161,"Rutherford, NC",2017,1733287.0
 37163,"Sampson, NC",2017,2012429.0
 37165,"Scotland, NC",2017,1111084.0
 37167,"Stanly, NC",2017,1821812.0
 37169,"Stokes, NC",2017,1171292.0
 37171,"Surry, NC",2017,2466260.0
 37173,"Swain, NC",2017,631942.0
 37175,"Transylvania, NC",2017,1469964.0
 37177,"Tyrrell, NC",2017,128898.0
 37179,"Union, NC",2017,7576441.0
 37181,"Vance, NC",2017,1300618.0
 37183,"Wake, NC",2017,76191172.0
 37185,"Warren, NC",2017,297673.0
 37187,"Washington, NC",2017,257219.0
 37189,"Watauga, NC",2017,2135264.0
 37191,"Wayne, NC",2017,4893997.0
 37193,"Wilkes, NC",2017,2506626.0
 37195,"Wilson, NC",2017,3985148.0
 37197,"Yadkin, NC",2017,958435.0
 37199,"Yancey, NC",2017,376569.0
 38000,North Dakota,2017,56530212.0
 38001,"Adams, ND",2017,114454.0
 38003,"Barnes, ND",2017,596940.0
 38005,"Benson, ND",2017,239370.0
 38007,"Billings, ND",2017,130221.0
 38009,"Bottineau, ND",2017,379652.0
 38011,"Bowman, ND",2017,273559.0
 38013,"Burke, ND",2017,186238.0
 38015,"Burleigh, ND",2017,5922993.0
 38017,"Cass, ND",2017,12992520.0
 38019,"Cavalier, ND",2017,344374.0
 38021,"Dickey, ND",2017,340786.0
 38023,"Divide, ND",2017,242268.0
 38025,"Dunn, ND",2017,1042853.0
 38027,"Eddy, ND",2017,143155.0
 38029,"Emmons, ND",2017,174904.0
 38031,"Foster, ND",2017,254834.0
 38033,"Golden Valley, ND",2017,89090.0
 38035,"Grand Forks, ND",2017,4163448.0
 38037,"Grant, ND",2017,155691.0
 38039,"Griggs, ND",2017,157570.0
 38041,"Hettinger, ND",2017,150327.0
 38043,"Kidder, ND",2017,136925.0
 38045,"LaMoure, ND",2017,229484.0
 38047,"Logan, ND",2017,157800.0
 38049,"McHenry, ND",2017,217621.0
 38051,"McIntosh, ND",2017,159675.0
 38053,"McKenzie, ND",2017,3055984.0
 38055,"McLean, ND",2017,776343.0
 38057,"Mercer, ND",2017,1223762.0
 38059,"Morton, ND",2017,1457179.0
 38061,"Mountrail, ND",2017,1673485.0
 38063,"Nelson, ND",2017,161840.0
 38065,"Oliver, ND",2017,276501.0
 38067,"Pembina, ND",2017,555660.0
 38069,"Pierce, ND",2017,231323.0
 38071,"Ramsey, ND",2017,602363.0
 38073,"Ransom, ND",2017,266475.0
 38075,"Renville, ND",2017,155896.0
 38077,"Richland, ND",2017,848736.0
 38079,"Rolette, ND",2017,384442.0
 38081,"Sargent, ND",2017,598216.0
 38083,"Sheridan, ND",2017,67680.0
 38085,"Sioux, ND",2017,129240.0
 38087,"Slope, ND",2017,50129.0
 38089,"Stark, ND",2017,2783664.0
 38091,"Steele, ND",2017,121005.0
 38093,"Stutsman, ND",2017,1281538.0
 38095,"Towner, ND",2017,172457.0
 38097,"Traill, ND",2017,396638.0
 38099,"Walsh, ND",2017,638763.0
 38101,"Ward, ND",2017,4020250.0
 38103,"Wells, ND",2017,263595.0
 38105,"Williams, ND",2017,5340296.0
 39000,Ohio,2017,652187459.0
 39001,"Adams, OH",2017,1500921.0
 39003,"Allen, OH",2017,7711921.0
 39005,"Ashland, OH",2017,1729937.0
 39007,"Ashtabula, OH",2017,2965739.0
 39009,"Athens, OH",2017,2154845.0
 39011,"Auglaize, OH",2017,2361817.0
 39013,"Belmont, OH",2017,3371365.0
 39015,"Brown, OH",2017,888889.0
 39017,"Butler, OH",2017,21682551.0
 39019,"Carroll, OH",2017,1054129.0
 39021,"Champaign, OH",2017,1189117.0
 39023,"Clark, OH",2017,4661428.0
 39025,"Clermont, OH",2017,8471481.0
 39027,"Clinton, OH",2017,2187611.0
 39029,"Columbiana, OH",2017,3001732.0
 39031,"Coshocton, OH",2017,1403328.0
 39033,"Crawford, OH",2017,1303717.0
 39035,"Cuyahoga, OH",2017,95024060.0
 39037,"Darke, OH",2017,2159449.0
 39039,"Defiance, OH",2017,1723710.0
 39041,"Delaware, OH",2017,11628551.0
 39043,"Erie, OH",2017,4845101.0
 39045,"Fairfield, OH",2017,4536406.0
 39047,"Fayette, OH",2017,2151145.0
 39049,"Franklin, OH",2017,97564396.0
 39051,"Fulton, OH",2017,2081452.0
 39053,"Gallia, OH",2017,2410456.0
 39055,"Geauga, OH",2017,4235503.0
 39057,"Greene, OH",2017,9741194.0
 39059,"Guernsey, OH",2017,1949553.0
 39061,"Hamilton, OH",2017,76667322.0
 39063,"Hancock, OH",2017,5364502.0
 39065,"Hardin, OH",2017,877953.0
 39067,"Harrison, OH",2017,860120.0
 39069,"Henry, OH",2017,1307777.0
 39071,"Highland, OH",2017,1218401.0
 39073,"Hocking, OH",2017,632148.0
 39075,"Holmes, OH",2017,2279584.0
 39077,"Huron, OH",2017,2240461.0
 39079,"Jackson, OH",2017,1075317.0
 39081,"Jefferson, OH",2017,3325216.0
 39083,"Knox, OH",2017,2151905.0
 39085,"Lake, OH",2017,11269841.0
 39087,"Lawrence, OH",2017,1709582.0
 39089,"Licking, OH",2017,6191705.0
 39091,"Logan, OH",2017,2041373.0
 39093,"Lorain, OH",2017,10715473.0
 39095,"Lucas, OH",2017,24161036.0
 39097,"Madison, OH",2017,1927043.0
 39099,"Mahoning, OH",2017,9148115.0
 39101,"Marion, OH",2017,2730904.0
 39103,"Medina, OH",2017,7399729.0
 39105,"Meigs, OH",2017,373692.0
 39107,"Mercer, OH",2017,2405614.0
 39109,"Miami, OH",2017,4429984.0
 39111,"Monroe, OH",2017,776954.0
 39113,"Montgomery, OH",2017,28375555.0
 39115,"Morgan, OH",2017,310334.0
 39117,"Morrow, OH",2017,608966.0
 39119,"Muskingum, OH",2017,3659300.0
 39121,"Noble, OH",2017,478258.0
 39123,"Ottawa, OH",2017,2076150.0
 39125,"Paulding, OH",2017,542357.0
 39127,"Perry, OH",2017,753378.0
 39129,"Pickaway, OH",2017,1719141.0
 39131,"Pike, OH",2017,1149783.0
 39133,"Portage, OH",2017,6307886.0
 39135,"Preble, OH",2017,1105812.0
 39137,"Putnam, OH",2017,1255903.0
 39139,"Richland, OH",2017,4544336.0
 39141,"Ross, OH",2017,2777322.0
 39143,"Sandusky, OH",2017,2961086.0
 39145,"Scioto, OH",2017,2506317.0
 39147,"Seneca, OH",2017,1909712.0
 39149,"Shelby, OH",2017,3209892.0
 39151,"Stark, OH",2017,17068227.0
 39153,"Summit, OH",2017,30116971.0
 39155,"Trumbull, OH",2017,6994824.0
 39157,"Tuscarawas, OH",2017,3844411.0
 39159,"Union, OH",2017,4383725.0
 39161,"Van Wert, OH",2017,1396562.0
 39163,"Vinton, OH",2017,272004.0
 39165,"Warren, OH",2017,11511613.0
 39167,"Washington, OH",2017,3523235.0
 39169,"Wayne, OH",2017,6096594.0
 39171,"Williams, OH",2017,1727968.0
 39173,"Wood, OH",2017,7029084.0
 39175,"Wyandot, OH",2017,997501.0
 40000,Oklahoma,2017,192538613.0
 40001,"Adair, OK",2017,444597.0
 40003,"Alfalfa, OK",2017,674017.0
 40005,"Atoka, OK",2017,367272.0
 40007,"Beaver, OK",2017,422420.0
 40009,"Beckham, OK",2017,1191142.0
 40011,"Blaine, OK",2017,1418531.0
 40013,"Bryan, OK",2017,1577237.0
 40015,"Caddo, OK",2017,983867.0
 40017,"Canadian, OK",2017,5165129.0
 40019,"Carter, OK",2017,2795529.0
 40021,"Cherokee, OK",2017,1202147.0
 40023,"Choctaw, OK",2017,457396.0
 40025,"Cimarron, OK",2017,236092.0
 40027,"Cleveland, OK",2017,8251828.0
 40029,"Coal, OK",2017,317803.0
 40031,"Comanche, OK",2017,5055287.0
 40033,"Cotton, OK",2017,136703.0
 40035,"Craig, OK",2017,469879.0
 40037,"Creek, OK",2017,1915029.0
 40039,"Custer, OK",2017,1442536.0
 40041,"Delaware, OK",2017,944803.0
 40043,"Dewey, OK",2017,564255.0
 40045,"Ellis, OK",2017,499975.0
 40047,"Garfield, OK",2017,2849100.0
 40049,"Garvin, OK",2017,1417931.0
 40051,"Grady, OK",2017,2382328.0
 40053,"Grant, OK",2017,294611.0
 40055,"Greer, OK",2017,98592.0
 40057,"Harmon, OK",2017,79360.0
 40059,"Harper, OK",2017,275843.0
 40061,"Haskell, OK",2017,359522.0
 40063,"Hughes, OK",2017,718775.0
 40065,"Jackson, OK",2017,1037503.0
 40067,"Jefferson, OK",2017,123191.0
 40069,"Johnston, OK",2017,425043.0
 40071,"Kay, OK",2017,1812598.0
 40073,"Kingfisher, OK",2017,2160955.0
 40075,"Kiowa, OK",2017,249184.0
 40077,"Latimer, OK",2017,344662.0
 40079,"Le Flore, OK",2017,1456102.0
 40081,"Lincoln, OK",2017,773458.0
 40083,"Logan, OK",2017,863075.0
 40085,"Love, OK",2017,581418.0
 40087,"McClain, OK",2017,1148876.0
 40089,"McCurtain, OK",2017,1133831.0
 40091,"McIntosh, OK",2017,352791.0
 40093,"Major, OK",2017,437504.0
 40095,"Marshall, OK",2017,487012.0
 40097,"Mayes, OK",2017,1567421.0
 40099,"Murray, OK",2017,544781.0
 40101,"Muskogee, OK",2017,3247965.0
 40103,"Noble, OK",2017,692570.0
 40105,"Nowata, OK",2017,178139.0
 40107,"Okfuskee, OK",2017,227096.0
 40109,"Oklahoma, OK",2017,55834212.0
 40111,"Okmulgee, OK",2017,854973.0
 40113,"Osage, OK",2017,956395.0
 40115,"Ottawa, OK",2017,1013616.0
 40117,"Pawnee, OK",2017,360160.0
 40119,"Payne, OK",2017,3210165.0
 40121,"Pittsburg, OK",2017,2033381.0
 40123,"Pontotoc, OK",2017,1878007.0
 40125,"Pottawatomie, OK",2017,2126491.0
 40127,"Pushmataha, OK",2017,232605.0
 40129,"Roger Mills, OK",2017,483349.0
 40131,"Rogers, OK",2017,3162729.0
 40133,"Seminole, OK",2017,741082.0
 40135,"Sequoyah, OK",2017,715275.0
 40137,"Stephens, OK",2017,1912395.0
 40139,"Texas, OK",2017,1823257.0
 40141,"Tillman, OK",2017,200136.0
 40143,"Tulsa, OK",2017,43122778.0
 40145,"Wagoner, OK",2017,1264442.0
 40147,"Washington, OK",2017,3600664.0
 40149,"Washita, OK",2017,371367.0
 40151,"Woods, OK",2017,703316.0
 40153,"Woodward, OK",2017,1083107.0
 41000,Oregon,2017,225534544.0
 41001,"Baker, OR",2017,539760.0
 41003,"Benton, OR",2017,4318847.0
 41005,"Clackamas, OR",2017,20089591.0
 41007,"Clatsop, OR",2017,1843207.0
 41009,"Columbia, OR",2017,1313142.0
 41011,"Coos, OR",2017,2260617.0
 41013,"Crook, OR",2017,750856.0
 41015,"Curry, OR",2017,643191.0
 41017,"Deschutes, OR",2017,9523750.0
 41019,"Douglas, OR",2017,3675246.0
 41021,"Gilliam, OR",2017,240260.0
 41023,"Grant, OR",2017,260339.0
 41025,"Harney, OR",2017,245012.0
 41027,"Hood River, OR",2017,1136151.0
 41029,"Jackson, OR",2017,9087979.0
 41031,"Jefferson, OR",2017,699540.0
 41033,"Josephine, OR",2017,2650085.0
 41035,"Klamath, OR",2017,2285268.0
 41037,"Lake, OR",2017,256293.0
 41039,"Lane, OR",2017,15867405.0
 41041,"Lincoln, OR",2017,1928285.0
 41043,"Linn, OR",2017,4505965.0
 41045,"Malheur, OR",2017,1242988.0
 41047,"Marion, OR",2017,15149535.0
 41049,"Morrow, OR",2017,1380636.0
 41051,"Multnomah, OR",2017,64359522.0
 41053,"Polk, OR",2017,1936051.0
 41055,"Sherman, OR",2017,629976.0
 41057,"Tillamook, OR",2017,1179185.0
 41059,"Umatilla, OR",2017,3145790.0
 41061,"Union, OR",2017,945670.0
 41063,"Wallowa, OR",2017,361833.0
 41065,"Wasco, OR",2017,1323922.0
 41067,"Washington, OR",2017,46266273.0
 41069,"Wheeler, OR",2017,39434.0
 41071,"Yamhill, OR",2017,3452939.0
 42000,Pennsylvania,2017,754318029.0
 42001,"Adams, PA",2017,4038383.0
 42003,"Allegheny, PA",2017,97885840.0
 42005,"Armstrong, PA",2017,2285684.0
 42007,"Beaver, PA",2017,6933636.0
 42009,"Bedford, PA",2017,1514469.0
 42011,"Berks, PA",2017,20118171.0
 42013,"Blair, PA",2017,5849536.0
 42015,"Bradford, PA",2017,3405483.0
 42017,"Bucks, PA",2017,35356539.0
 42019,"Butler, PA",2017,10402480.0
 42021,"Cambria, PA",2017,4692840.0
 42023,"Cameron, PA",2017,207428.0
 42025,"Carbon, PA",2017,2460488.0
 42027,"Centre, PA",2017,8878239.0
 42029,"Chester, PA",2017,43750772.0
 42031,"Clarion, PA",2017,1193138.0
 42033,"Clearfield, PA",2017,2798124.0
 42035,"Clinton, PA",2017,1626512.0
 42037,"Columbia, PA",2017,2459622.0
 42039,"Crawford, PA",2017,2974434.0
 42041,"Cumberland, PA",2017,15351164.0
 42043,"Dauphin, PA",2017,22365174.0
 42045,"Delaware, PA",2017,33980298.0
 42047,"Elk, PA",2017,1468513.0
 42049,"Erie, PA",2017,11500326.0
 42051,"Fayette, PA",2017,4325408.0
 42053,"Forest, PA",2017,241161.0
 42055,"Franklin, PA",2017,6302357.0
 42057,"Fulton, PA",2017,653357.0
 42059,"Greene, PA",2017,2827116.0
 42061,"Huntingdon, PA",2017,1290436.0
 42063,"Indiana, PA",2017,4113460.0
 42065,"Jefferson, PA",2017,1524400.0
 42067,"Juniata, PA",2017,741832.0
 42069,"Lackawanna, PA",2017,9712597.0
 42071,"Lancaster, PA",2017,28779773.0
 42073,"Lawrence, PA",2017,3079198.0
 42075,"Lebanon, PA",2017,5749659.0
 42077,"Lehigh, PA",2017,22415473.0
 42079,"Luzerne, PA",2017,15271856.0
 42081,"Lycoming, PA",2017,5836494.0
 42083,"McKean, PA",2017,1993921.0
 42085,"Mercer, PA",2017,4427400.0
 42087,"Mifflin, PA",2017,1665119.0
 42089,"Monroe, PA",2017,7597383.0
 42091,"Montgomery, PA",2017,78127590.0
 42093,"Montour, PA",2017,1950365.0
 42095,"Northampton, PA",2017,15510814.0
 42097,"Northumberland, PA",2017,2927981.0
 42099,"Perry, PA",2017,968250.0
 42101,"Philadelphia, PA",2017,108863224.0
 42103,"Pike, PA",2017,1385421.0
 42105,"Potter, PA",2017,906166.0
 42107,"Schuylkill, PA",2017,4834538.0
 42109,"Snyder, PA",2017,1455108.0
 42111,"Somerset, PA",2017,2493046.0
 42113,"Sullivan, PA",2017,303024.0
 42115,"Susquehanna, PA",2017,2202680.0
 42117,"Tioga, PA",2017,1522933.0
 42119,"Union, PA",2017,1810381.0
 42121,"Venango, PA",2017,1830745.0
 42123,"Warren, PA",2017,1539148.0
 42125,"Washington, PA",2017,14110040.0
 42127,"Wayne, PA",2017,1797595.0
 42129,"Westmoreland, PA",2017,14754637.0
 42131,"Wyoming, PA",2017,1674407.0
 42133,"York, PA",2017,21304241.0
 44000,Rhode Island,2017,58771553.0
 44001,"Bristol, RI",2017,1802623.0
 44003,"Kent, RI",2017,9483115.0
 44005,"Newport, RI",2017,6004565.0
 44007,"Providence, RI",2017,34960663.0
 44009,"Washington, RI",2017,6520587.0
 45000,South Carolina,2017,224937579.0
 45001,"Abbeville, SC",2017,582564.0
 45003,"Aiken, SC",2017,6836952.0
 45005,"Allendale, SC",2017,298131.0
 45007,"Anderson, SC",2017,6731779.0
 45009,"Bamberg, SC",2017,338938.0
 45011,"Barnwell, SC",2017,467627.0
 45013,"Beaufort, SC",2017,7752477.0
 45015,"Berkeley, SC",2017,7638074.0
 45017,"Calhoun, SC",2017,567030.0
 45019,"Charleston, SC",2017,30430615.0
 45021,"Cherokee, SC",2017,1776738.0
 45023,"Chester, SC",2017,1046144.0
 45025,"Chesterfield, SC",2017,1509183.0
 45027,"Clarendon, SC",2017,600325.0
 45029,"Colleton, SC",2017,936954.0
 45031,"Darlington, SC",2017,2643139.0
 45033,"Dillon, SC",2017,730275.0
 45035,"Dorchester, SC",2017,3644173.0
 45037,"Edgefield, SC",2017,630880.0
 45039,"Fairfield, SC",2017,1442863.0
 45041,"Florence, SC",2017,6985220.0
 45043,"Georgetown, SC",2017,2404986.0
 45045,"Greenville, SC",2017,31059985.0
 45047,"Greenwood, SC",2017,2735840.0
 45049,"Hampton, SC",2017,450504.0
 45051,"Horry, SC",2017,13014447.0
 45053,"Jasper, SC",2017,1124145.0
 45055,"Kershaw, SC",2017,1774409.0
 45057,"Lancaster, SC",2017,3635562.0
 45059,"Laurens, SC",2017,2310541.0
 45061,"Lee, SC",2017,338759.0
 45063,"Lexington, SC",2017,12261860.0
 45065,"McCormick, SC",2017,210581.0
 45067,"Marion, SC",2017,563894.0
 45069,"Marlboro, SC",2017,793216.0
 45071,"Newberry, SC",2017,1320106.0
 45073,"Oconee, SC",2017,3799549.0
 45075,"Orangeburg, SC",2017,2838170.0
 45077,"Pickens, SC",2017,3696537.0
 45079,"Richland, SC",2017,24515266.0
 45081,"Saluda, SC",2017,448803.0
 45083,"Spartanburg, SC",2017,14976954.0
 45085,"Sumter, SC",2017,4087939.0
 45087,"Union, SC",2017,671160.0
 45089,"Williamsburg, SC",2017,796573.0
 45091,"York, SC",2017,11517708.0
 46000,South Dakota,2017,51615065.0
 46003,"Aurora, SD",2017,73242.0
 46005,"Beadle, SD",2017,919078.0
 46007,"Bennett, SD",2017,116830.0
 46009,"Bon Homme, SD",2017,225213.0
 46011,"Brookings, SD",2017,2141190.0
 46013,"Brown, SD",2017,2110130.0
 46015,"Brule, SD",2017,298583.0
 46017,"Buffalo, SD",2017,108267.0
 46019,"Butte, SD",2017,321747.0
 46021,"Campbell, SD",2017,87102.0
 46023,"Charles Mix, SD",2017,391054.0
 46025,"Clark, SD",2017,129903.0
 46027,"Clay, SD",2017,539706.0
 46029,"Codington, SD",2017,1461043.0
 46031,"Corson, SD",2017,102681.0
 46033,"Custer, SD",2017,255925.0
 46035,"Davison, SD",2017,1215575.0
 46037,"Day, SD",2017,254607.0
 46039,"Deuel, SD",2017,264063.0
 46041,"Dewey, SD",2017,214139.0
 46043,"Douglas, SD",2017,190505.0
 46045,"Edmunds, SD",2017,157739.0
 46047,"Fall River, SD",2017,250016.0
 46049,"Faulk, SD",2017,117470.0
 46051,"Grant, SD",2017,573491.0
 46053,"Gregory, SD",2017,151052.0
 46055,"Haakon, SD",2017,106192.0
 46057,"Hamlin, SD",2017,216130.0
 46059,"Hand, SD",2017,162018.0
 46061,"Hanson, SD",2017,108604.0
 46063,"Harding, SD",2017,89616.0
 46065,"Hughes, SD",2017,1228437.0
 46067,"Hutchinson, SD",2017,378921.0
 46069,"Hyde, SD",2017,112608.0
 46071,"Jackson, SD",2017,70876.0
 46073,"Jerauld, SD",2017,189395.0
 46075,"Jones, SD",2017,50597.0
 46077,"Kingsbury, SD",2017,243769.0
 46079,"Lake, SD",2017,545954.0
 46081,"Lawrence, SD",2017,1136819.0
 46083,"Lincoln, SD",2017,2580875.0
 46085,"Lyman, SD",2017,165258.0
 46087,"McCook, SD",2017,214188.0
 46089,"McPherson, SD",2017,98118.0
 46091,"Marshall, SD",2017,235156.0
 46093,"Meade, SD",2017,747882.0
 46095,"Mellette, SD",2017,44324.0
 46097,"Miner, SD",2017,86346.0
 46099,"Minnehaha, SD",2017,18965235.0
 46101,"Moody, SD",2017,286043.0
 46102,"Oglala Lakota, SD*",2017,316996.0
 46103,"Pennington, SD",2017,5537736.0
 46105,"Perkins, SD",2017,186717.0
 46107,"Potter, SD",2017,165574.0
 46109,"Roberts, SD",2017,304484.0
 46111,"Sanborn, SD",2017,95922.0
 46115,"Spink, SD",2017,351408.0
 46117,"Stanley, SD",2017,144768.0
 46119,"Sully, SD",2017,143200.0
 46121,"Todd, SD",2017,209438.0
 46123,"Tripp, SD",2017,249680.0
 46125,"Turner, SD",2017,394441.0
 46127,"Union, SD",2017,1299286.0
 46129,"Walworth, SD",2017,256822.0
 46135,"Yankton, SD",2017,1179189.0
 46137,"Ziebach, SD",2017,45693.0
 47000,Tennessee,2017,355417465.0
 47001,"Anderson, TN",2017,4847135.0
 47003,"Bedford, TN",2017,1780045.0
 47005,"Benton, TN",2017,362862.0
 47007,"Bledsoe, TN",2017,206386.0
 47009,"Blount, TN",2017,5589021.0
 47011,"Bradley, TN",2017,4382943.0
 47013,"Campbell, TN",2017,900848.0
 47015,"Cannon, TN",2017,259846.0
 47017,"Carroll, TN",2017,679707.0
 47019,"Carter, TN",2017,1060159.0
 47021,"Cheatham, TN",2017,1154692.0
 47023,"Chester, TN",2017,365233.0
 47025,"Claiborne, TN",2017,765791.0
 47027,"Clay, TN",2017,173556.0
 47029,"Cocke, TN",2017,763999.0
 47031,"Coffee, TN",2017,2715195.0
 47033,"Crockett, TN",2017,561082.0
 47035,"Cumberland, TN",2017,1675020.0
 47037,"Davidson, TN",2017,68267086.0
 47039,"Decatur, TN",2017,324568.0
 47041,"DeKalb, TN",2017,727141.0
 47043,"Dickson, TN",2017,1935490.0
 47045,"Dyer, TN",2017,1713211.0
 47047,"Fayette, TN",2017,1195419.0
 47049,"Fentress, TN",2017,424533.0
 47051,"Franklin, TN",2017,1179852.0
 47053,"Gibson, TN",2017,1408824.0
 47055,"Giles, TN",2017,1157944.0
 47057,"Grainger, TN",2017,417311.0
 47059,"Greene, TN",2017,2493672.0
 47061,"Grundy, TN",2017,239035.0
 47063,"Hamblen, TN",2017,3135152.0
 47065,"Hamilton, TN",2017,25229186.0
 47067,"Hancock, TN",2017,83883.0
 47069,"Hardeman, TN",2017,609031.0
 47071,"Hardin, TN",2017,913907.0
 47073,"Hawkins, TN",2017,1802692.0
 47075,"Haywood, TN",2017,758793.0
 47077,"Henderson, TN",2017,738691.0
 47079,"Henry, TN",2017,1209788.0
 47081,"Hickman, TN",2017,436532.0
 47083,"Houston, TN",2017,147644.0
 47085,"Humphreys, TN",2017,885779.0
 47087,"Jackson, TN",2017,187602.0
 47089,"Jefferson, TN",2017,1559644.0
 47091,"Johnson, TN",2017,415639.0
 47093,"Knox, TN",2017,26669279.0
 47095,"Lake, TN",2017,122999.0
 47097,"Lauderdale, TN",2017,688817.0
 47099,"Lawrence, TN",2017,1032507.0
 47101,"Lewis, TN",2017,266409.0
 47103,"Lincoln, TN",2017,1082386.0
 47105,"Loudon, TN",2017,1850417.0
 47107,"McMinn, TN",2017,2092471.0
 47109,"McNairy, TN",2017,592019.0
 47111,"Macon, TN",2017,548988.0
 47113,"Madison, TN",2017,5923159.0
 47115,"Marion, TN",2017,801179.0
 47117,"Marshall, TN",2017,1158393.0
 47119,"Maury, TN",2017,4227395.0
 47121,"Meigs, TN",2017,257956.0
 47123,"Monroe, TN",2017,1455263.0
 47125,"Montgomery, TN",2017,5257341.0
 47127,"Moore, TN",2017,441465.0
 47129,"Morgan, TN",2017,268552.0
 47131,"Obion, TN",2017,1164506.0
 47133,"Overton, TN",2017,498488.0
 47135,"Perry, TN",2017,190359.0
 47137,"Pickett, TN",2017,154679.0
 47139,"Polk, TN",2017,295482.0
 47141,"Putnam, TN",2017,3340653.0
 47143,"Rhea, TN",2017,1898719.0
 47145,"Roane, TN",2017,2582421.0
 47147,"Robertson, TN",2017,2616915.0
 47149,"Rutherford, TN",2017,16261614.0
 47151,"Scott, TN",2017,481410.0
 47153,"Sequatchie, TN",2017,289684.0
 47155,"Sevier, TN",2017,4251826.0
 47157,"Shelby, TN",2017,63595482.0
 47159,"Smith, TN",2017,624012.0
 47161,"Stewart, TN",2017,857314.0
 47163,"Sullivan, TN",2017,7673821.0
 47165,"Sumner, TN",2017,6982036.0
 47167,"Tipton, TN",2017,1206892.0
 47169,"Trousdale, TN",2017,169524.0
 47171,"Unicoi, TN",2017,559886.0
 47173,"Union, TN",2017,303603.0
 47175,"Van Buren, TN",2017,89881.0
 47177,"Warren, TN",2017,1460128.0
 47179,"Washington, TN",2017,5691638.0
 47181,"Wayne, TN",2017,306231.0
 47183,"Weakley, TN",2017,1042849.0
 47185,"White, TN",2017,747280.0
 47187,"Williamson, TN",2017,22403855.0
 47189,"Wilson, TN",2017,5097713.0
 48000,Texas,2017,1667313043.0
 48001,"Anderson, TX",2017,1854000.0
 48003,"Andrews, TX",2017,2663256.0
 48005,"Angelina, TX",2017,3152626.0
 48007,"Aransas, TX",2017,644093.0
 48009,"Archer, TX",2017,269446.0
 48011,"Armstrong, TX",2017,35995.0
 48013,"Atascosa, TX",2017,2631154.0
 48015,"Austin, TX",2017,1262188.0
 48017,"Bailey, TX",2017,386810.0
 48019,"Bandera, TX",2017,356297.0
 48021,"Bastrop, TX",2017,2177066.0
 48023,"Baylor, TX",2017,148215.0
 48025,"Bee, TX",2017,734739.0
 48027,"Bell, TX",2017,16198711.0
 48029,"Bexar, TX",2017,100193129.0
 48031,"Blanco, TX",2017,363976.0
 48033,"Borden, TX",2017,238571.0
 48035,"Bosque, TX",2017,550028.0
 48037,"Bowie, TX",2017,3641646.0
 48039,"Brazoria, TX",2017,15594770.0
 48041,"Brazos, TX",2017,9584824.0
 48043,"Brewster, TX",2017,344700.0
 48045,"Briscoe, TX",2017,85006.0
 48047,"Brooks, TX",2017,288157.0
 48049,"Brown, TX",2017,1424388.0
 48051,"Burleson, TX",2017,872415.0
 48053,"Burnet, TX",2017,1553431.0
 48055,"Caldwell, TX",2017,836188.0
 48057,"Calhoun, TX",2017,2693726.0
 48059,"Callahan, TX",2017,261257.0
 48061,"Cameron, TX",2017,10734203.0
 48063,"Camp, TX",2017,361067.0
 48065,"Carson, TX",2017,919073.0
 48067,"Cass, TX",2017,774200.0
 48069,"Castro, TX",2017,721563.0
 48071,"Chambers, TX",2017,2712292.0
 48073,"Cherokee, TX",2017,1304451.0
 48075,"Childress, TX",2017,204441.0
 48077,"Clay, TX",2017,207416.0
 48079,"Cochran, TX",2017,197654.0
 48081,"Coke, TX",2017,90796.0
 48083,"Coleman, TX",2017,196283.0
 48085,"Collin, TX",2017,62269549.0
 48087,"Collingsworth, TX",2017,75655.0
 48089,"Colorado, TX",2017,847415.0
 48091,"Comal, TX",2017,5942804.0
 48093,"Comanche, TX",2017,366015.0
 48095,"Concho, TX",2017,77629.0
 48097,"Cooke, TX",2017,3118071.0
 48099,"Coryell, TX",2017,1710538.0
 48101,"Cottle, TX",2017,73332.0
 48103,"Crane, TX",2017,550870.0
 48105,"Crockett, TX",2017,768622.0
 48107,"Crosby, TX",2017,216659.0
 48109,"Culberson, TX",2017,1395223.0
 48111,"Dallam, TX",2017,787721.0
 48113,"Dallas, TX",2017,248044414.0
 48115,"Dawson, TX",2017,618706.0
 48117,"Deaf Smith, TX",2017,1598475.0
 48119,"Delta, TX",2017,103045.0
 48121,"Denton, TX",2017,32503089.0
 48123,"DeWitt, TX",2017,4197836.0
 48125,"Dickens, TX",2017,97336.0
 48127,"Dimmit, TX",2017,3522575.0
 48129,"Donley, TX",2017,126180.0
 48131,"Duval, TX",2017,326665.0
 48133,"Eastland, TX",2017,687809.0
 48135,"Ector, TX",2017,10478298.0
 48137,"Edwards, TX",2017,68723.0
 48139,"Ellis, TX",2017,5887929.0
 48141,"El Paso, TX",2017,30271960.0
 48143,"Erath, TX",2017,1424460.0
 48145,"Falls, TX",2017,354966.0
 48147,"Fannin, TX",2017,796048.0
 48149,"Fayette, TX",2017,1586863.0
 48151,"Fisher, TX",2017,158994.0
 48153,"Floyd, TX",2017,315667.0
 48155,"Foard, TX",2017,28388.0
 48157,"Fort Bend, TX",2017,27576129.0
 48159,"Franklin, TX",2017,376427.0
 48161,"Freestone, TX",2017,1362994.0
 48163,"Frio, TX",2017,1104552.0
 48165,"Gaines, TX",2017,1901840.0
 48167,"Galveston, TX",2017,15188107.0
 48169,"Garza, TX",2017,240811.0
 48171,"Gillespie, TX",2017,993482.0
 48173,"Glasscock, TX",2017,1715900.0
 48175,"Goliad, TX",2017,320313.0
 48177,"Gonzales, TX",2017,2448894.0
 48179,"Gray, TX",2017,991169.0
 48181,"Grayson, TX",2017,4703414.0
 48183,"Gregg, TX",2017,7304760.0
 48185,"Grimes, TX",2017,1028934.0
 48187,"Guadalupe, TX",2017,5945004.0
 48189,"Hale, TX",2017,1116105.0
 48191,"Hall, TX",2017,81177.0
 48193,"Hamilton, TX",2017,228167.0
 48195,"Hansford, TX",2017,563434.0
 48197,"Hardeman, TX",2017,155863.0
 48199,"Hardin, TX",2017,1337835.0
 48201,"Harris, TX",2017,377601083.0
 48203,"Harrison, TX",2017,4142405.0
 48205,"Hartley, TX",2017,772238.0
 48207,"Haskell, TX",2017,215504.0
 48209,"Hays, TX",2017,7249219.0
 48211,"Hemphill, TX",2017,708416.0
 48213,"Henderson, TX",2017,1721227.0
 48215,"Hidalgo, TX",2017,20721197.0
 48217,"Hill, TX",2017,888603.0
 48219,"Hockley, TX",2017,1630777.0
 48221,"Hood, TX",2017,2101562.0
 48223,"Hopkins, TX",2017,1426210.0
 48225,"Houston, TX",2017,876745.0
 48227,"Howard, TX",2017,3501424.0
 48229,"Hudspeth, TX",2017,137571.0
 48231,"Hunt, TX",2017,4381391.0
 48233,"Hutchinson, TX",2017,4261872.0
 48235,"Irion, TX",2017,809921.0
 48237,"Jack, TX",2017,522639.0
 48239,"Jackson, TX",2017,627020.0
 48241,"Jasper, TX",2017,1004787.0
 48243,"Jeff Davis, TX",2017,64233.0
 48245,"Jefferson, TX",2017,19546250.0
 48247,"Jim Hogg, TX",2017,173320.0
 48249,"Jim Wells, TX",2017,1595209.0
 48251,"Johnson, TX",2017,5737907.0
 48253,"Jones, TX",2017,419229.0
 48255,"Karnes, TX",2017,6153979.0
 48257,"Kaufman, TX",2017,3416434.0
 48259,"Kendall, TX",2017,2000687.0
 48261,"Kenedy, TX",2017,227129.0
 48263,"Kent, TX",2017,190205.0
 48265,"Kerr, TX",2017,1906339.0
 48267,"Kimble, TX",2017,117167.0
 48269,"King, TX",2017,111950.0
 48271,"Kinney, TX",2017,108543.0
 48273,"Kleberg, TX",2017,1083898.0
 48275,"Knox, TX",2017,136507.0
 48277,"Lamar, TX",2017,2620703.0
 48279,"Lamb, TX",2017,784421.0
 48281,"Lampasas, TX",2017,457630.0
 48283,"La Salle, TX",2017,3358869.0
 48285,"Lavaca, TX",2017,1066284.0
 48287,"Lee, TX",2017,842849.0
 48289,"Leon, TX",2017,705484.0
 48291,"Liberty, TX",2017,1958578.0
 48293,"Limestone, TX",2017,1267240.0
 48295,"Lipscomb, TX",2017,536796.0
 48297,"Live Oak, TX",2017,1284619.0
 48299,"Llano, TX",2017,738973.0
 48301,"Loving, TX",2017,3228124.0
 48303,"Lubbock, TX",2017,13267508.0
 48305,"Lynn, TX",2017,175411.0
 48307,"McCulloch, TX",2017,358980.0
 48309,"McLennan, TX",2017,12377748.0
 48311,"McMullen, TX",2017,1593724.0
 48313,"Madison, TX",2017,540221.0
 48315,"Marion, TX",2017,239062.0
 48317,"Martin, TX",2017,3014525.0
 48319,"Mason, TX",2017,110763.0
 48321,"Matagorda, TX",2017,2189072.0
 48323,"Maverick, TX",2017,1575758.0
 48325,"Medina, TX",2017,986422.0
 48327,"Menard, TX",2017,43639.0
 48329,"Midland, TX",2017,18874725.0
 48331,"Milam, TX",2017,900706.0
 48333,"Mills, TX",2017,155725.0
 48335,"Mitchell, TX",2017,333564.0
 48337,"Montague, TX",2017,767714.0
 48339,"Montgomery, TX",2017,26495280.0
 48341,"Moore, TX",2017,1774158.0
 48343,"Morris, TX",2017,556489.0
 48345,"Motley, TX",2017,26407.0
 48347,"Nacogdoches, TX",2017,2443129.0
 48349,"Navarro, TX",2017,1526075.0
 48351,"Newton, TX",2017,439312.0
 48353,"Nolan, TX",2017,877417.0
 48355,"Nueces, TX",2017,18743020.0
 48357,"Ochiltree, TX",2017,1028767.0
 48359,"Oldham, TX",2017,288004.0
 48361,"Orange, TX",2017,3570084.0
 48363,"Palo Pinto, TX",2017,988849.0
 48365,"Panola, TX",2017,1663424.0
 48367,"Parker, TX",2017,4209685.0
 48369,"Parmer, TX",2017,976264.0
 48371,"Pecos, TX",2017,1575454.0
 48373,"Polk, TX",2017,1232138.0
 48375,"Potter, TX",2017,7978353.0
 48377,"Presidio, TX",2017,213429.0
 48379,"Rains, TX",2017,183130.0
 48381,"Randall, TX",2017,3822607.0
 48383,"Reagan, TX",2017,2302906.0
 48385,"Real, TX",2017,70424.0
 48387,"Red River, TX",2017,252489.0
 48389,"Reeves, TX",2017,5251844.0
 48391,"Refugio, TX",2017,332992.0
 48393,"Roberts, TX",2017,281430.0
 48395,"Robertson, TX",2017,2004381.0
 48397,"Rockwall, TX",2017,3310264.0
 48399,"Runnels, TX",2017,289944.0
 48401,"Rusk, TX",2017,2373879.0
 48403,"Sabine, TX",2017,219596.0
 48405,"San Augustine, TX",2017,466025.0
 48407,"San Jacinto, TX",2017,319510.0
 48409,"San Patricio, TX",2017,2329989.0
 48411,"San Saba, TX",2017,161379.0
 48413,"Schleicher, TX",2017,109971.0
 48415,"Scurry, TX",2017,1570943.0
 48417,"Shackelford, TX",2017,226567.0
 48419,"Shelby, TX",2017,1130100.0
 48421,"Sherman, TX",2017,509742.0
 48423,"Smith, TX",2017,10500988.0
 48425,"Somervell, TX",2017,1206404.0
 48427,"Starr, TX",2017,1257124.0
 48429,"Stephens, TX",2017,388097.0
 48431,"Sterling, TX",2017,221504.0
 48433,"Stonewall, TX",2017,153348.0
 48435,"Sutton, TX",2017,310719.0
 48437,"Swisher, TX",2017,515581.0
 48439,"Tarrant, TX",2017,111059066.0
 48441,"Taylor, TX",2017,6146666.0
 48443,"Terrell, TX",2017,91391.0
 48445,"Terry, TX",2017,620198.0
 48447,"Throckmorton, TX",2017,74298.0
 48449,"Titus, TX",2017,2355814.0
 48451,"Tom Green, TX",2017,5302404.0
 48453,"Travis, TX",2017,109993936.0
 48455,"Trinity, TX",2017,247083.0
 48457,"Tyler, TX",2017,414647.0
 48459,"Upshur, TX",2017,764328.0
 48461,"Upton, TX",2017,2868424.0
 48463,"Uvalde, TX",2017,828123.0
 48465,"Val Verde, TX",2017,1702347.0
 48467,"Van Zandt, TX",2017,1144814.0
 48469,"Victoria, TX",2017,4242680.0
 48471,"Walker, TX",2017,2147210.0
 48473,"Waller, TX",2017,2287710.0
 48475,"Ward, TX",2017,1897650.0
 48477,"Washington, TX",2017,1516120.0
 48479,"Webb, TX",2017,11313473.0
 48481,"Wharton, TX",2017,1643944.0
 48483,"Wheeler, TX",2017,686552.0
 48485,"Wichita, TX",2017,5447178.0
 48487,"Wilbarger, TX",2017,705424.0
 48489,"Willacy, TX",2017,417744.0
 48491,"Williamson, TX",2017,20846495.0
 48493,"Wilson, TX",2017,870174.0
 48495,"Winkler, TX",2017,841104.0
 48497,"Wise, TX",2017,2912295.0
 48499,"Wood, TX",2017,1399531.0
 48501,"Yoakum, TX",2017,1657244.0
 48503,"Young, TX",2017,828933.0
 48505,"Zapata, TX",2017,618241.0
 48507,"Zavala, TX",2017,545461.0
 49000,Utah,2017,172075043.0
 49001,"Beaver, UT",2017,387886.0
 49003,"Box Elder, UT",2017,2261288.0
 49005,"Cache, UT",2017,5322111.0
 49007,"Carbon, UT",2017,945663.0
 49009,"Daggett, UT",2017,155981.0
 49011,"Davis, UT",2017,14039771.0
 49013,"Duchesne, UT",2017,1040002.0
 49015,"Emery, UT",2017,922623.0
 49017,"Garfield, UT",2017,240871.0
 49019,"Grand, UT",2017,580017.0
 49021,"Iron, UT",2017,1582096.0
 49023,"Juab, UT",2017,405585.0
 49025,"Kane, UT",2017,325938.0
 49027,"Millard, UT",2017,855418.0
 49029,"Morgan, UT",2017,279914.0
 49031,"Piute, UT",2017,79559.0
 49033,"Rich, UT",2017,131815.0
 49035,"Salt Lake, UT",2017,90203042.0
 49037,"San Juan, UT",2017,466332.0
 49039,"Sanpete, UT",2017,785789.0
 49041,"Sevier, UT",2017,1050188.0
 49043,"Summit, UT",2017,3418250.0
 49045,"Tooele, UT",2017,1751142.0
 49047,"Uintah, UT",2017,1713241.0
 49049,"Utah, UT",2017,25069858.0
 49051,"Wasatch, UT",2017,1004858.0
 49053,"Washington, UT",2017,6234717.0
 49055,"Wayne, UT",2017,98369.0
 49057,"Weber, UT",2017,10722720.0
 50000,Vermont,2017,32589227.0
 50001,"Addison, VT",2017,1642746.0
 50003,"Bennington, VT",2017,1687136.0
 50005,"Caledonia, VT",2017,1104195.0
 50007,"Chittenden, VT",2017,11419598.0
 50009,"Essex, VT",2017,148327.0
 50011,"Franklin, VT",2017,2085381.0
 50013,"Grand Isle, VT",2017,199187.0
 50015,"Lamoille, VT",2017,1174708.0
 50017,"Orange, VT",2017,808172.0
 50019,"Orleans, VT",2017,1048704.0
 50021,"Rutland, VT",2017,2641197.0
 50023,"Washington, VT",2017,3686037.0
 50025,"Windham, VT",2017,2338728.0
 50027,"Windsor, VT",2017,2605111.0
 51000,Virginia,2017,515167162.0
 51001,"Accomack, VA",2017,1714967.0
 51007,"Amelia, VA",2017,285025.0
 51009,"Amherst, VA",2017,806386.0
 51011,"Appomattox, VA",2017,300302.0
 51013,"Arlington, VA",2017,33997126.0
 51017,"Bath, VA",2017,223251.0
 51019,"Bedford, VA*",2017,2007410.0
 51021,"Bland, VA",2017,207147.0
 51023,"Botetourt, VA",2017,1211425.0
 51025,"Brunswick, VA",2017,834403.0
 51027,"Buchanan, VA",2017,938410.0
 51029,"Buckingham, VA",2017,503385.0
 51033,"Caroline, VA",2017,748746.0
 51036,"Charles City, VA",2017,213539.0
 51037,"Charlotte, VA",2017,276509.0
 51041,"Chesterfield, VA",2017,15681862.0
 51043,"Clarke, VA",2017,477067.0
 51045,"Craig, VA",2017,97370.0
 51047,"Culpeper, VA",2017,1739155.0
 51049,"Cumberland, VA",2017,157836.0
 51051,"Dickenson, VA",2017,422182.0
 51057,"Essex, VA",2017,358712.0
 51061,"Fauquier, VA",2017,2737582.0
 51063,"Floyd, VA",2017,362248.0
 51065,"Fluvanna, VA",2017,915320.0
 51067,"Franklin, VA",2017,1502715.0
 51071,"Giles, VA",2017,503568.0
 51073,"Gloucester, VA",2017,863750.0
 51075,"Goochland, VA",2017,2581683.0
 51077,"Grayson, VA",2017,268839.0
 51079,"Greene, VA",2017,441028.0
 51083,"Halifax, VA",2017,1323069.0
 51085,"Hanover, VA",2017,5697215.0
 51087,"Henrico, VA",2017,28589182.0
 51091,"Highland, VA",2017,71587.0
 51093,"Isle of Wight, VA",2017,1566681.0
 51097,"King and Queen, VA",2017,139563.0
 51099,"King George, VA",2017,1868168.0
 51101,"King William, VA",2017,510929.0
 51103,"Lancaster, VA",2017,432873.0
 51105,"Lee, VA",2017,388534.0
 51107,"Loudoun, VA",2017,26813789.0
 51109,"Louisa, VA",2017,2212625.0
 51111,"Lunenburg, VA",2017,234850.0
 51113,"Madison, VA",2017,346389.0
 51115,"Mathews, VA",2017,176379.0
 51117,"Mecklenburg, VA",2017,989023.0
 51119,"Middlesex, VA",2017,382854.0
 51125,"Nelson, VA",2017,491384.0
 51127,"New Kent, VA",2017,498917.0
 51131,"Northampton, VA",2017,463951.0
 51133,"Northumberland, VA",2017,394932.0
 51135,"Nottoway, VA",2017,506789.0
 51137,"Orange, VA",2017,1140428.0
 51139,"Page, VA",2017,585930.0
 51141,"Patrick, VA",2017,413502.0
 51145,"Powhatan, VA",2017,778179.0
 51147,"Prince Edward, VA",2017,716091.0
 51155,"Pulaski, VA",2017,1180601.0
 51157,"Rappahannock, VA",2017,311103.0
 51159,"Richmond, VA",2017,260340.0
 51167,"Russell, VA",2017,636569.0
 51169,"Scott, VA",2017,393971.0
 51171,"Shenandoah, VA",2017,1563551.0
 51173,"Smyth, VA",2017,1003317.0
 51179,"Stafford, VA",2017,5427334.0
 51181,"Surry, VA",2017,1207768.0
 51183,"Sussex, VA",2017,328656.0
 51185,"Tazewell, VA",2017,1191744.0
 51187,"Warren, VA",2017,1758686.0
 51193,"Westmoreland, VA",2017,450849.0
 51197,"Wythe, VA",2017,1716648.0
 51510,"Alexandria (Independent City), VA",2017,15081071.0
 51550,"Chesapeake (Independent City), VA",2017,10081767.0
 51650,"Hampton (Independent City), VA",2017,6665700.0
 51700,"Newport News (Independent City), VA",2017,12322800.0
 51710,"Norfolk (Independent City), VA",2017,21628031.0
 51740,"Portsmouth (Independent City), VA",2017,5886680.0
 51760,"Richmond (Independent City), VA",2017,22575624.0
 51770,"Roanoke (Independent City), VA",2017,7098974.0
 51800,"Suffolk (Independent City), VA",2017,3671560.0
 51810,"Virginia Beach (Independent City), VA",2017,22325354.0
 51901,"Albemarle + Charlottesville, VA*",2017,11560398.0
 51903,"Alleghany + Covington, VA*",2017,856831.0
 51907,"Augusta, Staunton + Waynesboro, VA*",2017,5064115.0
 51911,"Campbell + Lynchburg, VA*",2017,6946511.0
 51913,"Carroll + Galax, VA*",2017,969032.0
 51918,"Dinwiddie, Colonial Heights + Petersburg, VA*",2017,2791652.0
 51919,"Fairfax, Fairfax City + Falls Church, VA*",2017,114188029.0
 51921,"Frederick + Winchester, VA*",2017,6434285.0
 51923,"Greensville + Emporia, VA*",2017,798404.0
 51929,"Henry + Martinsville, VA*",2017,2088402.0
 51931,"James City + Williamsburg, VA*",2017,5178966.0
 51933,"Montgomery + Radford, VA*",2017,5332180.0
 51939,"Pittsylvania + Danville, VA*",2017,3375083.0
 51941,"Prince George + Hopewell, VA*",2017,3828943.0
 51942,"Prince William, Manassas + Manassas Park, VA*",2017,20424444.0
 51944,"Roanoke + Salem, VA*",2017,6008440.0
 51945,"Rockbridge, Buena Vista + Lexington, VA*",2017,1233479.0
 51947,"Rockingham + Harrisonburg, VA*",2017,7664982.0
 51949,"Southampton + Franklin, VA*",2017,738051.0
 51951,"Spotsylvania + Fredericksburg, VA*",2017,6117824.0
 51953,"Washington + Bristol, VA*",2017,3422510.0
 51955,"Wise + Norton, VA*",2017,1538821.0
 51958,"York + Poquoson, VA*",2017,2724319.0
 53000,Washington,2017,527169356.0
 53001,"Adams, WA",2017,728684.0
 53003,"Asotin, WA",2017,618134.0
 53005,"Benton, WA",2017,11194529.0
 53007,"Chelan, WA",2017,4462566.0
 53009,"Clallam, WA",2017,2449235.0
 53011,"Clark, WA",2017,20074346.0
 53013,"Columbia, WA",2017,351595.0
 53015,"Cowlitz, WA",2017,4700051.0
 53017,"Douglas, WA",2017,1891431.0
 53019,"Ferry, WA",2017,177135.0
 53021,"Franklin, WA",2017,3493691.0
 53023,"Garfield, WA",2017,133517.0
 53025,"Grant, WA",2017,5748710.0
 53027,"Grays Harbor, WA",2017,2441663.0
 53029,"Island, WA",2017,3326986.0
 53031,"Jefferson, WA",2017,1009763.0
 53033,"King, WA",2017,277284701.0
 53035,"Kitsap, WA",2017,11972570.0
 53037,"Kittitas, WA",2017,1652765.0
 53039,"Klickitat, WA",2017,1312267.0
 53041,"Lewis, WA",2017,3096134.0
 53043,"Lincoln, WA",2017,382635.0
 53045,"Mason, WA",2017,1526522.0
 53047,"Okanogan, WA",2017,1499877.0
 53049,"Pacific, WA",2017,697002.0
 53051,"Pend Oreille, WA",2017,580464.0
 53053,"Pierce, WA",2017,41118781.0
 53055,"San Juan, WA",2017,759955.0
 53057,"Skagit, WA",2017,6537005.0
 53059,"Skamania, WA",2017,276160.0
 53061,"Snohomish, WA",2017,49789851.0
 53063,"Spokane, WA",2017,24438959.0
 53065,"Stevens, WA",2017,1041027.0
 53067,"Thurston, WA",2017,12907242.0
 53069,"Wahkiakum, WA",2017,84003.0
 53071,"Walla Walla, WA",2017,3407116.0
 53073,"Whatcom, WA",2017,11651236.0
 53075,"Whitman, WA",2017,2364592.0
 53077,"Yakima, WA",2017,9986455.0
 54000,West Virginia,2017,75172448.0
 54001,"Barbour, WV",2017,386989.0
 54003,"Berkeley, WV",2017,3797899.0
 54005,"Boone, WV",2017,669733.0
 54007,"Braxton, WV",2017,324102.0
 54009,"Brooke, WV",2017,863993.0
 54011,"Cabell, WV",2017,4807467.0
 54013,"Calhoun, WV",2017,121353.0
 54015,"Clay, WV",2017,130668.0
 54017,"Doddridge, WV",2017,697097.0
 54019,"Fayette, WV",2017,1082047.0
 54021,"Gilmer, WV",2017,179898.0
 54023,"Grant, WV",2017,504028.0
 54025,"Greenbrier, WV",2017,1179223.0
 54027,"Hampshire, WV",2017,430590.0
 54029,"Hancock, WV",2017,1078354.0
 54031,"Hardy, WV",2017,505969.0
 54033,"Harrison, WV",2017,4215792.0
 54035,"Jackson, WV",2017,841256.0
 54037,"Jefferson, WV",2017,1727463.0
 54039,"Kanawha, WV",2017,10880397.0
 54041,"Lewis, WV",2017,628223.0
 54043,"Lincoln, WV",2017,289629.0
 54045,"Logan, WV",2017,1193370.0
 54047,"McDowell, WV",2017,566763.0
 54049,"Marion, WV",2017,2267248.0
 54051,"Marshall, WV",2017,2439888.0
 54053,"Mason, WV",2017,745991.0
 54055,"Mercer, WV",2017,1730135.0
 54057,"Mineral, WV",2017,721744.0
 54059,"Mingo, WV",2017,705413.0
 54061,"Monongalia, WV",2017,7077561.0
 54063,"Monroe, WV",2017,205871.0
 54065,"Morgan, WV",2017,323968.0
 54067,"Nicholas, WV",2017,629857.0
 54069,"Ohio, WV",2017,3772149.0
 54071,"Pendleton, WV",2017,174749.0
 54073,"Pleasants, WV",2017,552322.0
 54075,"Pocahontas, WV",2017,275874.0
 54077,"Preston, WV",2017,769425.0
 54079,"Putnam, WV",2017,2770280.0
 54081,"Raleigh, WV",2017,2908065.0
 54083,"Randolph, WV",2017,890604.0
 54085,"Ritchie, WV",2017,574948.0
 54087,"Roane, WV",2017,284583.0
 54089,"Summers, WV",2017,213591.0
 54091,"Taylor, WV",2017,483546.0
 54093,"Tucker, WV",2017,323592.0
 54095,"Tyler, WV",2017,593402.0
 54097,"Upshur, WV",2017,732210.0
 54099,"Wayne, WV",2017,977965.0
 54101,"Webster, WV",2017,151718.0
 54103,"Wetzel, WV",2017,613907.0
 54105,"Wirt, WV",2017,66874.0
 54107,"Wood, WV",2017,3543554.0
 54109,"Wyoming, WV",2017,549112.0
 55000,Wisconsin,2017,321886779.0
 55001,"Adams, WI",2017,529158.0
 55003,"Ashland, WI",2017,741338.0
 55005,"Barron, WI",2017,2062501.0
 55007,"Bayfield, WI",2017,412655.0
 55009,"Brown, WI",2017,18156397.0
 55011,"Buffalo, WI",2017,494052.0
 55013,"Burnett, WI",2017,525401.0
 55015,"Calumet, WI",2017,1503892.0
 55017,"Chippewa, WI",2017,2659863.0
 55019,"Clark, WI",2017,1395221.0
 55021,"Columbia, WI",2017,2854393.0
 55023,"Crawford, WI",2017,749888.0
 55025,"Dane, WI",2017,41786661.0
 55027,"Dodge, WI",2017,3675552.0
 55029,"Door, WI",2017,1273384.0
 55031,"Douglas, WI",2017,1991258.0
 55033,"Dunn, WI",2017,1773313.0
 55035,"Eau Claire, WI",2017,6289897.0
 55037,"Florence, WI",2017,124911.0
 55039,"Fond du Lac, WI",2017,5100413.0
 55041,"Forest, WI",2017,315507.0
 55043,"Grant, WI",2017,2233253.0
 55045,"Green, WI",2017,1731902.0
 55047,"Green Lake, WI",2017,657038.0
 55049,"Iowa, WI",2017,1039866.0
 55051,"Iron, WI",2017,183215.0
 55053,"Jackson, WI",2017,871704.0
 55055,"Jefferson, WI",2017,3543689.0
 55057,"Juneau, WI",2017,922640.0
 55059,"Kenosha, WI",2017,7234010.0
 55061,"Kewaunee, WI",2017,854583.0
 55063,"La Crosse, WI",2017,7421441.0
 55065,"Lafayette, WI",2017,575874.0
 55067,"Langlade, WI",2017,752062.0
 55069,"Lincoln, WI",2017,1448542.0
 55071,"Manitowoc, WI",2017,4068405.0
 55073,"Marathon, WI",2017,8263012.0
 55075,"Marinette, WI",2017,1928671.0
 55077,"Marquette, WI",2017,425505.0
 55078,"Menominee, WI",2017,161696.0
 55079,"Milwaukee, WI",2017,57690957.0
 55081,"Monroe, WI",2017,2285980.0
 55083,"Oconto, WI",2017,994058.0
 55085,"Oneida, WI",2017,1688306.0
 55087,"Outagamie, WI",2017,12306116.0
 55089,"Ozaukee, WI",2017,5305951.0
 55091,"Pepin, WI",2017,245861.0
 55093,"Pierce, WI",2017,1104012.0
 55095,"Polk, WI",2017,1526846.0
 55097,"Portage, WI",2017,4036488.0
 55099,"Price, WI",2017,608827.0
 55101,"Racine, WI",2017,8168961.0
 55103,"Richland, WI",2017,740352.0
 55105,"Rock, WI",2017,6935931.0
 55107,"Rusk, WI",2017,558114.0
 55109,"St. Croix, WI",2017,3878290.0
 55111,"Sauk, WI",2017,3714789.0
 55113,"Sawyer, WI",2017,672743.0
 55115,"Shawano, WI",2017,1324856.0
 55117,"Sheboygan, WI",2017,7028622.0
 55119,"Taylor, WI",2017,859281.0
 55121,"Trempealeau, WI",2017,1372876.0
 55123,"Vernon, WI",2017,1082886.0
 55125,"Vilas, WI",2017,948755.0
 55127,"Walworth, WI",2017,4344817.0
 55129,"Washburn, WI",2017,600223.0
 55131,"Washington, WI",2017,6519931.0
 55133,"Waukesha, WI",2017,29764399.0
 55135,"Waupaca, WI",2017,1998537.0
 55137,"Waushara, WI",2017,630113.0
 55139,"Winnebago, WI",2017,10256853.0
 55141,"Wood, WI",2017,3959282.0
 56000,Wyoming,2017,37620307.0
 56001,"Albany, WY",2017,1577300.0
 56003,"Big Horn, WY",2017,499564.0
 56005,"Campbell, WY",2017,5405708.0
 56007,"Carbon, WY",2017,1129255.0
 56009,"Converse, WY",2017,1122856.0
 56011,"Crook, WY",2017,309349.0
 56013,"Fremont, WY",2017,1729469.0
 56015,"Goshen, WY",2017,494990.0
 56017,"Hot Springs, WY",2017,220207.0
 56019,"Johnson, WY",2017,403444.0
 56021,"Laramie, WY",2017,5428708.0
 56023,"Lincoln, WY",2017,819197.0
 56025,"Natrona, WY",2017,5594566.0
 56027,"Niobrara, WY",2017,119805.0
 56029,"Park, WY",2017,1480255.0
 56031,"Platte, WY",2017,608927.0
 56033,"Sheridan, WY",2017,1412217.0
 56035,"Sublette, WY",2017,1388086.0
 56037,"Sweetwater, WY",2017,3769766.0
 56039,"Teton, WY",2017,2527529.0
 56041,"Uinta, WY",2017,951381.0
 56043,"Washakie, WY",2017,342555.0
 56045,"Weston, WY",2017,285172.0
 91000,New England,2017,1039545446.0
 92000,Mideast,2017,3572774364.0
 93000,Great Lakes,2017,2669538336.0
 94000,Plains,2017,1250759343.0
 95000,Southeast,2017,4210089181.0
 96000,Southwest,2017,2286160711.0
 97000,Rocky Mountain,2017,681310123.0
 98000,Far West,2017,3797440495.0
 00000,United States *,2018,20656516000.0
 01000,Alabama,2018,226263784.0
 01001,"Autauga, AL",2018,1826642.0
 01003,"Baldwin, AL",2018,7935575.0
 01005,"Barbour, AL",2018,789103.0
 01007,"Bibb, AL",2018,408791.0
 01009,"Blount, AL",2018,1064218.0
 01011,"Bullock, AL",2018,259251.0
 01013,"Butler, AL",2018,666661.0
 01015,"Calhoun, AL",2018,4456595.0
 01017,"Chambers, AL",2018,921262.0
 01019,"Cherokee, AL",2018,600426.0
 01021,"Chilton, AL",2018,1055223.0
 01023,"Choctaw, AL",2018,618087.0
 01025,"Clarke, AL",2018,870605.0
 01027,"Clay, AL",2018,470352.0
 01029,"Cleburne, AL",2018,317240.0
 01031,"Coffee, AL",2018,1482319.0
 01033,"Colbert, AL",2018,2651287.0
 01035,"Conecuh, AL",2018,434763.0
 01037,"Coosa, AL",2018,198253.0
 01039,"Covington, AL",2018,1302093.0
 01041,"Crenshaw, AL",2018,476741.0
 01043,"Cullman, AL",2018,2896605.0
 01045,"Dale, AL",2018,2847797.0
 01047,"Dallas, AL",2018,1274867.0
 01049,"DeKalb, AL",2018,2087188.0
 01051,"Elmore, AL",2018,2033909.0
 01053,"Escambia, AL",2018,1300103.0
 01055,"Etowah, AL",2018,3191348.0
 01057,"Fayette, AL",2018,348902.0
 01059,"Franklin, AL",2018,1046721.0
 01061,"Geneva, AL",2018,544542.0
 01063,"Greene, AL",2018,223263.0
 01065,"Hale, AL",2018,274366.0
 01067,"Henry, AL",2018,440075.0
 01069,"Houston, AL",2018,5573832.0
 01071,"Jackson, AL",2018,1622445.0
 01073,"Jefferson, AL",2018,46679111.0
 01075,"Lamar, AL",2018,352369.0
 01077,"Lauderdale, AL",2018,2716027.0
 01079,"Lawrence, AL",2018,572523.0
 01081,"Lee, AL",2018,6252206.0
 01083,"Limestone, AL",2018,3842835.0
 01085,"Lowndes, AL",2018,433688.0
 01087,"Macon, AL",2018,554043.0
 01089,"Madison, AL",2018,25219264.0
 01091,"Marengo, AL",2018,773500.0
 01093,"Marion, AL",2018,913213.0
 01095,"Marshall, AL",2018,3616017.0
 01097,"Mobile, AL",2018,20752659.0
 01099,"Monroe, AL",2018,719197.0
 01101,"Montgomery, AL",2018,14269732.0
 01103,"Morgan, AL",2018,5818952.0
 01105,"Perry, AL",2018,207988.0
 01107,"Pickens, AL",2018,453238.0
 01109,"Pike, AL",2018,1434204.0
 01111,"Randolph, AL",2018,503888.0
 01113,"Russell, AL",2018,1535131.0
 01115,"St. Clair, AL",2018,2133098.0
 01117,"Shelby, AL",2018,12169306.0
 01119,"Sumter, AL",2018,324656.0
 01121,"Talladega, AL",2018,3253853.0
 01123,"Tallapoosa, AL",2018,1380205.0
 01125,"Tuscaloosa, AL",2018,10711426.0
 01127,"Walker, AL",2018,2069775.0
 01129,"Washington, AL",2018,869378.0
 01131,"Wilcox, AL",2018,467746.0
 01133,"Winston, AL",2018,753106.0
 02000,Alaska,2018,54761954.0
 02013,"Aleutians East Borough, AK",2018,347292.0
 02016,"Aleutians West Census Area, AK",2018,686484.0
 02020,"Anchorage Municipality, AK",2018,23898283.0
 02050,"Bethel Census Area, AK",2018,749055.0
 02060,"Bristol Bay Borough, AK",2018,146917.0
 02063,"Chugach Census Area, AK*",2018,
 02066,"Copper River Census Area, AK*",2018,
 02068,"Denali Borough, AK",2018,281002.0
 02070,"Dillingham Census Area, AK",2018,286004.0
 02090,"Fairbanks North Star Borough, AK",2018,5834518.0
 02100,"Haines Borough, AK",2018,121669.0
 02105,"Hoonah-Angoon Census Area, AK*",2018,95536.0
 02110,"Juneau City and Borough, AK",2018,2530923.0
 02122,"Kenai Peninsula Borough, AK",2018,2721015.0
 02130,"Ketchikan Gateway Borough, AK*",2018,949261.0
 02150,"Kodiak Island Borough, AK",2018,819182.0
 02158,"Kusilvak Census Area, AK*",2018,162817.0
 02164,"Lake and Peninsula Borough, AK",2018,102181.0
 02170,"Matanuska-Susitna Borough, AK",2018,2769885.0
 02180,"Nome Census Area, AK",2018,463910.0
 02185,"North Slope Borough, AK",2018,6846658.0
 02188,"Northwest Arctic Borough, AK",2018,644852.0
 02195,"Petersburg Borough, AK*",2018,181542.0
 02198,"Prince of Wales-Hyder Census Area, AK*",2018,265621.0
 02201,"Prince of Wales-Outer Ketchikan Census Area, AK*",2018,
 02220,"Sitka City and Borough, AK",2018,511699.0
 02230,"Skagway Municipality, AK*",2018,99553.0
 02232,"Skagway-Hoonah-Angoon Census Area, AK*",2018,
 02240,"Southeast Fairbanks Census Area, AK",2018,624189.0
 02261,"Valdez-Cordova Census Area, AK*",2018,2182658.0
 02275,"Wrangell City and Borough, AK*",2018,101069.0
 02280,"Wrangell-Petersburg Census Area, AK*",2018,
 02282,"Yakutat City and Borough, AK*",2018,29992.0
 02290,"Yukon-Koyukuk Census Area, AK",2018,308186.0
 04000,Arizona,2018,353670978.0
 04001,"Apache, AZ",2018,2752407.0
 04003,"Cochise, AZ",2018,4703080.0
 04005,"Coconino, AZ",2018,8077292.0
 04007,"Gila, AZ",2018,1713503.0
 04009,"Graham, AZ",2018,1020464.0
 04011,"Greenlee, AZ",2018,1362416.0
 04012,"La Paz, AZ",2018,679289.0
 04013,"Maricopa, AZ",2018,253570040.0
 04015,"Mohave, AZ",2018,5569874.0
 04017,"Navajo, AZ",2018,3117312.0
 04019,"Pima, AZ",2018,44785905.0
 04021,"Pinal, AZ",2018,9153348.0
 04023,"Santa Cruz, AZ",2018,2010864.0
 04025,"Yavapai, AZ",2018,7525710.0
 04027,"Yuma, AZ",2018,7629476.0
 05000,Arkansas,2018,129213792.0
 05001,"Arkansas, AR",2018,1032654.0
 05003,"Ashley, AR",2018,847134.0
 05005,"Baxter, AR",2018,1539567.0
 05007,"Benton, AR",2018,15365798.0
 05009,"Boone, AR",2018,1353987.0
 05011,"Bradley, AR",2018,358227.0
 05013,"Calhoun, AR",2018,340369.0
 05015,"Carroll, AR",2018,859304.0
 05017,"Chicot, AR",2018,268517.0
 05019,"Clark, AR",2018,839427.0
 05021,"Clay, AR",2018,346214.0
 05023,"Cleburne, AR",2018,630635.0
 05025,"Cleveland, AR",2018,148757.0
 05027,"Columbia, AR",2018,944675.0
 05029,"Conway, AR",2018,711610.0
 05031,"Craighead, AR",2018,4761145.0
 05033,"Crawford, AR",2018,1742622.0
 05035,"Crittenden, AR",2018,1822847.0
 05037,"Cross, AR",2018,440236.0
 05039,"Dallas, AR",2018,236698.0
 05041,"Desha, AR",2018,520213.0
 05043,"Drew, AR",2018,623299.0
 05045,"Faulkner, AR",2018,3962761.0
 05047,"Franklin, AR",2018,436060.0
 05049,"Fulton, AR",2018,186990.0
 05051,"Garland, AR",2018,3448231.0
 05053,"Grant, AR",2018,415168.0
 05055,"Greene, AR",2018,1419558.0
 05057,"Hempstead, AR",2018,988120.0
 05059,"Hot Spring, AR",2018,1069667.0
 05061,"Howard, AR",2018,659839.0
 05063,"Independence, AR",2018,1985173.0
 05065,"Izard, AR",2018,294557.0
 05067,"Jackson, AR",2018,696776.0
 05069,"Jefferson, AR",2018,3124116.0
 05071,"Johnson, AR",2018,700630.0
 05073,"Lafayette, AR",2018,140544.0
 05075,"Lawrence, AR",2018,449065.0
 05077,"Lee, AR",2018,173974.0
 05079,"Lincoln, AR",2018,250909.0
 05081,"Little River, AR",2018,481860.0
 05083,"Logan, AR",2018,515412.0
 05085,"Lonoke, AR",2018,1373085.0
 05087,"Madison, AR",2018,395324.0
 05089,"Marion, AR",2018,497010.0
 05091,"Miller, AR",2018,1358854.0
 05093,"Mississippi, AR",2018,2614352.0
 05095,"Monroe, AR",2018,185260.0
 05097,"Montgomery, AR",2018,146848.0
 05099,"Nevada, AR",2018,263861.0
 05101,"Newton, AR",2018,105297.0
 05103,"Ouachita, AR",2018,647245.0
 05105,"Perry, AR",2018,159270.0
 05107,"Phillips, AR",2018,516395.0
 05109,"Pike, AR",2018,263249.0
 05111,"Poinsett, AR",2018,573681.0
 05113,"Polk, AR",2018,557133.0
 05115,"Pope, AR",2018,2910784.0
 05117,"Prairie, AR",2018,190708.0
 05119,"Pulaski, AR",2018,29334348.0
 05121,"Randolph, AR",2018,491709.0
 05123,"St. Francis, AR",2018,728822.0
 05125,"Saline, AR",2018,2685753.0
 05127,"Scott, AR",2018,297593.0
 05129,"Searcy, AR",2018,175449.0
 05131,"Sebastian, AR",2018,6785353.0
 05133,"Sevier, AR",2018,512934.0
 05135,"Sharp, AR",2018,372881.0
 05137,"Stone, AR",2018,251803.0
 05139,"Union, AR",2018,2503195.0
 05141,"Van Buren, AR",2018,380730.0
 05143,"Washington, AR",2018,11704089.0
 05145,"White, AR",2018,2248592.0
 05147,"Woodruff, AR",2018,230926.0
 05149,"Yell, AR",2018,617911.0
 06000,California,2018,2899530864.0
 06001,"Alameda, CA",2018,137388106.0
 06003,"Alpine, CA",2018,118346.0
 06005,"Amador, CA",2018,1668518.0
 06007,"Butte, CA",2018,9461545.0
 06009,"Calaveras, CA",2018,1389165.0
 06011,"Colusa, CA",2018,1513533.0
 06013,"Contra Costa, CA",2018,79773547.0
 06015,"Del Norte, CA",2018,804348.0
 06017,"El Dorado, CA",2018,8425401.0
 06019,"Fresno, CA",2018,44516333.0
 06021,"Glenn, CA",2018,1127814.0
 06023,"Humboldt, CA",2018,5590871.0
 06025,"Imperial, CA",2018,8099883.0
 06027,"Inyo, CA",2018,1195606.0
 06029,"Kern, CA",2018,45646364.0
 06031,"Kings, CA",2018,6425036.0
 06033,"Lake, CA",2018,1987652.0
 06035,"Lassen, CA",2018,1192986.0
 06037,"Los Angeles, CA",2018,755372387.0
 06039,"Madera, CA",2018,6077794.0
 06041,"Marin, CA",2018,28562594.0
 06043,"Mariposa, CA",2018,739515.0
 06045,"Mendocino, CA",2018,3631514.0
 06047,"Merced, CA",2018,9225402.0
 06049,"Modoc, CA",2018,370240.0
 06051,"Mono, CA",2018,981960.0
 06053,"Monterey, CA",2018,27182017.0
 06055,"Napa, CA",2018,11212869.0
 06057,"Nevada, CA",2018,4382323.0
 06059,"Orange, CA",2018,256068837.0
 06061,"Placer, CA",2018,23846050.0
 06063,"Plumas, CA",2018,949496.0
 06065,"Riverside, CA",2018,89364658.0
 06067,"Sacramento, CA",2018,92385700.0
 06069,"San Benito, CA",2018,2241526.0
 06071,"San Bernardino, CA",2018,91882188.0
 06073,"San Diego, CA",2018,234685540.0
 06075,"San Francisco, CA",2018,189220774.0
 06077,"San Joaquin, CA",2018,30921302.0
 06079,"San Luis Obispo, CA",2018,17594844.0
 06081,"San Mateo, CA",2018,134576775.0
 06083,"Santa Barbara, CA",2018,28963583.0
 06085,"Santa Clara, CA",2018,301321537.0
 06087,"Santa Cruz, CA",2018,14614086.0
 06089,"Shasta, CA",2018,8077936.0
 06091,"Sierra, CA",2018,97089.0
 06093,"Siskiyou, CA",2018,1675270.0
 06095,"Solano, CA",2018,26610754.0
 06097,"Sonoma, CA",2018,30752760.0
 06099,"Stanislaus, CA",2018,23175414.0
 06101,"Sutter, CA",2018,3555970.0
 06103,"Tehama, CA",2018,1968880.0
 06105,"Trinity, CA",2018,410300.0
 06107,"Tulare, CA",2018,17860731.0
 06109,"Tuolumne, CA",2018,2449082.0
 06111,"Ventura, CA",2018,51701976.0
 06113,"Yolo, CA",2018,15226633.0
 06115,"Yuba, CA",2018,3267505.0
 08000,Colorado,2018,373923074.0
 08001,"Adams, CO*",2018,27591876.0
 08003,"Alamosa, CO",2018,702985.0
 08005,"Arapahoe, CO",2018,48596586.0
 08007,"Archuleta, CO",2018,527433.0
 08009,"Baca, CO",2018,136847.0
 08011,"Bent, CO",2018,138748.0
 08013,"Boulder, CO*",2018,27504859.0
 08014,"Broomfield, CO*",2018,6917703.0
 08015,"Chaffee, CO",2018,803020.0
 08017,"Cheyenne, CO",2018,151376.0
 08019,"Clear Creek, CO",2018,436871.0
 08021,"Conejos, CO",2018,209505.0
 08023,"Costilla, CO",2018,90110.0
 08025,"Crowley, CO",2018,130125.0
 08027,"Custer, CO",2018,129213.0
 08029,"Delta, CO",2018,835667.0
 08031,"Denver, CO",2018,78077723.0
 08033,"Dolores, CO",2018,124991.0
 08035,"Douglas, CO",2018,19464407.0
 08037,"Eagle, CO",2018,4290341.0
 08039,"Elbert, CO",2018,649255.0
 08041,"El Paso, CO",2018,36029837.0
 08043,"Fremont, CO",2018,1450983.0
 08045,"Garfield, CO",2018,3887645.0
 08047,"Gilpin, CO",2018,644056.0
 08049,"Grand, CO",2018,995270.0
 08051,"Gunnison, CO",2018,1108728.0
 08053,"Hinsdale, CO",2018,40359.0
 08055,"Huerfano, CO",2018,231306.0
 08057,"Jackson, CO",2018,133074.0
 08059,"Jefferson, CO*",2018,32646886.0
 08061,"Kiowa, CO",2018,52353.0
 08063,"Kit Carson, CO",2018,297009.0
 08065,"Lake, CO",2018,283635.0
 08067,"La Plata, CO",2018,3355151.0
 08069,"Larimer, CO",2018,19835969.0
 08071,"Las Animas, CO",2018,573882.0
 08073,"Lincoln, CO",2018,369010.0
 08075,"Logan, CO",2018,1026585.0
 08077,"Mesa, CO",2018,6815501.0
 08079,"Mineral, CO",2018,60151.0
 08081,"Moffat, CO",2018,1000022.0
 08083,"Montezuma, CO",2018,1517073.0
 08085,"Montrose, CO",2018,1585873.0
 08087,"Morgan, CO",2018,1601959.0
 08089,"Otero, CO",2018,566017.0
 08091,"Ouray, CO",2018,199287.0
 08093,"Park, CO",2018,406702.0
 08095,"Phillips, CO",2018,190378.0
 08097,"Pitkin, CO",2018,2448243.0
 08099,"Prowers, CO",2018,507179.0
 08101,"Pueblo, CO",2018,6328260.0
 08103,"Rio Blanco, CO",2018,598820.0
 08105,"Rio Grande, CO",2018,460338.0
 08107,"Routt, CO",2018,1966425.0
 08109,"Saguache, CO",2018,194928.0
 08111,"San Juan, CO",2018,35737.0
 08113,"San Miguel, CO",2018,640926.0
 08115,"Sedgwick, CO",2018,69626.0
 08117,"Summit, CO",2018,2746007.0
 08119,"Teller, CO",2018,932251.0
 08121,"Washington, CO",2018,141127.0
 08123,"Weld, CO*",2018,21993338.0
 08125,"Yuma, CO",2018,445526.0
 09000,Connecticut,2018,280535397.0
 09001,"Fairfield, CT",2018,93080042.0
 09003,"Hartford, CT",2018,87497694.0
 09005,"Litchfield, CT",2018,8323196.0
 09007,"Middlesex, CT",2018,9914394.0
 09009,"New Haven, CT",2018,51723181.0
 09011,"New London, CT",2018,19652147.0
 09013,"Tolland, CT",2018,5522989.0
 09015,"Windham, CT",2018,4821753.0
 10000,Delaware,2018,73376041.0
 10001,"Kent, DE",2018,7983420.0
 10003,"New Castle, DE",2018,52317184.0
 10005,"Sussex, DE",2018,13075436.0
 11000,District of Columbia,2018,141240175.0
 11001,"District of Columbia, DC",2018,141240175.0
 12000,Florida,2018,1072085590.0
 12001,"Alachua, FL",2018,14001228.0
 12003,"Baker, FL",2018,665208.0
 12005,"Bay, FL",2018,8777267.0
 12007,"Bradford, FL",2018,679819.0
 12009,"Brevard, FL",2018,25627608.0
 12011,"Broward, FL",2018,109860494.0
 12013,"Calhoun, FL",2018,275910.0
 12015,"Charlotte, FL",2018,5468927.0
 12017,"Citrus, FL",2018,3983181.0
 12019,"Clay, FL",2018,5521191.0
 12021,"Collier, FL",2018,20048142.0
 12023,"Columbia, FL",2018,2312017.0
 12027,"DeSoto, FL",2018,914976.0
 12029,"Dixie, FL",2018,283345.0
 12031,"Duval, FL",2018,66041407.0
 12033,"Escambia, FL",2018,16095969.0
 12035,"Flagler, FL",2018,2791934.0
 12037,"Franklin, FL",2018,354071.0
 12039,"Gadsden, FL",2018,1247734.0
 12041,"Gilchrist, FL",2018,348228.0
 12043,"Glades, FL",2018,294082.0
 12045,"Gulf, FL",2018,398169.0
 12047,"Hamilton, FL",2018,541732.0
 12049,"Hardee, FL",2018,983631.0
 12051,"Hendry, FL",2018,1259648.0
 12053,"Hernando, FL",2018,4320015.0
 12055,"Highlands, FL",2018,2461088.0
 12057,"Hillsborough, FL",2018,92663728.0
 12059,"Holmes, FL",2018,353110.0
 12061,"Indian River, FL",2018,6804884.0
 12063,"Jackson, FL",2018,1351818.0
 12065,"Jefferson, FL",2018,246532.0
 12067,"Lafayette, FL",2018,157667.0
 12069,"Lake, FL",2018,10131832.0
 12071,"Lee, FL",2018,33250829.0
 12073,"Leon, FL",2018,15307897.0
 12075,"Levy, FL",2018,933443.0
 12077,"Liberty, FL",2018,186279.0
 12079,"Madison, FL",2018,446650.0
 12081,"Manatee, FL",2018,15185098.0
 12083,"Marion, FL",2018,10380620.0
 12085,"Martin, FL",2018,7911448.0
 12086,"Miami-Dade, FL",2018,170148256.0
 12087,"Monroe, FL",2018,5065040.0
 12089,"Nassau, FL",2018,2758388.0
 12091,"Okaloosa, FL",2018,12048174.0
 12093,"Okeechobee, FL",2018,1167744.0
 12095,"Orange, FL",2018,100260013.0
 12097,"Osceola, FL",2018,11073517.0
 12099,"Palm Beach, FL",2018,87313846.0
 12101,"Pasco, FL",2018,13307846.0
 12103,"Pinellas, FL",2018,50922657.0
 12105,"Polk, FL",2018,27092267.0
 12107,"Putnam, FL",2018,2235891.0
 12109,"St. Johns, FL",2018,9811847.0
 12111,"St. Lucie, FL",2018,9781587.0
 12113,"Santa Rosa, FL",2018,4831672.0
 12115,"Sarasota, FL",2018,21706283.0
 12117,"Seminole, FL",2018,22432925.0
 12119,"Sumter, FL",2018,3477287.0
 12121,"Suwannee, FL",2018,1272327.0
 12123,"Taylor, FL",2018,795115.0
 12125,"Union, FL",2018,319162.0
 12127,"Volusia, FL",2018,18819707.0
 12129,"Wakulla, FL",2018,729539.0
 12131,"Walton, FL",2018,3270568.0
 12133,"Washington, FL",2018,575078.0
 13000,Georgia,2018,612803388.0
 13001,"Appling, GA",2018,1514089.0
 13003,"Atkinson, GA",2018,243289.0
 13005,"Bacon, GA",2018,363512.0
 13007,"Baker, GA",2018,70014.0
 13009,"Baldwin, GA",2018,1371237.0
 13011,"Banks, GA",2018,436657.0
 13013,"Barrow, GA",2018,2289293.0
 13015,"Bartow, GA",2018,5106864.0
 13017,"Ben Hill, GA",2018,564438.0
 13019,"Berrien, GA",2018,393406.0
 13021,"Bibb, GA",2018,8659577.0
 13023,"Bleckley, GA",2018,235248.0
 13025,"Brantley, GA",2018,262725.0
 13027,"Brooks, GA",2018,332860.0
 13029,"Bryan, GA",2018,1047501.0
 13031,"Bulloch, GA",2018,2504133.0
 13033,"Burke, GA",2018,2731430.0
 13035,"Butts, GA",2018,661413.0
 13037,"Calhoun, GA",2018,118168.0
 13039,"Camden, GA",2018,1953709.0
 13043,"Candler, GA",2018,266899.0
 13045,"Carroll, GA",2018,4777300.0
 13047,"Catoosa, GA",2018,1552546.0
 13049,"Charlton, GA",2018,202794.0
 13051,"Chatham, GA",2018,18965500.0
 13053,"Chattahoochee, GA",2018,1651677.0
 13055,"Chattooga, GA",2018,617273.0
 13057,"Cherokee, GA",2018,7966261.0
 13059,"Clarke, GA",2018,8211279.0
 13061,"Clay, GA",2018,75801.0
 13063,"Clayton, GA",2018,19001733.0
 13065,"Clinch, GA",2018,228338.0
 13067,"Cobb, GA",2018,56080517.0
 13069,"Coffee, GA",2018,1546567.0
 13071,"Colquitt, GA",2018,1493936.0
 13073,"Columbia, GA",2018,4282315.0
 13075,"Cook, GA",2018,391545.0
 13077,"Coweta, GA",2018,4745044.0
 13079,"Crawford, GA",2018,164106.0
 13081,"Crisp, GA",2018,864753.0
 13083,"Dade, GA",2018,413597.0
 13085,"Dawson, GA",2018,894251.0
 13087,"Decatur, GA",2018,827597.0
 13089,"DeKalb, GA",2018,42577298.0
 13091,"Dodge, GA",2018,421507.0
 13093,"Dooly, GA",2018,406377.0
 13095,"Dougherty, GA",2018,4573352.0
 13097,"Douglas, GA",2018,4786210.0
 13099,"Early, GA",2018,508111.0
 13101,"Echols, GA",2018,43230.0
 13103,"Effingham, GA",2018,1991178.0
 13105,"Elbert, GA",2018,650048.0
 13107,"Emanuel, GA",2018,669202.0
 13109,"Evans, GA",2018,401907.0
 13111,"Fannin, GA",2018,792597.0
 13113,"Fayette, GA",2018,5364498.0
 13115,"Floyd, GA",2018,4234557.0
 13117,"Forsyth, GA",2018,10217959.0
 13119,"Franklin, GA",2018,966807.0
 13121,"Fulton, GA",2018,179142970.0
 13123,"Gilmer, GA",2018,907239.0
 13125,"Glascock, GA",2018,33934.0
 13127,"Glynn, GA",2018,4289779.0
 13129,"Gordon, GA",2018,2280084.0
 13131,"Grady, GA",2018,623650.0
 13133,"Greene, GA",2018,787230.0
 13135,"Gwinnett, GA",2018,49881382.0
 13137,"Habersham, GA",2018,1531205.0
 13139,"Hall, GA",2018,11240762.0
 13141,"Hancock, GA",2018,168787.0
 13143,"Haralson, GA",2018,851084.0
 13145,"Harris, GA",2018,577465.0
 13147,"Hart, GA",2018,901584.0
 13149,"Heard, GA",2018,1139627.0
 13151,"Henry, GA",2018,6723960.0
 13153,"Houston, GA",2018,7037729.0
 13155,"Irwin, GA",2018,201057.0
 13157,"Jackson, GA",2018,3320725.0
 13159,"Jasper, GA",2018,272809.0
 13161,"Jeff Davis, GA",2018,398216.0
 13163,"Jefferson, GA",2018,520712.0
 13165,"Jenkins, GA",2018,140928.0
 13167,"Johnson, GA",2018,135223.0
 13169,"Jones, GA",2018,449581.0
 13171,"Lamar, GA",2018,413654.0
 13173,"Lanier, GA",2018,137337.0
 13175,"Laurens, GA",2018,1835630.0
 13177,"Lee, GA",2018,665834.0
 13179,"Liberty, GA",2018,3757669.0
 13181,"Lincoln, GA",2018,134190.0
 13183,"Long, GA",2018,184558.0
 13185,"Lowndes, GA",2018,5145383.0
 13187,"Lumpkin, GA",2018,817207.0
 13189,"McDuffie, GA",2018,628404.0
 13191,"McIntosh, GA",2018,269861.0
 13193,"Macon, GA",2018,435342.0
 13195,"Madison, GA",2018,559306.0
 13197,"Marion, GA",2018,119995.0
 13199,"Meriwether, GA",2018,629237.0
 13201,"Miller, GA",2018,205884.0
 13205,"Mitchell, GA",2018,714390.0
 13207,"Monroe, GA",2018,1735871.0
 13209,"Montgomery, GA",2018,155365.0
 13211,"Morgan, GA",2018,822681.0
 13213,"Murray, GA",2018,1228646.0
 13215,"Muscogee, GA",2018,10893867.0
 13217,"Newton, GA",2018,3036863.0
 13219,"Oconee, GA",2018,1473849.0
 13221,"Oglethorpe, GA",2018,330367.0
 13223,"Paulding, GA",2018,3030056.0
 13225,"Peach, GA",2018,893060.0
 13227,"Pickens, GA",2018,1052324.0
 13229,"Pierce, GA",2018,428454.0
 13231,"Pike, GA",2018,326433.0
 13233,"Polk, GA",2018,1208925.0
 13235,"Pulaski, GA",2018,306532.0
 13237,"Putnam, GA",2018,547279.0
 13239,"Quitman, GA",2018,42515.0
 13241,"Rabun, GA",2018,537067.0
 13243,"Randolph, GA",2018,181833.0
 13245,"Richmond, GA",2018,12609680.0
 13247,"Rockdale, GA",2018,4015527.0
 13249,"Schley, GA",2018,120621.0
 13251,"Screven, GA",2018,341760.0
 13253,"Seminole, GA",2018,288835.0
 13255,"Spalding, GA",2018,2101655.0
 13257,"Stephens, GA",2018,901272.0
 13259,"Stewart, GA",2018,125354.0
 13261,"Sumter, GA",2018,1057408.0
 13263,"Talbot, GA",2018,146295.0
 13265,"Taliaferro, GA",2018,28693.0
 13267,"Tattnall, GA",2018,664435.0
 13269,"Taylor, GA",2018,215423.0
 13271,"Telfair, GA",2018,325310.0
 13273,"Terrell, GA",2018,224553.0
 13275,"Thomas, GA",2018,2183396.0
 13277,"Tift, GA",2018,1922729.0
 13279,"Toombs, GA",2018,993118.0
 13281,"Towns, GA",2018,362824.0
 13283,"Treutlen, GA",2018,103567.0
 13285,"Troup, GA",2018,3558266.0
 13287,"Turner, GA",2018,195498.0
 13289,"Twiggs, GA",2018,276174.0
 13291,"Union, GA",2018,808512.0
 13293,"Upson, GA",2018,693423.0
 13295,"Walker, GA",2018,1468968.0
 13297,"Walton, GA",2018,2625862.0
 13299,"Ware, GA",2018,1501530.0
 13301,"Warren, GA",2018,163002.0
 13303,"Washington, GA",2018,627374.0
 13305,"Wayne, GA",2018,867900.0
 13307,"Webster, GA",2018,55909.0
 13309,"Wheeler, GA",2018,106727.0
 13311,"White, GA",2018,853193.0
 13313,"Whitfield, GA",2018,5742823.0
 13315,"Wilcox, GA",2018,153045.0
 13317,"Wilkes, GA",2018,358205.0
 13319,"Wilkinson, GA",2018,525398.0
 13321,"Worth, GA",2018,359504.0
 15000,Hawaii,2018,90933522.0
 15001,"Hawaii, HI",2018,8744269.0
 15003,"Honolulu, HI",2018,67609726.0
 15007,"Kauai, HI",2018,4154940.0
 15901,"Maui + Kalawao, HI*",2018,10424586.0
 16000,Idaho,2018,79072367.0
 16001,"Ada, ID",2018,28101176.0
 16003,"Adams, ID",2018,117252.0
 16005,"Bannock, ID",2018,2862163.0
 16007,"Bear Lake, ID",2018,173164.0
 16009,"Benewah, ID",2018,346985.0
 16011,"Bingham, ID",2018,1315714.0
 16013,"Blaine, ID",2018,1577388.0
 16015,"Boise, ID",2018,161145.0
 16017,"Bonner, ID",2018,1552689.0
 16019,"Bonneville, ID",2018,6377527.0
 16021,"Boundary, ID",2018,375996.0
 16023,"Butte, ID",2018,1089989.0
 16025,"Camas, ID",2018,68975.0
 16027,"Canyon, ID",2018,6341086.0
 16029,"Caribou, ID",2018,612924.0
 16031,"Cassia, ID",2018,1534808.0
 16033,"Clark, ID",2018,47638.0
 16035,"Clearwater, ID",2018,336171.0
 16037,"Custer, ID",2018,163708.0
 16039,"Elmore, ID",2018,1279017.0
 16041,"Franklin, ID",2018,362155.0
 16043,"Fremont (includes Yellowstone Park), ID",2018,375283.0
 16045,"Gem, ID",2018,409323.0
 16047,"Gooding, ID",2018,1092346.0
 16049,"Idaho, ID",2018,429607.0
 16051,"Jefferson, ID",2018,798049.0
 16053,"Jerome, ID",2018,1188300.0
 16055,"Kootenai, ID",2018,6591515.0
 16057,"Latah, ID",2018,1389053.0
 16059,"Lemhi, ID",2018,247364.0
 16061,"Lewis, ID",2018,148757.0
 16063,"Lincoln, ID",2018,255796.0
 16065,"Madison, ID",2018,1269160.0
 16067,"Minidoka, ID",2018,793221.0
 16069,"Nez Perce, ID",2018,2019790.0
 16071,"Oneida, ID",2018,130639.0
 16073,"Owyhee, ID",2018,397901.0
 16075,"Payette, ID",2018,792362.0
 16077,"Power, ID",2018,428976.0
 16079,"Shoshone, ID",2018,487471.0
 16081,"Teton, ID",2018,348827.0
 16083,"Twin Falls, ID",2018,3741425.0
 16085,"Valley, ID",2018,493954.0
 16087,"Washington, ID",2018,445580.0
 17000,Illinois,2018,871024222.0
 17001,"Adams, IL",2018,3565474.0
 17003,"Alexander, IL",2018,156944.0
 17005,"Bond, IL",2018,586517.0
 17007,"Boone, IL",2018,1966194.0
 17009,"Brown, IL",2018,512010.0
 17011,"Bureau, IL",2018,1233474.0
 17013,"Calhoun, IL",2018,100488.0
 17015,"Carroll, IL",2018,530826.0
 17017,"Cass, IL",2018,632388.0
 17019,"Champaign, IL",2018,11217389.0
 17021,"Christian, IL",2018,1579669.0
 17023,"Clark, IL",2018,524173.0
 17025,"Clay, IL",2018,608777.0
 17027,"Clinton, IL",2018,1111256.0
 17029,"Coles, IL",2018,2485190.0
 17031,"Cook, IL",2018,416928913.0
 17033,"Crawford, IL",2018,1476892.0
 17035,"Cumberland, IL",2018,1085356.0
 17037,"DeKalb, IL",2018,4244568.0
 17039,"De Witt, IL",2018,1150871.0
 17041,"Douglas, IL",2018,1025433.0
 17043,"DuPage, IL",2018,96266870.0
 17045,"Edgar, IL",2018,828087.0
 17047,"Edwards, IL",2018,306571.0
 17049,"Effingham, IL",2018,2122074.0
 17051,"Fayette, IL",2018,594440.0
 17053,"Ford, IL",2018,676880.0
 17055,"Franklin, IL",2018,1116752.0
 17057,"Fulton, IL",2018,956340.0
 17059,"Gallatin, IL",2018,163940.0
 17061,"Greene, IL",2018,310461.0
 17063,"Grundy, IL",2018,4135900.0
 17065,"Hamilton, IL",2018,369824.0
 17067,"Hancock, IL",2018,531416.0
 17069,"Hardin, IL",2018,82065.0
 17071,"Henderson, IL",2018,161210.0
 17073,"Henry, IL",2018,1465148.0
 17075,"Iroquois, IL",2018,1024672.0
 17077,"Jackson, IL",2018,2635369.0
 17079,"Jasper, IL",2018,442885.0
 17081,"Jefferson, IL",2018,1965856.0
 17083,"Jersey, IL",2018,495038.0
 17085,"Jo Daviess, IL",2018,806136.0
 17087,"Johnson, IL",2018,239560.0
 17089,"Kane, IL",2018,28090820.0
 17091,"Kankakee, IL",2018,6477395.0
 17093,"Kendall, IL",2018,3740176.0
 17095,"Knox, IL",2018,1804432.0
 17097,"Lake, IL",2018,64182547.0
 17099,"LaSalle, IL",2018,5921394.0
 17101,"Lawrence, IL",2018,558106.0
 17103,"Lee, IL",2018,1551364.0
 17105,"Livingston, IL",2018,1855820.0
 17107,"Logan, IL",2018,1013637.0
 17109,"McDonough, IL",2018,1173596.0
 17111,"McHenry, IL",2018,12001699.0
 17113,"McLean, IL",2018,14956898.0
 17115,"Macon, IL",2018,6835100.0
 17117,"Macoupin, IL",2018,1216945.0
 17119,"Madison, IL",2018,12519496.0
 17121,"Marion, IL",2018,1387088.0
 17123,"Marshall, IL",2018,387953.0
 17125,"Mason, IL",2018,544493.0
 17127,"Massac, IL",2018,653615.0
 17129,"Menard, IL",2018,238145.0
 17131,"Mercer, IL",2018,392378.0
 17133,"Monroe, IL",2018,929587.0
 17135,"Montgomery, IL",2018,1262630.0
 17137,"Morgan, IL",2018,1559454.0
 17139,"Moultrie, IL",2018,789286.0
 17141,"Ogle, IL",2018,2723495.0
 17143,"Peoria, IL",2018,13584103.0
 17145,"Perry, IL",2018,616713.0
 17147,"Piatt, IL",2018,489899.0
 17149,"Pike, IL",2018,532931.0
 17151,"Pope, IL",2018,63586.0
 17153,"Pulaski, IL",2018,216096.0
 17155,"Putnam, IL",2018,376339.0
 17157,"Randolph, IL",2018,1529758.0
 17159,"Richland, IL",2018,596655.0
 17161,"Rock Island, IL",2018,10380906.0
 17163,"St. Clair, IL",2018,12307601.0
 17165,"Saline, IL",2018,819049.0
 17167,"Sangamon, IL",2018,11632374.0
 17169,"Schuyler, IL",2018,241690.0
 17171,"Scott, IL",2018,150831.0
 17173,"Shelby, IL",2018,723334.0
 17175,"Stark, IL",2018,206857.0
 17177,"Stephenson, IL",2018,1755900.0
 17179,"Tazewell, IL",2018,6442118.0
 17181,"Union, IL",2018,430153.0
 17183,"Vermilion, IL",2018,3278136.0
 17185,"Wabash, IL",2018,353221.0
 17187,"Warren, IL",2018,804400.0
 17189,"Washington, IL",2018,982886.0
 17191,"Wayne, IL",2018,454352.0
 17193,"White, IL",2018,503241.0
 17195,"Whiteside, IL",2018,2114111.0
 17197,"Will, IL",2018,35534162.0
 17199,"Williamson, IL",2018,2993203.0
 17201,"Winnebago, IL",2018,14584833.0
 17203,"Woodford, IL",2018,1136938.0
 18000,Indiana,2018,377376881.0
 18001,"Adams, IN",2018,1769020.0
 18003,"Allen, IN",2018,22189169.0
 18005,"Bartholomew, IN",2018,6882839.0
 18007,"Benton, IN",2018,427520.0
 18009,"Blackford, IN",2018,351465.0
 18011,"Boone, IN",2018,3398047.0
 18013,"Brown, IN",2018,308715.0
 18015,"Carroll, IN",2018,671728.0
 18017,"Cass, IN",2018,1407481.0
 18019,"Clark, IN",2018,5617220.0
 18021,"Clay, IN",2018,808710.0
 18023,"Clinton, IN",2018,1547022.0
 18025,"Crawford, IN",2018,199715.0
 18027,"Daviess, IN",2018,1335665.0
 18029,"Dearborn, IN",2018,1760700.0
 18031,"Decatur, IN",2018,1710017.0
 18033,"DeKalb, IN",2018,2606919.0
 18035,"Delaware, IN",2018,4185237.0
 18037,"Dubois, IN",2018,2877700.0
 18039,"Elkhart, IN",2018,16645083.0
 18041,"Fayette, IN",2018,593730.0
 18043,"Floyd, IN",2018,3066057.0
 18045,"Fountain, IN",2018,480029.0
 18047,"Franklin, IN",2018,561724.0
 18049,"Fulton, IN",2018,704914.0
 18051,"Gibson, IN",2018,3617795.0
 18053,"Grant, IN",2018,2526722.0
 18055,"Greene, IN",2018,667397.0
 18057,"Hamilton, IN",2018,20488514.0
 18059,"Hancock, IN",2018,3018312.0
 18061,"Harrison, IN",2018,1189470.0
 18063,"Hendricks, IN",2018,7161675.0
 18065,"Henry, IN",2018,1390045.0
 18067,"Howard, IN",2018,4417242.0
 18069,"Huntington, IN",2018,1474438.0
 18071,"Jackson, IN",2018,2397524.0
 18073,"Jasper, IN",2018,1610857.0
 18075,"Jay, IN",2018,984760.0
 18077,"Jefferson, IN",2018,1552287.0
 18079,"Jennings, IN",2018,749606.0
 18081,"Johnson, IN",2018,5564597.0
 18083,"Knox, IN",2018,1923456.0
 18085,"Kosciusko, IN",2018,5485588.0
 18087,"Lagrange, IN",2018,2019255.0
 18089,"Lake, IN",2018,25385493.0
 18091,"LaPorte, IN",2018,4378771.0
 18093,"Lawrence, IN",2018,1399615.0
 18095,"Madison, IN",2018,3922665.0
 18097,"Marion, IN",2018,94787749.0
 18099,"Marshall, IN",2018,1722329.0
 18101,"Martin, IN",2018,1065777.0
 18103,"Miami, IN",2018,1006114.0
 18105,"Monroe, IN",2018,7300572.0
 18107,"Montgomery, IN",2018,1718663.0
 18109,"Morgan, IN",2018,1763269.0
 18111,"Newton, IN",2018,341474.0
 18113,"Noble, IN",2018,1984522.0
 18115,"Ohio, IN",2018,135102.0
 18117,"Orange, IN",2018,757082.0
 18119,"Owen, IN",2018,526027.0
 18121,"Parke, IN",2018,341472.0
 18123,"Perry, IN",2018,782229.0
 18125,"Pike, IN",2018,701817.0
 18127,"Porter, IN",2018,8087959.0
 18129,"Posey, IN",2018,3141900.0
 18131,"Pulaski, IN",2018,611797.0
 18133,"Putnam, IN",2018,1169513.0
 18135,"Randolph, IN",2018,785709.0
 18137,"Ripley, IN",2018,1160966.0
 18139,"Rush, IN",2018,632858.0
 18141,"St. Joseph, IN",2018,14557794.0
 18143,"Scott, IN",2018,737924.0
 18145,"Shelby, IN",2018,2080309.0
 18147,"Spencer, IN",2018,1249164.0
 18149,"Starke, IN",2018,522120.0
 18151,"Steuben, IN",2018,1484983.0
 18153,"Sullivan, IN",2018,922480.0
 18155,"Switzerland, IN",2018,258230.0
 18157,"Tippecanoe, IN",2018,10591239.0
 18159,"Tipton, IN",2018,612920.0
 18161,"Union, IN",2018,149634.0
 18163,"Vanderburgh, IN",2018,11468143.0
 18165,"Vermillion, IN",2018,899984.0
 18167,"Vigo, IN",2018,4694701.0
 18169,"Wabash, IN",2018,1194648.0
 18171,"Warren, IN",2018,228905.0
 18173,"Warrick, IN",2018,2413140.0
 18175,"Washington, IN",2018,679866.0
 18177,"Wayne, IN",2018,2883759.0
 18179,"Wells, IN",2018,1175119.0
 18181,"White, IN",2018,1005265.0
 18183,"Whitley, IN",2018,1609142.0
 19000,Iowa,2018,193155082.0
 19001,"Adair, IA",2018,369589.0
 19003,"Adams, IA",2018,225048.0
 19005,"Allamakee, IA",2018,617692.0
 19007,"Appanoose, IA",2018,416034.0
 19009,"Audubon, IA",2018,268730.0
 19011,"Benton, IA",2018,859889.0
 19013,"Black Hawk, IA",2018,8102036.0
 19015,"Boone, IA",2018,1013440.0
 19017,"Bremer, IA",2018,1146034.0
 19019,"Buchanan, IA",2018,794097.0
 19021,"Buena Vista, IA",2018,1320272.0
 19023,"Butler, IA",2018,426862.0
 19025,"Calhoun, IA",2018,418348.0
 19027,"Carroll, IA",2018,1415635.0
 19029,"Cass, IA",2018,714890.0
 19031,"Cedar, IA",2018,628829.0
 19033,"Cerro Gordo, IA",2018,2560103.0
 19035,"Cherokee, IA",2018,719874.0
 19037,"Chickasaw, IA",2018,700634.0
 19039,"Clarke, IA",2018,451446.0
 19041,"Clay, IA",2018,1025404.0
 19043,"Clayton, IA",2018,893257.0
 19045,"Clinton, IA",2018,2373787.0
 19047,"Crawford, IA",2018,808446.0
 19049,"Dallas, IA",2018,5485330.0
 19051,"Davis, IA",2018,285410.0
 19053,"Decatur, IA",2018,228729.0
 19055,"Delaware, IA",2018,964650.0
 19057,"Des Moines, IA",2018,2326351.0
 19059,"Dickinson, IA",2018,999096.0
 19061,"Dubuque, IA",2018,6494713.0
 19063,"Emmet, IA",2018,407955.0
 19065,"Fayette, IA",2018,791818.0
 19067,"Floyd, IA",2018,891854.0
 19069,"Franklin, IA",2018,606362.0
 19071,"Fremont, IA",2018,270113.0
 19073,"Greene, IA",2018,488865.0
 19075,"Grundy, IA",2018,502678.0
 19077,"Guthrie, IA",2018,492302.0
 19079,"Hamilton, IA",2018,903464.0
 19081,"Hancock, IA",2018,851192.0
 19083,"Hardin, IA",2018,884688.0
 19085,"Harrison, IA",2018,448589.0
 19087,"Henry, IA",2018,956930.0
 19089,"Howard, IA",2018,462640.0
 19091,"Humboldt, IA",2018,456810.0
 19093,"Ida, IA",2018,544182.0
 19095,"Iowa, IA",2018,1136798.0
 19097,"Jackson, IA",2018,658911.0
 19099,"Jasper, IA",2018,1197246.0
 19101,"Jefferson, IA",2018,733345.0
 19103,"Johnson, IA",2018,9956797.0
 19105,"Jones, IA",2018,652090.0
 19107,"Keokuk, IA",2018,347866.0
 19109,"Kossuth, IA",2018,961627.0
 19111,"Lee, IA",2018,1839452.0
 19113,"Linn, IA",2018,17484713.0
 19115,"Louisa, IA",2018,702330.0
 19117,"Lucas, IA",2018,321036.0
 19119,"Lyon, IA",2018,934450.0
 19121,"Madison, IA",2018,441667.0
 19123,"Mahaska, IA",2018,959720.0
 19125,"Marion, IA",2018,2074959.0
 19127,"Marshall, IA",2018,1939623.0
 19129,"Mills, IA",2018,555370.0
 19131,"Mitchell, IA",2018,678415.0
 19133,"Monona, IA",2018,303161.0
 19135,"Monroe, IA",2018,434835.0
 19137,"Montgomery, IA",2018,432863.0
 19139,"Muscatine, IA",2018,2755050.0
 19141,"O'Brien, IA",2018,944735.0
 19143,"Osceola, IA",2018,453352.0
 19145,"Page, IA",2018,618681.0
 19147,"Palo Alto, IA",2018,611318.0
 19149,"Plymouth, IA",2018,1503645.0
 19151,"Pocahontas, IA",2018,535209.0
 19153,"Polk, IA",2018,44415393.0
 19155,"Pottawattamie, IA",2018,4620900.0
 19157,"Poweshiek, IA",2018,1119159.0
 19159,"Ringgold, IA",2018,192564.0
 19161,"Sac, IA",2018,538179.0
 19163,"Scott, IA",2018,9651781.0
 19165,"Shelby, IA",2018,713992.0
 19167,"Sioux, IA",2018,2654740.0
 19169,"Story, IA",2018,5688091.0
 19171,"Tama, IA",2018,619241.0
 19173,"Taylor, IA",2018,252493.0
 19175,"Union, IA",2018,644885.0
 19177,"Van Buren, IA",2018,242381.0
 19179,"Wapello, IA",2018,1722391.0
 19181,"Warren, IA",2018,1271260.0
 19183,"Washington, IA",2018,1225415.0
 19185,"Wayne, IA",2018,243725.0
 19187,"Webster, IA",2018,2142990.0
 19189,"Winnebago, IA",2018,438366.0
 19191,"Winneshiek, IA",2018,1001518.0
 19193,"Woodbury, IA",2018,5480065.0
 19195,"Worth, IA",2018,303214.0
 19197,"Wright, IA",2018,787978.0
 20000,Kansas,2018,173373004.0
 20001,"Allen, KS",2018,528530.0
 20003,"Anderson, KS",2018,247888.0
 20005,"Atchison, KS",2018,733008.0
 20007,"Barber, KS",2018,193529.0
 20009,"Barton, KS",2018,1224740.0
 20011,"Bourbon, KS",2018,671461.0
 20013,"Brown, KS",2018,581209.0
 20015,"Butler, KS",2018,2605607.0
 20017,"Chase, KS",2018,124704.0
 20019,"Chautauqua, KS",2018,73516.0
 20021,"Cherokee, KS",2018,777659.0
 20023,"Cheyenne, KS",2018,114817.0
 20025,"Clark, KS",2018,199795.0
 20027,"Clay, KS",2018,281373.0
 20029,"Cloud, KS",2018,375483.0
 20031,"Coffey, KS",2018,865554.0
 20033,"Comanche, KS",2018,56707.0
 20035,"Cowley, KS",2018,1408996.0
 20037,"Crawford, KS",2018,1809997.0
 20039,"Decatur, KS",2018,109367.0
 20041,"Dickinson, KS",2018,672727.0
 20043,"Doniphan, KS",2018,270741.0
 20045,"Douglas, KS",2018,5225762.0
 20047,"Edwards, KS",2018,174929.0
 20049,"Elk, KS",2018,80659.0
 20051,"Ellis, KS",2018,1591031.0
 20053,"Ellsworth, KS",2018,265211.0
 20055,"Finney, KS",2018,2311951.0
 20057,"Ford, KS",2018,2318820.0
 20059,"Franklin, KS",2018,918304.0
 20061,"Geary, KS",2018,3024858.0
 20063,"Gove, KS",2018,155390.0
 20065,"Graham, KS",2018,130777.0
 20067,"Grant, KS",2018,518812.0
 20069,"Gray, KS",2018,671584.0
 20071,"Greeley, KS",2018,144486.0
 20073,"Greenwood, KS",2018,160971.0
 20075,"Hamilton, KS",2018,224504.0
 20077,"Harper, KS",2018,268437.0
 20079,"Harvey, KS",2018,1333981.0
 20081,"Haskell, KS",2018,378186.0
 20083,"Hodgeman, KS",2018,122875.0
 20085,"Jackson, KS",2018,386491.0
 20087,"Jefferson, KS",2018,429996.0
 20089,"Jewell, KS",2018,108309.0
 20091,"Johnson, KS",2018,50185568.0
 20093,"Kearny, KS",2018,202486.0
 20095,"Kingman, KS",2018,294523.0
 20097,"Kiowa, KS",2018,141319.0
 20099,"Labette, KS",2018,867151.0
 20101,"Lane, KS",2018,124764.0
 20103,"Leavenworth, KS",2018,2979837.0
 20105,"Lincoln, KS",2018,119295.0
 20107,"Linn, KS",2018,482536.0
 20109,"Logan, KS",2018,145867.0
 20111,"Lyon, KS",2018,1534648.0
 20113,"McPherson, KS",2018,2360517.0
 20115,"Marion, KS",2018,377350.0
 20117,"Marshall, KS",2018,548590.0
 20119,"Meade, KS",2018,241878.0
 20121,"Miami, KS",2018,972723.0
 20123,"Mitchell, KS",2018,433429.0
 20125,"Montgomery, KS",2018,1774002.0
 20127,"Morris, KS",2018,206319.0
 20129,"Morton, KS",2018,142780.0
 20131,"Nemaha, KS",2018,513794.0
 20133,"Neosho, KS",2018,564856.0
 20135,"Ness, KS",2018,177285.0
 20137,"Norton, KS",2018,220703.0
 20139,"Osage, KS",2018,321705.0
 20141,"Osborne, KS",2018,179370.0
 20143,"Ottawa, KS",2018,121527.0
 20145,"Pawnee, KS",2018,281872.0
 20147,"Phillips, KS",2018,374202.0
 20149,"Pottawatomie, KS",2018,1469802.0
 20151,"Pratt, KS",2018,556045.0
 20153,"Rawlins, KS",2018,105759.0
 20155,"Reno, KS",2018,2562480.0
 20157,"Republic, KS",2018,202083.0
 20159,"Rice, KS",2018,496728.0
 20161,"Riley, KS",2018,2788162.0
 20163,"Rooks, KS",2018,194876.0
 20165,"Rush, KS",2018,143379.0
 20167,"Russell, KS",2018,272921.0
 20169,"Saline, KS",2018,2985870.0
 20171,"Scott, KS",2018,361525.0
 20173,"Sedgwick, KS",2018,31982568.0
 20175,"Seward, KS",2018,1283990.0
 20177,"Shawnee, KS",2018,10786503.0
 20179,"Sheridan, KS",2018,105763.0
 20181,"Sherman, KS",2018,292555.0
 20183,"Smith, KS",2018,152418.0
 20185,"Stafford, KS",2018,169574.0
 20187,"Stanton, KS",2018,167105.0
 20189,"Stevens, KS",2018,297577.0
 20191,"Sumner, KS",2018,724984.0
 20193,"Thomas, KS",2018,509380.0
 20195,"Trego, KS",2018,171877.0
 20197,"Wabaunsee, KS",2018,157576.0
 20199,"Wallace, KS",2018,89893.0
 20201,"Washington, KS",2018,221136.0
 20203,"Wichita, KS",2018,244130.0
 20205,"Wilson, KS",2018,341194.0
 20207,"Woodson, KS",2018,76652.0
 20209,"Wyandotte, KS",2018,11693870.0
 21000,Kentucky,2018,210509119.0
 21001,"Adair, KY",2018,377678.0
 21003,"Allen, KY",2018,494421.0
 21005,"Anderson, KY",2018,569278.0
 21007,"Ballard, KY",2018,198851.0
 21009,"Barren, KY",2018,1474508.0
 21011,"Bath, KY",2018,207419.0
 21013,"Bell, KY",2018,751365.0
 21015,"Boone, KY",2018,11876906.0
 21017,"Bourbon, KY",2018,986768.0
 21019,"Boyd, KY",2018,3695279.0
 21021,"Boyle, KY",2018,1265429.0
 21023,"Bracken, KY",2018,158684.0
 21025,"Breathitt, KY",2018,248558.0
 21027,"Breckinridge, KY",2018,368701.0
 21029,"Bullitt, KY",2018,2537587.0
 21031,"Butler, KY",2018,294467.0
 21033,"Caldwell, KY",2018,407249.0
 21035,"Calloway, KY",2018,1450148.0
 21037,"Campbell, KY",2018,3488049.0
 21039,"Carlisle, KY",2018,139727.0
 21041,"Carroll, KY",2018,2158724.0
 21043,"Carter, KY",2018,520433.0
 21045,"Casey, KY",2018,328945.0
 21047,"Christian, KY",2018,5950119.0
 21049,"Clark, KY",2018,1584571.0
 21051,"Clay, KY",2018,348983.0
 21053,"Clinton, KY",2018,344223.0
 21055,"Crittenden, KY",2018,185732.0
 21057,"Cumberland, KY",2018,154824.0
 21059,"Daviess, KY",2018,4822301.0
 21061,"Edmonson, KY",2018,180487.0
 21063,"Elliott, KY",2018,83566.0
 21065,"Estill, KY",2018,220007.0
 21067,"Fayette, KY",2018,20497826.0
 21069,"Fleming, KY",2018,301245.0
 21071,"Floyd, KY",2018,1084971.0
 21073,"Franklin, KY",2018,3162479.0
 21075,"Fulton, KY",2018,189176.0
 21077,"Gallatin, KY",2018,321076.0
 21079,"Garrard, KY",2018,272017.0
 21081,"Grant, KY",2018,536441.0
 21083,"Graves, KY",2018,1242279.0
 21085,"Grayson, KY",2018,698443.0
 21087,"Green, KY",2018,158299.0
 21089,"Greenup, KY",2018,939277.0
 21091,"Hancock, KY",2018,784448.0
 21093,"Hardin, KY",2018,5249407.0
 21095,"Harlan, KY",2018,553060.0
 21097,"Harrison, KY",2018,568067.0
 21099,"Hart, KY",2018,573813.0
 21101,"Henderson, KY",2018,2038698.0
 21103,"Henry, KY",2018,334229.0
 21105,"Hickman, KY",2018,178083.0
 21107,"Hopkins, KY",2018,1772117.0
 21109,"Jackson, KY",2018,159571.0
 21111,"Jefferson, KY",2018,55734447.0
 21113,"Jessamine, KY",2018,2085325.0
 21115,"Johnson, KY",2018,451210.0
 21117,"Kenton, KY",2018,8261511.0
 21119,"Knott, KY",2018,221308.0
 21121,"Knox, KY",2018,649351.0
 21123,"Larue, KY",2018,243909.0
 21125,"Laurel, KY",2018,2174427.0
 21127,"Lawrence, KY",2018,346832.0
 21129,"Lee, KY",2018,132090.0
 21131,"Leslie, KY",2018,178737.0
 21133,"Letcher, KY",2018,383497.0
 21135,"Lewis, KY",2018,199465.0
 21137,"Lincoln, KY",2018,419592.0
 21139,"Livingston, KY",2018,283229.0
 21141,"Logan, KY",2018,1054395.0
 21143,"Lyon, KY",2018,227041.0
 21145,"McCracken, KY",2018,4429515.0
 21147,"McCreary, KY",2018,262811.0
 21149,"McLean, KY",2018,282686.0
 21151,"Madison, KY",2018,3053411.0
 21153,"Magoffin, KY",2018,158641.0
 21155,"Marion, KY",2018,906790.0
 21157,"Marshall, KY",2018,1478456.0
 21159,"Martin, KY",2018,247034.0
 21161,"Mason, KY",2018,1120328.0
 21163,"Meade, KY",2018,503816.0
 21165,"Menifee, KY",2018,87419.0
 21167,"Mercer, KY",2018,902701.0
 21169,"Metcalfe, KY",2018,184406.0
 21171,"Monroe, KY",2018,310294.0
 21173,"Montgomery, KY",2018,1017028.0
 21175,"Morgan, KY",2018,257561.0
 21177,"Muhlenberg, KY",2018,1253737.0
 21179,"Nelson, KY",2018,1638572.0
 21181,"Nicholas, KY",2018,94679.0
 21183,"Ohio, KY",2018,905965.0
 21185,"Oldham, KY",2018,1946415.0
 21187,"Owen, KY",2018,192805.0
 21189,"Owsley, KY",2018,54414.0
 21191,"Pendleton, KY",2018,288697.0
 21193,"Perry, KY",2018,984458.0
 21195,"Pike, KY",2018,2090164.0
 21197,"Powell, KY",2018,231631.0
 21199,"Pulaski, KY",2018,2247581.0
 21201,"Robertson, KY",2018,26233.0
 21203,"Rockcastle, KY",2018,319416.0
 21205,"Rowan, KY",2018,779727.0
 21207,"Russell, KY",2018,598939.0
 21209,"Scott, KY",2018,3577650.0
 21211,"Shelby, KY",2018,1731938.0
 21213,"Simpson, KY",2018,925472.0
 21215,"Spencer, KY",2018,281908.0
 21217,"Taylor, KY",2018,874584.0
 21219,"Todd, KY",2018,316410.0
 21221,"Trigg, KY",2018,271837.0
 21223,"Trimble, KY",2018,519799.0
 21225,"Union, KY",2018,625808.0
 21227,"Warren, KY",2018,6289783.0
 21229,"Washington, KY",2018,350009.0
 21231,"Wayne, KY",2018,447007.0
 21233,"Webster, KY",2018,585227.0
 21235,"Whitley, KY",2018,1052534.0
 21237,"Wolfe, KY",2018,105052.0
 21239,"Woodford, KY",2018,1162398.0
 22000,Louisiana,2018,256444430.0
 22001,"Acadia, LA",2018,1642301.0
 22003,"Allen, LA",2018,741510.0
 22005,"Ascension, LA",2018,9146913.0
 22007,"Assumption, LA",2018,497583.0
 22009,"Avoyelles, LA",2018,952107.0
 22011,"Beauregard, LA",2018,1148925.0
 22013,"Bienville, LA",2018,588736.0
 22015,"Bossier, LA",2018,5613686.0
 22017,"Caddo, LA",2018,13551127.0
 22019,"Calcasieu, LA",2018,16046100.0
 22021,"Caldwell, LA",2018,197026.0
 22023,"Cameron, LA",2018,1674462.0
 22025,"Catahoula, LA",2018,172531.0
 22027,"Claiborne, LA",2018,423276.0
 22029,"Concordia, LA",2018,578477.0
 22031,"De Soto, LA",2018,2648355.0
 22033,"East Baton Rouge, LA",2018,38227967.0
 22035,"East Carroll, LA",2018,172755.0
 22037,"East Feliciana, LA",2018,527828.0
 22039,"Evangeline, LA",2018,874802.0
 22041,"Franklin, LA",2018,455332.0
 22043,"Grant, LA",2018,398809.0
 22045,"Iberia, LA",2018,3164649.0
 22047,"Iberville, LA",2018,2665642.0
 22049,"Jackson, LA",2018,475052.0
 22051,"Jefferson, LA",2018,24188150.0
 22053,"Jefferson Davis, LA",2018,876850.0
 22055,"Lafayette, LA",2018,14689606.0
 22057,"Lafourche, LA",2018,4107735.0
 22059,"LaSalle, LA",2018,489304.0
 22061,"Lincoln, LA",2018,2303144.0
 22063,"Livingston, LA",2018,3253259.0
 22065,"Madison, LA",2018,409624.0
 22067,"Morehouse, LA",2018,587846.0
 22069,"Natchitoches, LA",2018,1423058.0
 22071,"Orleans, LA",2018,24802582.0
 22073,"Ouachita, LA",2018,7512907.0
 22075,"Plaquemines, LA",2018,3332950.0
 22077,"Pointe Coupee, LA",2018,858263.0
 22079,"Rapides, LA",2018,5913510.0
 22081,"Red River, LA",2018,706018.0
 22083,"Richland, LA",2018,672937.0
 22085,"Sabine, LA",2018,807322.0
 22087,"St. Bernard, LA",2018,2230050.0
 22089,"St. Charles, LA",2018,8115714.0
 22091,"St. Helena, LA",2018,206484.0
 22093,"St. James, LA",2018,3384997.0
 22095,"St. John the Baptist, LA",2018,3876456.0
 22097,"St. Landry, LA",2018,2512615.0
 22099,"St. Martin, LA",2018,1358569.0
 22101,"St. Mary, LA",2018,2596909.0
 22103,"St. Tammany, LA",2018,12433125.0
 22105,"Tangipahoa, LA",2018,4261035.0
 22107,"Tensas, LA",2018,130526.0
 22109,"Terrebonne, LA",2018,5698302.0
 22111,"Union, LA",2018,518791.0
 22113,"Vermilion, LA",2018,1565727.0
 22115,"Vernon, LA",2018,2052064.0
 22117,"Washington, LA",2018,1173827.0
 22119,"Webster, LA",2018,1218432.0
 22121,"West Baton Rouge, LA",2018,1942798.0
 22123,"West Carroll, LA",2018,236085.0
 22125,"West Feliciana, LA",2018,921978.0
 22127,"Winn, LA",2018,488932.0
 23000,Maine,2018,66215972.0
 23001,"Androscoggin, ME",2018,4798796.0
 23003,"Aroostook, ME",2018,2645494.0
 23005,"Cumberland, ME",2018,22532215.0
 23007,"Franklin, ME",2018,1112455.0
 23009,"Hancock, ME",2018,2486858.0
 23011,"Kennebec, ME",2018,5788502.0
 23013,"Knox, ME",2018,1829016.0
 23015,"Lincoln, ME",2018,1188850.0
 23017,"Oxford, ME",2018,1782109.0
 23019,"Penobscot, ME",2018,6758301.0
 23021,"Piscataquis, ME",2018,564887.0
 23023,"Sagadahoc, ME",2018,1810373.0
 23025,"Somerset, ME",2018,1748722.0
 23027,"Waldo, ME",2018,1354870.0
 23029,"Washington, ME",2018,1041633.0
 23031,"York, ME",2018,8772891.0
 24000,Maryland,2018,410771781.0
 24001,"Allegany, MD",2018,3161519.0
 24003,"Anne Arundel, MD",2018,51192327.0
 24005,"Baltimore, MD",2018,55207755.0
 24009,"Calvert, MD",2018,4617443.0
 24011,"Caroline, MD",2018,1293395.0
 24013,"Carroll, MD",2018,6486666.0
 24015,"Cecil, MD",2018,4881204.0
 24017,"Charles, MD",2018,6214778.0
 24019,"Dorchester, MD",2018,1274502.0
 24021,"Frederick, MD",2018,14156698.0
 24023,"Garrett, MD",2018,1304561.0
 24025,"Harford, MD",2018,13347295.0
 24027,"Howard, MD",2018,27161213.0
 24029,"Kent, MD",2018,951871.0
 24031,"Montgomery, MD",2018,95122803.0
 24033,"Prince George's, MD",2018,47042761.0
 24035,"Queen Anne's, MD",2018,1884751.0
 24037,"St. Mary's, MD",2018,7556532.0
 24039,"Somerset, MD",2018,892308.0
 24041,"Talbot, MD",2018,2166369.0
 24043,"Washington, MD",2018,7416610.0
 24045,"Wicomico, MD",2018,5194431.0
 24047,"Worcester, MD",2018,2964318.0
 24510,"Baltimore (Independent City), MD",2018,49279670.0
 25000,Massachusetts,2018,559605029.0
 25001,"Barnstable, MA",2018,13348266.0
 25003,"Berkshire, MA",2018,7273777.0
 25005,"Bristol, MA",2018,26536680.0
 25007,"Dukes, MA",2018,1504977.0
 25009,"Essex, MA",2018,46152206.0
 25011,"Franklin, MA",2018,2978490.0
 25013,"Hampden, MA",2018,22790970.0
 25015,"Hampshire, MA",2018,7862815.0
 25017,"Middlesex, MA",2018,167662761.0
 25019,"Nantucket, MA",2018,1343041.0
 25021,"Norfolk, MA",2018,55286382.0
 25023,"Plymouth, MA",2018,26835413.0
 25025,"Suffolk, MA",2018,135780614.0
 25027,"Worcester, MA",2018,44248636.0
 26000,Michigan,2018,525240776.0
 26001,"Alcona, MI",2018,232114.0
 26003,"Alger, MI",2018,255743.0
 26005,"Allegan, MI",2018,4785690.0
 26007,"Alpena, MI",2018,1076870.0
 26009,"Antrim, MI",2018,604920.0
 26011,"Arenac, MI",2018,436191.0
 26013,"Baraga, MI",2018,256354.0
 26015,"Barry, MI",2018,1535900.0
 26017,"Bay, MI",2018,3693350.0
 26019,"Benzie, MI",2018,512216.0
 26021,"Berrien, MI",2018,7685671.0
 26023,"Branch, MI",2018,1383075.0
 26025,"Calhoun, MI",2018,6543076.0
 26027,"Cass, MI",2018,1100600.0
 26029,"Charlevoix, MI",2018,1215515.0
 26031,"Cheboygan, MI",2018,664243.0
 26033,"Chippewa, MI",2018,1160168.0
 26035,"Clare, MI",2018,1140916.0
 26037,"Clinton, MI",2018,2209393.0
 26039,"Crawford, MI",2018,456077.0
 26041,"Delta, MI",2018,1255168.0
 26043,"Dickinson, MI",2018,1379556.0
 26045,"Eaton, MI",2018,5269024.0
 26047,"Emmet, MI",2018,1756936.0
 26049,"Genesee, MI",2018,16519873.0
 26051,"Gladwin, MI",2018,494563.0
 26053,"Gogebic, MI",2018,481973.0
 26055,"Grand Traverse, MI",2018,5228190.0
 26057,"Gratiot, MI",2018,1388298.0
 26059,"Hillsdale, MI",2018,1597614.0
 26061,"Houghton, MI",2018,1117356.0
 26063,"Huron, MI",2018,1450647.0
 26065,"Ingham, MI",2018,17251282.0
 26067,"Ionia, MI",2018,1527255.0
 26069,"Iosco, MI",2018,795925.0
 26071,"Iron, MI",2018,337223.0
 26073,"Isabella, MI",2018,2499502.0
 26075,"Jackson, MI",2018,6434246.0
 26077,"Kalamazoo, MI",2018,14799785.0
 26079,"Kalkaska, MI",2018,594123.0
 26081,"Kent, MI",2018,43853830.0
 26083,"Keweenaw, MI",2018,49662.0
 26085,"Lake, MI",2018,239642.0
 26087,"Lapeer, MI",2018,2350384.0
 26089,"Leelanau, MI",2018,789676.0
 26091,"Lenawee, MI",2018,3171011.0
 26093,"Livingston, MI",2018,7422299.0
 26095,"Luce, MI",2018,165592.0
 26097,"Mackinac, MI",2018,449469.0
 26099,"Macomb, MI",2018,41646480.0
 26101,"Manistee, MI",2018,877469.0
 26103,"Marquette, MI",2018,2732853.0
 26105,"Mason, MI",2018,1068232.0
 26107,"Mecosta, MI",2018,1302773.0
 26109,"Menominee, MI",2018,730046.0
 26111,"Midland, MI",2018,5624003.0
 26113,"Missaukee, MI",2018,420621.0
 26115,"Monroe, MI",2018,6039946.0
 26117,"Montcalm, MI",2018,1615606.0
 26119,"Montmorency, MI",2018,278443.0
 26121,"Muskegon, MI",2018,6240574.0
 26123,"Newaygo, MI",2018,1412115.0
 26125,"Oakland, MI",2018,108587659.0
 26127,"Oceana, MI",2018,689632.0
 26129,"Ogemaw, MI",2018,582059.0
 26131,"Ontonagon, MI",2018,127417.0
 26133,"Osceola, MI",2018,738984.0
 26135,"Oscoda, MI",2018,208683.0
 26137,"Otsego, MI",2018,1026264.0
 26139,"Ottawa, MI",2018,14837227.0
 26141,"Presque Isle, MI",2018,331648.0
 26143,"Roscommon, MI",2018,583246.0
 26145,"Saginaw, MI",2018,8587600.0
 26147,"St. Clair, MI",2018,5593478.0
 26149,"St. Joseph, MI",2018,2072930.0
 26151,"Sanilac, MI",2018,1269987.0
 26153,"Schoolcraft, MI",2018,279522.0
 26155,"Shiawassee, MI",2018,1801304.0
 26157,"Tuscola, MI",2018,1242421.0
 26159,"Van Buren, MI",2018,2866829.0
 26161,"Washtenaw, MI",2018,25061817.0
 26163,"Wayne, MI",2018,99842201.0
 26165,"Wexford, MI",2018,1302523.0
 27000,Minnesota,2018,372439227.0
 27001,"Aitkin, MN",2018,479256.0
 27003,"Anoka, MN",2018,15591171.0
 27005,"Becker, MN",2018,1453732.0
 27007,"Beltrami, MN",2018,1804546.0
 27009,"Benton, MN",2018,1852141.0
 27011,"Big Stone, MN",2018,203074.0
 27013,"Blue Earth, MN",2018,4098053.0
 27015,"Brown, MN",2018,1552206.0
 27017,"Carlton, MN",2018,1373338.0
 27019,"Carver, MN",2018,5586315.0
 27021,"Cass, MN",2018,1041815.0
 27023,"Chippewa, MN",2018,567747.0
 27025,"Chisago, MN",2018,1626329.0
 27027,"Clay, MN",2018,2049210.0
 27029,"Clearwater, MN",2018,299602.0
 27031,"Cook, MN",2018,293665.0
 27033,"Cottonwood, MN",2018,654738.0
 27035,"Crow Wing, MN",2018,2862966.0
 27037,"Dakota, MN",2018,27562007.0
 27039,"Dodge, MN",2018,748379.0
 27041,"Douglas, MN",2018,1979134.0
 27043,"Faribault, MN",2018,463466.0
 27045,"Fillmore, MN",2018,606824.0
 27047,"Freeborn, MN",2018,1215088.0
 27049,"Goodhue, MN",2018,2954119.0
 27051,"Grant, MN",2018,245361.0
 27053,"Hennepin, MN",2018,141931028.0
 27055,"Houston, MN",2018,531918.0
 27057,"Hubbard, MN",2018,759488.0
 27059,"Isanti, MN",2018,1129862.0
 27061,"Itasca, MN",2018,2230581.0
 27063,"Jackson, MN",2018,657864.0
 27065,"Kanabec, MN",2018,422298.0
 27067,"Kandiyohi, MN",2018,2343866.0
 27069,"Kittson, MN",2018,203499.0
 27071,"Koochiching, MN",2018,572871.0
 27073,"Lac qui Parle, MN",2018,243195.0
 27075,"Lake, MN",2018,569589.0
 27077,"Lake of the Woods, MN",2018,199059.0
 27079,"Le Sueur, MN",2018,1013377.0
 27081,"Lincoln, MN",2018,270507.0
 27083,"Lyon, MN",2018,1587736.0
 27085,"McLeod, MN",2018,1881006.0
 27087,"Mahnomen, MN",2018,168852.0
 27089,"Marshall, MN",2018,383309.0
 27091,"Martin, MN",2018,1116855.0
 27093,"Meeker, MN",2018,957810.0
 27095,"Mille Lacs, MN",2018,829865.0
 27097,"Morrison, MN",2018,1189227.0
 27099,"Mower, MN",2018,1963368.0
 27101,"Murray, MN",2018,490269.0
 27103,"Nicollet, MN",2018,1639087.0
 27105,"Nobles, MN",2018,1289356.0
 27107,"Norman, MN",2018,206776.0
 27109,"Olmsted, MN",2018,11630507.0
 27111,"Otter Tail, MN",2018,2328745.0
 27113,"Pennington, MN",2018,1730424.0
 27115,"Pine, MN",2018,738473.0
 27117,"Pipestone, MN",2018,682115.0
 27119,"Polk, MN",2018,1302192.0
 27121,"Pope, MN",2018,518189.0
 27123,"Ramsey, MN",2018,43346083.0
 27125,"Red Lake, MN",2018,178123.0
 27127,"Redwood, MN",2018,840632.0
 27129,"Renville, MN",2018,781953.0
 27131,"Rice, MN",2018,2879549.0
 27133,"Rock, MN",2018,691131.0
 27135,"Roseau, MN",2018,1156384.0
 27137,"St. Louis, MN",2018,10445906.0
 27139,"Scott, MN",2018,7249615.0
 27141,"Sherburne, MN",2018,3649584.0
 27143,"Sibley, MN",2018,440038.0
 27145,"Stearns, MN",2018,9018109.0
 27147,"Steele, MN",2018,2293765.0
 27149,"Stevens, MN",2018,599863.0
 27151,"Swift, MN",2018,516323.0
 27153,"Todd, MN",2018,850512.0
 27155,"Traverse, MN",2018,173548.0
 27157,"Wabasha, MN",2018,753568.0
 27159,"Wadena, MN",2018,521927.0
 27161,"Waseca, MN",2018,758278.0
 27163,"Washington, MN",2018,11908308.0
 27165,"Watonwan, MN",2018,447105.0
 27167,"Wilkin, MN",2018,275318.0
 27169,"Winona, MN",2018,2374085.0
 27171,"Wright, MN",2018,4951651.0
 27173,"Yellow Medicine, MN",2018,460421.0
 28000,Mississippi,2018,113166404.0
 28001,"Adams, MS",2018,980849.0
 28003,"Alcorn, MS",2018,1252271.0
 28005,"Amite, MS",2018,258946.0
 28007,"Attala, MS",2018,487750.0
 28009,"Benton, MS",2018,341885.0
 28011,"Bolivar, MS",2018,1123834.0
 28013,"Calhoun, MS",2018,280018.0
 28015,"Carroll, MS",2018,121219.0
 28017,"Chickasaw, MS",2018,458002.0
 28019,"Choctaw, MS",2018,743383.0
 28021,"Claiborne, MS",2018,635337.0
 28023,"Clarke, MS",2018,296043.0
 28025,"Clay, MS",2018,484844.0
 28027,"Coahoma, MS",2018,736891.0
 28029,"Copiah, MS",2018,673880.0
 28031,"Covington, MS",2018,616773.0
 28033,"DeSoto, MS",2018,6035989.0
 28035,"Forrest, MS",2018,3711029.0
 28037,"Franklin, MS",2018,184471.0
 28039,"George, MS",2018,476642.0
 28041,"Greene, MS",2018,167610.0
 28043,"Grenada, MS",2018,971638.0
 28045,"Hancock, MS",2018,1531341.0
 28047,"Harrison, MS",2018,8893507.0
 28049,"Hinds, MS",2018,12552581.0
 28051,"Holmes, MS",2018,302882.0
 28053,"Humphreys, MS",2018,178349.0
 28055,"Issaquena, MS",2018,14753.0
 28057,"Itawamba, MS",2018,569846.0
 28059,"Jackson, MS",2018,7007355.0
 28061,"Jasper, MS",2018,508463.0
 28063,"Jefferson, MS",2018,105465.0
 28065,"Jefferson Davis, MS",2018,182598.0
 28067,"Jones, MS",2018,2710364.0
 28069,"Kemper, MS",2018,386694.0
 28071,"Lafayette, MS",2018,2180130.0
 28073,"Lamar, MS",2018,1733930.0
 28075,"Lauderdale, MS",2018,3283531.0
 28077,"Lawrence, MS",2018,378645.0
 28079,"Leake, MS",2018,575929.0
 28081,"Lee, MS",2018,4865010.0
 28083,"Leflore, MS",2018,1179673.0
 28085,"Lincoln, MS",2018,1197307.0
 28087,"Lowndes, MS",2018,2869195.0
 28089,"Madison, MS",2018,6497870.0
 28091,"Marion, MS",2018,915899.0
 28093,"Marshall, MS",2018,689345.0
 28095,"Monroe, MS",2018,1037348.0
 28097,"Montgomery, MS",2018,196958.0
 28099,"Neshoba, MS",2018,1064971.0
 28101,"Newton, MS",2018,515802.0
 28103,"Noxubee, MS",2018,229384.0
 28105,"Oktibbeha, MS",2018,1794708.0
 28107,"Panola, MS",2018,1112182.0
 28109,"Pearl River, MS",2018,1075724.0
 28111,"Perry, MS",2018,324100.0
 28113,"Pike, MS",2018,1159907.0
 28115,"Pontotoc, MS",2018,962383.0
 28117,"Prentiss, MS",2018,599921.0
 28119,"Quitman, MS",2018,107421.0
 28121,"Rankin, MS",2018,6763089.0
 28123,"Scott, MS",2018,1128393.0
 28125,"Sharkey, MS",2018,94688.0
 28127,"Simpson, MS",2018,649809.0
 28129,"Smith, MS",2018,447683.0
 28131,"Stone, MS",2018,374955.0
 28133,"Sunflower, MS",2018,684235.0
 28135,"Tallahatchie, MS",2018,282180.0
 28137,"Tate, MS",2018,508955.0
 28139,"Tippah, MS",2018,682420.0
 28141,"Tishomingo, MS",2018,529565.0
 28143,"Tunica, MS",2018,593780.0
 28145,"Union, MS",2018,1107684.0
 28147,"Walthall, MS",2018,293605.0
 28149,"Warren, MS",2018,2344808.0
 28151,"Washington, MS",2018,1497222.0
 28153,"Wayne, MS",2018,676710.0
 28155,"Webster, MS",2018,187175.0
 28157,"Wilkinson, MS",2018,148709.0
 28159,"Winston, MS",2018,531369.0
 28161,"Yalobusha, MS",2018,294638.0
 28163,"Yazoo, MS",2018,813958.0
 29000,Missouri,2018,320451636.0
 29001,"Adair, MO",2018,836294.0
 29003,"Andrew, MO",2018,284314.0
 29005,"Atchison, MO",2018,256496.0
 29007,"Audrain, MO",2018,932618.0
 29009,"Barry, MO",2018,1615989.0
 29011,"Barton, MO",2018,334320.0
 29013,"Bates, MO",2018,437568.0
 29015,"Benton, MO",2018,433174.0
 29017,"Bollinger, MO",2018,186006.0
 29019,"Boone, MO",2018,9546719.0
 29021,"Buchanan, MO",2018,5188805.0
 29023,"Butler, MO",2018,1478958.0
 29025,"Caldwell, MO",2018,240043.0
 29027,"Callaway, MO",2018,1864072.0
 29029,"Camden, MO",2018,1609988.0
 29031,"Cape Girardeau, MO",2018,4170864.0
 29033,"Carroll, MO",2018,303010.0
 29035,"Carter, MO",2018,124880.0
 29037,"Cass, MO",2018,2769139.0
 29039,"Cedar, MO",2018,272245.0
 29041,"Chariton, MO",2018,270867.0
 29043,"Christian, MO",2018,1751105.0
 29045,"Clark, MO",2018,127693.0
 29047,"Clay, MO",2018,12429634.0
 29049,"Clinton, MO",2018,422096.0
 29051,"Cole, MO",2018,5159167.0
 29053,"Cooper, MO",2018,479808.0
 29055,"Crawford, MO",2018,664825.0
 29057,"Dade, MO",2018,181722.0
 29059,"Dallas, MO",2018,269602.0
 29061,"Daviess, MO",2018,157791.0
 29063,"DeKalb, MO",2018,331626.0
 29065,"Dent, MO",2018,367978.0
 29067,"Douglas, MO",2018,225744.0
 29069,"Dunklin, MO",2018,703497.0
 29071,"Franklin, MO",2018,4633565.0
 29073,"Gasconade, MO",2018,471550.0
 29075,"Gentry, MO",2018,202235.0
 29077,"Greene, MO",2018,16941065.0
 29079,"Grundy, MO",2018,351400.0
 29081,"Harrison, MO",2018,234474.0
 29083,"Henry, MO",2018,739982.0
 29085,"Hickory, MO",2018,152041.0
 29087,"Holt, MO",2018,158581.0
 29089,"Howard, MO",2018,220489.0
 29091,"Howell, MO",2018,1260407.0
 29093,"Iron, MO",2018,398020.0
 29095,"Jackson, MO",2018,47752404.0
 29097,"Jasper, MO",2018,5676081.0
 29099,"Jefferson, MO",2018,5399236.0
 29101,"Johnson, MO",2018,1914320.0
 29103,"Knox, MO",2018,106851.0
 29105,"Laclede, MO",2018,1181734.0
 29107,"Lafayette, MO",2018,842547.0
 29109,"Lawrence, MO",2018,996960.0
 29111,"Lewis, MO",2018,240686.0
 29113,"Lincoln, MO",2018,1255750.0
 29115,"Linn, MO",2018,417678.0
 29117,"Livingston, MO",2018,575072.0
 29119,"McDonald, MO",2018,776340.0
 29121,"Macon, MO",2018,607910.0
 29123,"Madison, MO",2018,271131.0
 29125,"Maries, MO",2018,169707.0
 29127,"Marion, MO",2018,1217041.0
 29129,"Mercer, MO",2018,98242.0
 29131,"Miller, MO",2018,674723.0
 29133,"Mississippi, MO",2018,325676.0
 29135,"Moniteau, MO",2018,408865.0
 29137,"Monroe, MO",2018,180407.0
 29139,"Montgomery, MO",2018,325621.0
 29141,"Morgan, MO",2018,523459.0
 29143,"New Madrid, MO",2018,999279.0
 29145,"Newton, MO",2018,2161670.0
 29147,"Nodaway, MO",2018,689136.0
 29149,"Oregon, MO",2018,213823.0
 29151,"Osage, MO",2018,420867.0
 29153,"Ozark, MO",2018,140478.0
 29155,"Pemiscot, MO",2018,426299.0
 29157,"Perry, MO",2018,1095343.0
 29159,"Pettis, MO",2018,1668398.0
 29161,"Phelps, MO",2018,1641532.0
 29163,"Pike, MO",2018,529306.0
 29165,"Platte, MO",2018,7173222.0
 29167,"Polk, MO",2018,814400.0
 29169,"Pulaski, MO",2018,2262240.0
 29171,"Putnam, MO",2018,118097.0
 29173,"Ralls, MO",2018,422693.0
 29175,"Randolph, MO",2018,1214612.0
 29177,"Ray, MO",2018,514143.0
 29179,"Reynolds, MO",2018,238398.0
 29181,"Ripley, MO",2018,229843.0
 29183,"St. Charles, MO",2018,17377213.0
 29185,"St. Clair, MO",2018,156482.0
 29186,"Ste. Genevieve, MO",2018,630803.0
 29187,"St. Francois, MO",2018,1846803.0
 29189,"St. Louis, MO",2018,81464250.0
 29195,"Saline, MO",2018,842951.0
 29197,"Schuyler, MO",2018,77851.0
 29199,"Scotland, MO",2018,118120.0
 29201,"Scott, MO",2018,1609616.0
 29203,"Shannon, MO",2018,128891.0
 29205,"Shelby, MO",2018,160130.0
 29207,"Stoddard, MO",2018,970282.0
 29209,"Stone, MO",2018,750047.0
 29211,"Sullivan, MO",2018,363510.0
 29213,"Taney, MO",2018,2605175.0
 29215,"Texas, MO",2018,512413.0
 29217,"Vernon, MO",2018,853161.0
 29219,"Warren, MO",2018,870629.0
 29221,"Washington, MO",2018,415861.0
 29223,"Wayne, MO",2018,218718.0
 29225,"Webster, MO",2018,736302.0
 29227,"Worth, MO",2018,50335.0
 29229,"Wright, MO",2018,340506.0
 29510,"St. Louis (Independent City), MO",2018,30246903.0
 30000,Montana,2018,51152051.0
 30001,"Beaverhead, MT",2018,376456.0
 30003,"Big Horn, MT",2018,950170.0
 30005,"Blaine, MT",2018,180511.0
 30007,"Broadwater, MT",2018,177914.0
 30009,"Carbon, MT",2018,371947.0
 30011,"Carter, MT",2018,42387.0
 30013,"Cascade, MT",2018,3903335.0
 30015,"Chouteau, MT",2018,268215.0
 30017,"Custer, MT",2018,477327.0
 30019,"Daniels, MT",2018,94268.0
 30021,"Dawson, MT",2018,447274.0
 30023,"Deer Lodge, MT",2018,269606.0
 30025,"Fallon, MT",2018,210393.0
 30027,"Fergus, MT",2018,522058.0
 30029,"Flathead, MT",2018,4391037.0
 30031,"Gallatin, MT",2018,6196811.0
 30033,"Garfield, MT",2018,40929.0
 30035,"Glacier, MT",2018,465179.0
 30037,"Golden Valley, MT",2018,24959.0
 30039,"Granite, MT",2018,99972.0
 30041,"Hill, MT",2018,788254.0
 30043,"Jefferson, MT",2018,268480.0
 30045,"Judith Basin, MT",2018,99483.0
 30047,"Lake, MT",2018,836791.0
 30049,"Lewis and Clark, MT",2018,3484426.0
 30051,"Liberty, MT",2018,181486.0
 30053,"Lincoln, MT",2018,600077.0
 30055,"McCone, MT",2018,106238.0
 30057,"Madison, MT",2018,466825.0
 30059,"Meagher, MT",2018,57592.0
 30061,"Mineral, MT",2018,107205.0
 30063,"Missoula, MT",2018,5722891.0
 30065,"Musselshell, MT",2018,272701.0
 30067,"Park, MT",2018,623205.0
 30069,"Petroleum, MT",2018,12853.0
 30071,"Phillips, MT",2018,136626.0
 30073,"Pondera, MT",2018,232826.0
 30075,"Powder River, MT",2018,101492.0
 30077,"Powell, MT",2018,224510.0
 30079,"Prairie, MT",2018,46238.0
 30081,"Ravalli, MT",2018,1133849.0
 30083,"Richland, MT",2018,858635.0
 30085,"Roosevelt, MT",2018,470811.0
 30087,"Rosebud, MT",2018,806021.0
 30089,"Sanders, MT",2018,349550.0
 30091,"Sheridan, MT",2018,166188.0
 30093,"Silver Bow, MT",2018,1509428.0
 30095,"Stillwater, MT",2018,546711.0
 30097,"Sweet Grass, MT",2018,212892.0
 30099,"Teton, MT",2018,257363.0
 30101,"Toole, MT",2018,346532.0
 30103,"Treasure, MT",2018,102550.0
 30105,"Valley, MT",2018,315811.0
 30107,"Wheatland, MT",2018,80629.0
 30109,"Wibaux, MT",2018,41525.0
 30111,"Yellowstone, MT",2018,10072613.0
 31000,Nebraska,2018,127954392.0
 31001,"Adams, NE",2018,1874455.0
 31003,"Antelope, NE",2018,433247.0
 31005,"Arthur, NE",2018,16344.0
 31007,"Banner, NE",2018,36518.0
 31009,"Blaine, NE",2018,30422.0
 31011,"Boone, NE",2018,386037.0
 31013,"Box Butte, NE",2018,631191.0
 31015,"Boyd, NE",2018,121471.0
 31017,"Brown, NE",2018,203305.0
 31019,"Buffalo, NE",2018,3033998.0
 31021,"Burt, NE",2018,305937.0
 31023,"Butler, NE",2018,291525.0
 31025,"Cass, NE",2018,760172.0
 31027,"Cedar, NE",2018,401877.0
 31029,"Chase, NE",2018,311062.0
 31031,"Cherry, NE",2018,283632.0
 31033,"Cheyenne, NE",2018,617784.0
 31035,"Clay, NE",2018,292047.0
 31037,"Colfax, NE",2018,680373.0
 31039,"Cuming, NE",2018,840280.0
 31041,"Custer, NE",2018,655036.0
 31043,"Dakota, NE",2018,1550704.0
 31045,"Dawes, NE",2018,279167.0
 31047,"Dawson, NE",2018,1490998.0
 31049,"Deuel, NE",2018,93057.0
 31051,"Dixon, NE",2018,198380.0
 31053,"Dodge, NE",2018,2084076.0
 31055,"Douglas, NE",2018,49662657.0
 31057,"Dundy, NE",2018,165987.0
 31059,"Fillmore, NE",2018,360586.0
 31061,"Franklin, NE",2018,75008.0
 31063,"Frontier, NE",2018,80352.0
 31065,"Furnas, NE",2018,244764.0
 31067,"Gage, NE",2018,943595.0
 31069,"Garden, NE",2018,75797.0
 31071,"Garfield, NE",2018,74448.0
 31073,"Gosper, NE",2018,79880.0
 31075,"Grant, NE",2018,31213.0
 31077,"Greeley, NE",2018,98021.0
 31079,"Hall, NE",2018,3576656.0
 31081,"Hamilton, NE",2018,626921.0
 31083,"Harlan, NE",2018,189387.0
 31085,"Hayes, NE",2018,72260.0
 31087,"Hitchcock, NE",2018,127063.0
 31089,"Holt, NE",2018,620882.0
 31091,"Hooker, NE",2018,34449.0
 31093,"Howard, NE",2018,205568.0
 31095,"Jefferson, NE",2018,427830.0
 31097,"Johnson, NE",2018,176185.0
 31099,"Kearney, NE",2018,333589.0
 31101,"Keith, NE",2018,381155.0
 31103,"Keya Paha, NE",2018,28005.0
 31105,"Kimball, NE",2018,165889.0
 31107,"Knox, NE",2018,388785.0
 31109,"Lancaster, NE",2018,19598267.0
 31111,"Lincoln, NE",2018,2340991.0
 31113,"Logan, NE",2018,33746.0
 31115,"Loup, NE",2018,39321.0
 31117,"McPherson, NE",2018,19894.0
 31119,"Madison, NE",2018,2460214.0
 31121,"Merrick, NE",2018,394563.0
 31123,"Morrill, NE",2018,632270.0
 31125,"Nance, NE",2018,133569.0
 31127,"Nemaha, NE",2018,574435.0
 31129,"Nuckolls, NE",2018,248907.0
 31131,"Otoe, NE",2018,1225817.0
 31133,"Pawnee, NE",2018,114352.0
 31135,"Perkins, NE",2018,254602.0
 31137,"Phelps, NE",2018,796780.0
 31139,"Pierce, NE",2018,336999.0
 31141,"Platte, NE",2018,2517739.0
 31143,"Polk, NE",2018,282542.0
 31145,"Red Willow, NE",2018,501692.0
 31147,"Richardson, NE",2018,369721.0
 31149,"Rock, NE",2018,83970.0
 31151,"Saline, NE",2018,992560.0
 31153,"Sarpy, NE",2018,9066624.0
 31155,"Saunders, NE",2018,734795.0
 31157,"Scotts Bluff, NE",2018,1771775.0
 31159,"Seward, NE",2018,797892.0
 31161,"Sheridan, NE",2018,224144.0
 31163,"Sherman, NE",2018,95208.0
 31165,"Sioux, NE",2018,81807.0
 31167,"Stanton, NE",2018,232966.0
 31169,"Thayer, NE",2018,371969.0
 31171,"Thomas, NE",2018,35458.0
 31173,"Thurston, NE",2018,382378.0
 31175,"Valley, NE",2018,290554.0
 31177,"Washington, NE",2018,1293889.0
 31179,"Wayne, NE",2018,413721.0
 31181,"Webster, NE",2018,190744.0
 31183,"Wheeler, NE",2018,94486.0
 31185,"York, NE",2018,772997.0
 32000,Nevada,2018,172547939.0
 32001,"Churchill, NV",2018,1104984.0
 32003,"Clark, NV",2018,125512670.0
 32005,"Douglas, NV",2018,2555055.0
 32007,"Elko, NV",2018,2724274.0
 32009,"Esmeralda, NV",2018,41061.0
 32011,"Eureka, NV",2018,1248426.0
 32013,"Humboldt, NV",2018,1142196.0
 32015,"Lander, NV",2018,734585.0
 32017,"Lincoln, NV",2018,155316.0
 32019,"Lyon, NV",2018,1563802.0
 32021,"Mineral, NV",2018,207944.0
 32023,"Nye, NV",2018,1648498.0
 32027,"Pershing, NV",2018,276278.0
 32029,"Storey, NV",2018,1734554.0
 32031,"Washoe, NV",2018,27739342.0
 32033,"White Pine, NV",2018,607858.0
 32510,"Carson City (Independent City), NV",2018,3551097.0
 33000,New Hampshire,2018,83859403.0
 33001,"Belknap, NH",2018,3019101.0
 33003,"Carroll, NH",2018,2376426.0
 33005,"Cheshire, NH",2018,3886935.0
 33007,"Coos, NH",2018,1303220.0
 33009,"Grafton, NH",2018,6866890.0
 33011,"Hillsborough, NH",2018,26917908.0
 33013,"Merrimack, NH",2018,10089412.0
 33015,"Rockingham, NH",2018,21782292.0
 33017,"Strafford, NH",2018,5993534.0
 33019,"Sullivan, NH",2018,1623684.0
 34000,New Jersey,2018,619340188.0
 34001,"Atlantic, NJ",2018,13936714.0
 34003,"Bergen, NJ",2018,79403910.0
 34005,"Burlington, NJ",2018,28630022.0
 34007,"Camden, NJ",2018,25691665.0
 34009,"Cape May, NJ",2018,5560454.0
 34011,"Cumberland, NJ",2018,6556285.0
 34013,"Essex, NJ",2018,55581334.0
 34015,"Gloucester, NJ",2018,15124161.0
 34017,"Hudson, NJ",2018,48442836.0
 34019,"Hunterdon, NJ",2018,7672794.0
 34021,"Mercer, NJ",2018,34207520.0
 34023,"Middlesex, NJ",2018,64454021.0
 34025,"Monmouth, NJ",2018,37224528.0
 34027,"Morris, NJ",2018,56620039.0
 34029,"Ocean, NJ",2018,22260879.0
 34031,"Passaic, NJ",2018,22720117.0
 34033,"Salem, NJ",2018,5162735.0
 34035,"Somerset, NJ",2018,40930170.0
 34037,"Sussex, NJ",2018,5204017.0
 34039,"Union, NJ",2018,39781399.0
 34041,"Warren, NJ",2018,4174587.0
 35000,New Mexico,2018,98838223.0
 35001,"Bernalillo, NM",2018,37952066.0
 35003,"Catron, NM",2018,90068.0
 35005,"Chaves, NM",2018,2118239.0
 35006,"Cibola, NM",2018,649036.0
 35007,"Colfax, NM",2018,454121.0
 35009,"Curry, NM",2018,3094923.0
 35011,"De Baca, NM",2018,79154.0
 35013,"Doña Ana, NM",2018,7605805.0
 35015,"Eddy, NM",2018,6534467.0
 35017,"Grant, NM",2018,1149737.0
 35019,"Guadalupe, NM",2018,152932.0
 35021,"Harding, NM",2018,49717.0
 35023,"Hidalgo, NM",2018,204061.0
 35025,"Lea, NM",2018,6228704.0
 35027,"Lincoln, NM",2018,667277.0
 35028,"Los Alamos, NM",2018,2308271.0
 35029,"Luna, NM",2018,841738.0
 35031,"McKinley, NM",2018,2394067.0
 35033,"Mora, NM",2018,108871.0
 35035,"Otero, NM",2018,2783795.0
 35037,"Quay, NM",2018,295428.0
 35039,"Rio Arriba, NM",2018,1097853.0
 35041,"Roosevelt, NM",2018,673195.0
 35043,"Sandoval, NM",2018,3556671.0
 35045,"San Juan, NM",2018,5760914.0
 35047,"San Miguel, NM",2018,687808.0
 35049,"Santa Fe, NM",2018,7251948.0
 35051,"Sierra, NM",2018,289287.0
 35053,"Socorro, NM",2018,495081.0
 35055,"Taos, NM",2018,1026755.0
 35057,"Torrance, NM",2018,400344.0
 35059,"Union, NM",2018,177660.0
 35061,"Valencia, NM",2018,1658227.0
 36000,New York,2018,1710665609.0
 36001,"Albany, NY",2018,32583380.0
 36003,"Allegany, NY",2018,1692746.0
 36005,"Bronx, NY",2018,43902337.0
 36007,"Broome, NY",2018,9221625.0
 36009,"Cattaraugus, NY",2018,2895373.0
 36011,"Cayuga, NY",2018,2863848.0
 36013,"Chautauqua, NY",2018,4925351.0
 36015,"Chemung, NY",2018,3826539.0
 36017,"Chenango, NY",2018,2306639.0
 36019,"Clinton, NY",2018,3784572.0
 36021,"Columbia, NY",2018,2409548.0
 36023,"Cortland, NY",2018,1856951.0
 36025,"Delaware, NY",2018,1969604.0
 36027,"Dutchess, NY",2018,14339922.0
 36029,"Erie, NY",2018,58787327.0
 36031,"Essex, NY",2018,1645390.0
 36033,"Franklin, NY",2018,1926994.0
 36035,"Fulton, NY",2018,1869805.0
 36037,"Genesee, NY",2018,2505817.0
 36039,"Greene, NY",2018,2449042.0
 36041,"Hamilton, NY",2018,239763.0
 36043,"Herkimer, NY",2018,1802310.0
 36045,"Jefferson, NY",2018,6537982.0
 36047,"Kings, NY",2018,101276102.0
 36049,"Lewis, NY",2018,1072795.0
 36051,"Livingston, NY",2018,2282531.0
 36053,"Madison, NY",2018,2416417.0
 36055,"Monroe, NY",2018,47596424.0
 36057,"Montgomery, NY",2018,1931304.0
 36059,"Nassau, NY",2018,102890727.0
 36061,"New York, NY",2018,749124139.0
 36063,"Niagara, NY",2018,9884671.0
 36065,"Oneida, NY",2018,11104142.0
 36067,"Onondaga, NY",2018,31616714.0
 36069,"Ontario, NY",2018,6321668.0
 36071,"Orange, NY",2018,19028488.0
 36073,"Orleans, NY",2018,1379300.0
 36075,"Oswego, NY",2018,6782067.0
 36077,"Otsego, NY",2018,2718114.0
 36079,"Putnam, NY",2018,3989343.0
 36081,"Queens, NY",2018,107910333.0
 36083,"Rensselaer, NY",2018,7948619.0
 36085,"Richmond, NY",2018,17403950.0
 36087,"Rockland, NY",2018,17781843.0
 36089,"St. Lawrence, NY",2018,4824256.0
 36091,"Saratoga, NY",2018,12375992.0
 36093,"Schenectady, NY",2018,8557755.0
 36095,"Schoharie, NY",2018,1089653.0
 36097,"Schuyler, NY",2018,543261.0
 36099,"Seneca, NY",2018,1512181.0
 36101,"Steuben, NY",2018,4581613.0
 36103,"Suffolk, NY",2018,101321192.0
 36105,"Sullivan, NY",2018,3156172.0
 36107,"Tioga, NY",2018,1778046.0
 36109,"Tompkins, NY",2018,6312334.0
 36111,"Ulster, NY",2018,7502171.0
 36113,"Warren, NY",2018,4416032.0
 36115,"Washington, NY",2018,1829333.0
 36117,"Wayne, NY",2018,4037664.0
 36119,"Westchester, NY",2018,85359845.0
 36121,"Wyoming, NY",2018,1740909.0
 36123,"Yates, NY",2018,924645.0
 37000,North Carolina,2018,568037295.0
 37001,"Alamance, NC",2018,6231439.0
 37003,"Alexander, NC",2018,833406.0
 37005,"Alleghany, NC",2018,327534.0
 37007,"Anson, NC",2018,895354.0
 37009,"Ashe, NC",2018,809364.0
 37011,"Avery, NC",2018,636889.0
 37013,"Beaufort, NC",2018,2175259.0
 37015,"Bertie, NC",2018,654708.0
 37017,"Bladen, NC",2018,1470135.0
 37019,"Brunswick, NC",2018,5035345.0
 37021,"Buncombe, NC",2018,14639117.0
 37023,"Burke, NC",2018,2726628.0
 37025,"Cabarrus, NC",2018,8054942.0
 37027,"Caldwell, NC",2018,2496351.0
 37029,"Camden, NC",2018,157429.0
 37031,"Carteret, NC",2018,2511975.0
 37033,"Caswell, NC",2018,367721.0
 37035,"Catawba, NC",2018,9149736.0
 37037,"Chatham, NC",2018,1774859.0
 37039,"Cherokee, NC",2018,804745.0
 37041,"Chowan, NC",2018,595338.0
 37043,"Clay, NC",2018,218419.0
 37045,"Cleveland, NC",2018,4244121.0
 37047,"Columbus, NC",2018,1464795.0
 37049,"Craven, NC",2018,4951704.0
 37051,"Cumberland, NC",2018,17424135.0
 37053,"Currituck, NC",2018,802522.0
 37055,"Dare, NC",2018,2397287.0
 37057,"Davidson, NC",2018,4906575.0
 37059,"Davie, NC",2018,1414685.0
 37061,"Duplin, NC",2018,2033700.0
 37063,"Durham, NC",2018,33721298.0
 37065,"Edgecombe, NC",2018,1606404.0
 37067,"Forsyth, NC",2018,26535554.0
 37069,"Franklin, NC",2018,1730172.0
 37071,"Gaston, NC",2018,7867881.0
 37073,"Gates, NC",2018,193830.0
 37075,"Graham, NC",2018,238432.0
 37077,"Granville, NC",2018,3362751.0
 37079,"Greene, NC",2018,422146.0
 37081,"Guilford, NC",2018,34878907.0
 37083,"Halifax, NC",2018,1470650.0
 37085,"Harnett, NC",2018,2636154.0
 37087,"Haywood, NC",2018,1876356.0
 37089,"Henderson, NC",2018,4059693.0
 37091,"Hertford, NC",2018,785951.0
 37093,"Hoke, NC",2018,1088762.0
 37095,"Hyde, NC",2018,184124.0
 37097,"Iredell, NC",2018,9172138.0
 37099,"Jackson, NC",2018,1545203.0
 37101,"Johnston, NC",2018,7392788.0
 37103,"Jones, NC",2018,168706.0
 37105,"Lee, NC",2018,2858734.0
 37107,"Lenoir, NC",2018,2878070.0
 37109,"Lincoln, NC",2018,2845957.0
 37111,"McDowell, NC",2018,1726675.0
 37113,"Macon, NC",2018,1515113.0
 37115,"Madison, NC",2018,390775.0
 37117,"Martin, NC",2018,680948.0
 37119,"Mecklenburg, NC",2018,116314862.0
 37121,"Mitchell, NC",2018,548437.0
 37123,"Montgomery, NC",2018,971156.0
 37125,"Moore, NC",2018,3692431.0
 37127,"Nash, NC",2018,5175359.0
 37129,"New Hanover, NC",2018,13311129.0
 37131,"Northampton, NC",2018,532608.0
 37133,"Onslow, NC",2018,8633739.0
 37135,"Orange, NC",2018,9176140.0
 37137,"Pamlico, NC",2018,292230.0
 37139,"Pasquotank, NC",2018,1549771.0
 37141,"Pender, NC",2018,1484062.0
 37143,"Perquimans, NC",2018,259801.0
 37145,"Person, NC",2018,1582656.0
 37147,"Pitt, NC",2018,9552881.0
 37149,"Polk, NC",2018,491584.0
 37151,"Randolph, NC",2018,4236277.0
 37153,"Richmond, NC",2018,2061906.0
 37155,"Robeson, NC",2018,3966106.0
 37157,"Rockingham, NC",2018,3071349.0
 37159,"Rowan, NC",2018,5400536.0
 37161,"Rutherford, NC",2018,1792082.0
 37163,"Sampson, NC",2018,1873054.0
 37165,"Scotland, NC",2018,1162742.0
 37167,"Stanly, NC",2018,1860754.0
 37169,"Stokes, NC",2018,1096506.0
 37171,"Surry, NC",2018,2586267.0
 37173,"Swain, NC",2018,643241.0
 37175,"Transylvania, NC",2018,1695058.0
 37177,"Tyrrell, NC",2018,115545.0
 37179,"Union, NC",2018,8033606.0
 37181,"Vance, NC",2018,1303287.0
 37183,"Wake, NC",2018,81746411.0
 37185,"Warren, NC",2018,315699.0
 37187,"Washington, NC",2018,268126.0
 37189,"Watauga, NC",2018,2259806.0
 37191,"Wayne, NC",2018,4973001.0
 37193,"Wilkes, NC",2018,2492557.0
 37195,"Wilson, NC",2018,4115121.0
 37197,"Yadkin, NC",2018,916842.0
 37199,"Yancey, NC",2018,442185.0
 38000,North Dakota,2018,60377082.0
 38001,"Adams, ND",2018,116365.0
 38003,"Barnes, ND",2018,591133.0
 38005,"Benson, ND",2018,268132.0
 38007,"Billings, ND",2018,131250.0
 38009,"Bottineau, ND",2018,492634.0
 38011,"Bowman, ND",2018,244943.0
 38013,"Burke, ND",2018,218020.0
 38015,"Burleigh, ND",2018,6004980.0
 38017,"Cass, ND",2018,13328311.0
 38019,"Cavalier, ND",2018,491776.0
 38021,"Dickey, ND",2018,309168.0
 38023,"Divide, ND",2018,207874.0
 38025,"Dunn, ND",2018,1289986.0
 38027,"Eddy, ND",2018,142814.0
 38029,"Emmons, ND",2018,153383.0
 38031,"Foster, ND",2018,254996.0
 38033,"Golden Valley, ND",2018,83374.0
 38035,"Grand Forks, ND",2018,4240419.0
 38037,"Grant, ND",2018,104889.0
 38039,"Griggs, ND",2018,156674.0
 38041,"Hettinger, ND",2018,87486.0
 38043,"Kidder, ND",2018,126162.0
 38045,"LaMoure, ND",2018,245476.0
 38047,"Logan, ND",2018,130143.0
 38049,"McHenry, ND",2018,278520.0
 38051,"McIntosh, ND",2018,144740.0
 38053,"McKenzie, ND",2018,3890459.0
 38055,"McLean, ND",2018,861351.0
 38057,"Mercer, ND",2018,1118556.0
 38059,"Morton, ND",2018,1453070.0
 38061,"Mountrail, ND",2018,1956262.0
 38063,"Nelson, ND",2018,165704.0
 38065,"Oliver, ND",2018,263474.0
 38067,"Pembina, ND",2018,508843.0
 38069,"Pierce, ND",2018,264023.0
 38071,"Ramsey, ND",2018,638551.0
 38073,"Ransom, ND",2018,258203.0
 38075,"Renville, ND",2018,238002.0
 38077,"Richland, ND",2018,849379.0
 38079,"Rolette, ND",2018,421672.0
 38081,"Sargent, ND",2018,653894.0
 38083,"Sheridan, ND",2018,75793.0
 38085,"Sioux, ND",2018,144007.0
 38087,"Slope, ND",2018,33892.0
 38089,"Stark, ND",2018,3009731.0
 38091,"Steele, ND",2018,130547.0
 38093,"Stutsman, ND",2018,1242324.0
 38095,"Towner, ND",2018,203666.0
 38097,"Traill, ND",2018,399558.0
 38099,"Walsh, ND",2018,632837.0
 38101,"Ward, ND",2018,4353290.0
 38103,"Wells, ND",2018,290106.0
 38105,"Williams, ND",2018,6476240.0
 39000,Ohio,2018,672540140.0
 39001,"Adams, OH",2018,966690.0
 39003,"Allen, OH",2018,8485619.0
 39005,"Ashland, OH",2018,1780643.0
 39007,"Ashtabula, OH",2018,3188897.0
 39009,"Athens, OH",2018,2122335.0
 39011,"Auglaize, OH",2018,2371670.0
 39013,"Belmont, OH",2018,3371199.0
 39015,"Brown, OH",2018,907071.0
 39017,"Butler, OH",2018,22039698.0
 39019,"Carroll, OH",2018,1169059.0
 39021,"Champaign, OH",2018,1211872.0
 39023,"Clark, OH",2018,4714826.0
 39025,"Clermont, OH",2018,8725688.0
 39027,"Clinton, OH",2018,2289418.0
 39029,"Columbiana, OH",2018,3014703.0
 39031,"Coshocton, OH",2018,1466780.0
 39033,"Crawford, OH",2018,1307493.0
 39035,"Cuyahoga, OH",2018,98847611.0
 39037,"Darke, OH",2018,2301244.0
 39039,"Defiance, OH",2018,1687482.0
 39041,"Delaware, OH",2018,12243911.0
 39043,"Erie, OH",2018,4905993.0
 39045,"Fairfield, OH",2018,4528420.0
 39047,"Fayette, OH",2018,2109898.0
 39049,"Franklin, OH",2018,100592118.0
 39051,"Fulton, OH",2018,2051428.0
 39053,"Gallia, OH",2018,2326482.0
 39055,"Geauga, OH",2018,4497684.0
 39057,"Greene, OH",2018,9939684.0
 39059,"Guernsey, OH",2018,2147985.0
 39061,"Hamilton, OH",2018,77687519.0
 39063,"Hancock, OH",2018,5512377.0
 39065,"Hardin, OH",2018,951527.0
 39067,"Harrison, OH",2018,837887.0
 39069,"Henry, OH",2018,1279337.0
 39071,"Highland, OH",2018,1280861.0
 39073,"Hocking, OH",2018,629779.0
 39075,"Holmes, OH",2018,2454157.0
 39077,"Huron, OH",2018,2336883.0
 39079,"Jackson, OH",2018,1042447.0
 39081,"Jefferson, OH",2018,3538402.0
 39083,"Knox, OH",2018,2202386.0
 39085,"Lake, OH",2018,11717865.0
 39087,"Lawrence, OH",2018,1737893.0
 39089,"Licking, OH",2018,6616482.0
 39091,"Logan, OH",2018,2105803.0
 39093,"Lorain, OH",2018,10966047.0
 39095,"Lucas, OH",2018,25665906.0
 39097,"Madison, OH",2018,1935965.0
 39099,"Mahoning, OH",2018,9377536.0
 39101,"Marion, OH",2018,2788227.0
 39103,"Medina, OH",2018,7767566.0
 39105,"Meigs, OH",2018,391049.0
 39107,"Mercer, OH",2018,2611611.0
 39109,"Miami, OH",2018,4453792.0
 39111,"Monroe, OH",2018,956981.0
 39113,"Montgomery, OH",2018,29606795.0
 39115,"Morgan, OH",2018,308095.0
 39117,"Morrow, OH",2018,639556.0
 39119,"Muskingum, OH",2018,3700114.0
 39121,"Noble, OH",2018,454245.0
 39123,"Ottawa, OH",2018,2074345.0
 39125,"Paulding, OH",2018,582533.0
 39127,"Perry, OH",2018,767377.0
 39129,"Pickaway, OH",2018,1776991.0
 39131,"Pike, OH",2018,1175700.0
 39133,"Portage, OH",2018,6616068.0
 39135,"Preble, OH",2018,1147416.0
 39137,"Putnam, OH",2018,1266725.0
 39139,"Richland, OH",2018,4701707.0
 39141,"Ross, OH",2018,2883544.0
 39143,"Sandusky, OH",2018,2970563.0
 39145,"Scioto, OH",2018,2595368.0
 39147,"Seneca, OH",2018,1965086.0
 39149,"Shelby, OH",2018,3264342.0
 39151,"Stark, OH",2018,17351400.0
 39153,"Summit, OH",2018,30999604.0
 39155,"Trumbull, OH",2018,7176134.0
 39157,"Tuscarawas, OH",2018,3872420.0
 39159,"Union, OH",2018,4617786.0
 39161,"Van Wert, OH",2018,1431224.0
 39163,"Vinton, OH",2018,318164.0
 39165,"Warren, OH",2018,12007157.0
 39167,"Washington, OH",2018,3509986.0
 39169,"Wayne, OH",2018,6356291.0
 39171,"Williams, OH",2018,1745286.0
 39173,"Wood, OH",2018,7433849.0
 39175,"Wyandot, OH",2018,1064381.0
 40000,Oklahoma,2018,204193877.0
 40001,"Adair, OK",2018,481142.0
 40003,"Alfalfa, OK",2018,564822.0
 40005,"Atoka, OK",2018,381521.0
 40007,"Beaver, OK",2018,435119.0
 40009,"Beckham, OK",2018,1303748.0
 40011,"Blaine, OK",2018,1269962.0
 40013,"Bryan, OK",2018,1631445.0
 40015,"Caddo, OK",2018,1023025.0
 40017,"Canadian, OK",2018,6105365.0
 40019,"Carter, OK",2018,2879896.0
 40021,"Cherokee, OK",2018,1247432.0
 40023,"Choctaw, OK",2018,417028.0
 40025,"Cimarron, OK",2018,210822.0
 40027,"Cleveland, OK",2018,8589085.0
 40029,"Coal, OK",2018,300680.0
 40031,"Comanche, OK",2018,5122727.0
 40033,"Cotton, OK",2018,143586.0
 40035,"Craig, OK",2018,486186.0
 40037,"Creek, OK",2018,2091903.0
 40039,"Custer, OK",2018,1613124.0
 40041,"Delaware, OK",2018,966690.0
 40043,"Dewey, OK",2018,770929.0
 40045,"Ellis, OK",2018,613974.0
 40047,"Garfield, OK",2018,2901868.0
 40049,"Garvin, OK",2018,1768557.0
 40051,"Grady, OK",2018,3007144.0
 40053,"Grant, OK",2018,271210.0
 40055,"Greer, OK",2018,99757.0
 40057,"Harmon, OK",2018,71945.0
 40059,"Harper, OK",2018,284987.0
 40061,"Haskell, OK",2018,356401.0
 40063,"Hughes, OK",2018,809294.0
 40065,"Jackson, OK",2018,1037344.0
 40067,"Jefferson, OK",2018,130708.0
 40069,"Johnston, OK",2018,487524.0
 40071,"Kay, OK",2018,1843853.0
 40073,"Kingfisher, OK",2018,2092162.0
 40075,"Kiowa, OK",2018,222555.0
 40077,"Latimer, OK",2018,343254.0
 40079,"Le Flore, OK",2018,1515272.0
 40081,"Lincoln, OK",2018,862078.0
 40083,"Logan, OK",2018,911793.0
 40085,"Love, OK",2018,617021.0
 40087,"McClain, OK",2018,1426671.0
 40089,"McCurtain, OK",2018,1097705.0
 40091,"McIntosh, OK",2018,364433.0
 40093,"Major, OK",2018,546800.0
 40095,"Marshall, OK",2018,494639.0
 40097,"Mayes, OK",2018,1882264.0
 40099,"Murray, OK",2018,571586.0
 40101,"Muskogee, OK",2018,3091975.0
 40103,"Noble, OK",2018,757746.0
 40105,"Nowata, OK",2018,182050.0
 40107,"Okfuskee, OK",2018,246835.0
 40109,"Oklahoma, OK",2018,59141667.0
 40111,"Okmulgee, OK",2018,870277.0
 40113,"Osage, OK",2018,1016554.0
 40115,"Ottawa, OK",2018,1030235.0
 40117,"Pawnee, OK",2018,384234.0
 40119,"Payne, OK",2018,3379324.0
 40121,"Pittsburg, OK",2018,2210500.0
 40123,"Pontotoc, OK",2018,2017252.0
 40125,"Pottawatomie, OK",2018,2150190.0
 40127,"Pushmataha, OK",2018,231423.0
 40129,"Roger Mills, OK",2018,453284.0
 40131,"Rogers, OK",2018,3439658.0
 40133,"Seminole, OK",2018,798142.0
 40135,"Sequoyah, OK",2018,722091.0
 40137,"Stephens, OK",2018,2020923.0
 40139,"Texas, OK",2018,1822609.0
 40141,"Tillman, OK",2018,180615.0
 40143,"Tulsa, OK",2018,45683690.0
 40145,"Wagoner, OK",2018,1313601.0
 40147,"Washington, OK",2018,4181778.0
 40149,"Washita, OK",2018,357650.0
 40151,"Woods, OK",2018,661832.0
 40153,"Woodward, OK",2018,1178706.0
 41000,Oregon,2018,238466928.0
 41001,"Baker, OR",2018,555086.0
 41003,"Benton, OR",2018,4593075.0
 41005,"Clackamas, OR",2018,21764051.0
 41007,"Clatsop, OR",2018,1951707.0
 41009,"Columbia, OR",2018,1358758.0
 41011,"Coos, OR",2018,2366276.0
 41013,"Crook, OR",2018,804852.0
 41015,"Curry, OR",2018,676480.0
 41017,"Deschutes, OR",2018,10081597.0
 41019,"Douglas, OR",2018,3798112.0
 41021,"Gilliam, OR",2018,250766.0
 41023,"Grant, OR",2018,262936.0
 41025,"Harney, OR",2018,264419.0
 41027,"Hood River, OR",2018,1277735.0
 41029,"Jackson, OR",2018,9428799.0
 41031,"Jefferson, OR",2018,751363.0
 41033,"Josephine, OR",2018,2821497.0
 41035,"Klamath, OR",2018,2404552.0
 41037,"Lake, OR",2018,301524.0
 41039,"Lane, OR",2018,16645391.0
 41041,"Lincoln, OR",2018,2043428.0
 41043,"Linn, OR",2018,4955241.0
 41045,"Malheur, OR",2018,1267953.0
 41047,"Marion, OR",2018,16350364.0
 41049,"Morrow, OR",2018,1382391.0
 41051,"Multnomah, OR",2018,68559282.0
 41053,"Polk, OR",2018,2062743.0
 41055,"Sherman, OR",2018,561278.0
 41057,"Tillamook, OR",2018,1220162.0
 41059,"Umatilla, OR",2018,3384587.0
 41061,"Union, OR",2018,991690.0
 41063,"Wallowa, OR",2018,334180.0
 41065,"Wasco, OR",2018,1422419.0
 41067,"Washington, OR",2018,47796493.0
 41069,"Wheeler, OR",2018,35069.0
 41071,"Yamhill, OR",2018,3740672.0
 42000,Pennsylvania,2018,780620672.0
 42001,"Adams, PA",2018,4016825.0
 42003,"Allegheny, PA",2018,103296979.0
 42005,"Armstrong, PA",2018,2339453.0
 42007,"Beaver, PA",2018,7418380.0
 42009,"Bedford, PA",2018,1516519.0
 42011,"Berks, PA",2018,20864174.0
 42013,"Blair, PA",2018,6058725.0
 42015,"Bradford, PA",2018,3389770.0
 42017,"Bucks, PA",2018,36648999.0
 42019,"Butler, PA",2018,10598859.0
 42021,"Cambria, PA",2018,4802374.0
 42023,"Cameron, PA",2018,207884.0
 42025,"Carbon, PA",2018,2574730.0
 42027,"Centre, PA",2018,8986157.0
 42029,"Chester, PA",2018,46810519.0
 42031,"Clarion, PA",2018,1238363.0
 42033,"Clearfield, PA",2018,2906007.0
 42035,"Clinton, PA",2018,1666860.0
 42037,"Columbia, PA",2018,2475695.0
 42039,"Crawford, PA",2018,3097931.0
 42041,"Cumberland, PA",2018,16084396.0
 42043,"Dauphin, PA",2018,23157261.0
 42045,"Delaware, PA",2018,34975174.0
 42047,"Elk, PA",2018,1538422.0
 42049,"Erie, PA",2018,11844098.0
 42051,"Fayette, PA",2018,4631741.0
 42053,"Forest, PA",2018,246286.0
 42055,"Franklin, PA",2018,6511973.0
 42057,"Fulton, PA",2018,695440.0
 42059,"Greene, PA",2018,2958040.0
 42061,"Huntingdon, PA",2018,1315874.0
 42063,"Indiana, PA",2018,4271208.0
 42065,"Jefferson, PA",2018,1612074.0
 42067,"Juniata, PA",2018,782174.0
 42069,"Lackawanna, PA",2018,10070241.0
 42071,"Lancaster, PA",2018,29902188.0
 42073,"Lawrence, PA",2018,3199322.0
 42075,"Lebanon, PA",2018,5963087.0
 42077,"Lehigh, PA",2018,22954018.0
 42079,"Luzerne, PA",2018,15642726.0
 42081,"Lycoming, PA",2018,5956709.0
 42083,"McKean, PA",2018,1849772.0
 42085,"Mercer, PA",2018,4561251.0
 42087,"Mifflin, PA",2018,1727206.0
 42089,"Monroe, PA",2018,7852706.0
 42091,"Montgomery, PA",2018,80863704.0
 42093,"Montour, PA",2018,1989840.0
 42095,"Northampton, PA",2018,15891291.0
 42097,"Northumberland, PA",2018,2885054.0
 42099,"Perry, PA",2018,999841.0
 42101,"Philadelphia, PA",2018,110895144.0
 42103,"Pike, PA",2018,1418700.0
 42105,"Potter, PA",2018,934691.0
 42107,"Schuylkill, PA",2018,4967990.0
 42109,"Snyder, PA",2018,1613071.0
 42111,"Somerset, PA",2018,2521275.0
 42113,"Sullivan, PA",2018,283933.0
 42115,"Susquehanna, PA",2018,2239173.0
 42117,"Tioga, PA",2018,1611984.0
 42119,"Union, PA",2018,1879969.0
 42121,"Venango, PA",2018,1855638.0
 42123,"Warren, PA",2018,1460889.0
 42125,"Washington, PA",2018,14510646.0
 42127,"Wayne, PA",2018,1872300.0
 42129,"Westmoreland, PA",2018,15244945.0
 42131,"Wyoming, PA",2018,1708256.0
 42133,"York, PA",2018,21753750.0
 44000,Rhode Island,2018,60064877.0
 44001,"Bristol, RI",2018,1841678.0
 44003,"Kent, RI",2018,9642906.0
 44005,"Newport, RI",2018,6095590.0
 44007,"Providence, RI",2018,35530868.0
 44009,"Washington, RI",2018,6953835.0
 45000,South Carolina,2018,236561687.0
 45001,"Abbeville, SC",2018,598255.0
 45003,"Aiken, SC",2018,7166179.0
 45005,"Allendale, SC",2018,307059.0
 45007,"Anderson, SC",2018,7165158.0
 45009,"Bamberg, SC",2018,345938.0
 45011,"Barnwell, SC",2018,523679.0
 45013,"Beaufort, SC",2018,8367551.0
 45015,"Berkeley, SC",2018,8353641.0
 45017,"Calhoun, SC",2018,566969.0
 45019,"Charleston, SC",2018,32004648.0
 45021,"Cherokee, SC",2018,1851307.0
 45023,"Chester, SC",2018,1141247.0
 45025,"Chesterfield, SC",2018,1537036.0
 45027,"Clarendon, SC",2018,636504.0
 45029,"Colleton, SC",2018,979413.0
 45031,"Darlington, SC",2018,2718985.0
 45033,"Dillon, SC",2018,776535.0
 45035,"Dorchester, SC",2018,3954228.0
 45037,"Edgefield, SC",2018,611573.0
 45039,"Fairfield, SC",2018,1051890.0
 45041,"Florence, SC",2018,7161617.0
 45043,"Georgetown, SC",2018,2565643.0
 45045,"Greenville, SC",2018,32925134.0
 45047,"Greenwood, SC",2018,2963215.0
 45049,"Hampton, SC",2018,486093.0
 45051,"Horry, SC",2018,13709392.0
 45053,"Jasper, SC",2018,1174870.0
 45055,"Kershaw, SC",2018,1842146.0
 45057,"Lancaster, SC",2018,4020745.0
 45059,"Laurens, SC",2018,2325406.0
 45061,"Lee, SC",2018,357449.0
 45063,"Lexington, SC",2018,12958958.0
 45065,"McCormick, SC",2018,219106.0
 45067,"Marion, SC",2018,606786.0
 45069,"Marlboro, SC",2018,800523.0
 45071,"Newberry, SC",2018,1370472.0
 45073,"Oconee, SC",2018,3843978.0
 45075,"Orangeburg, SC",2018,2888996.0
 45077,"Pickens, SC",2018,3982922.0
 45079,"Richland, SC",2018,25724860.0
 45081,"Saluda, SC",2018,429261.0
 45083,"Spartanburg, SC",2018,15631980.0
 45085,"Sumter, SC",2018,4307314.0
 45087,"Union, SC",2018,726292.0
 45089,"Williamsburg, SC",2018,829928.0
 45091,"York, SC",2018,12050807.0
 46000,South Dakota,2018,53349545.0
 46003,"Aurora, SD",2018,84208.0
 46005,"Beadle, SD",2018,928624.0
 46007,"Bennett, SD",2018,107960.0
 46009,"Bon Homme, SD",2018,238068.0
 46011,"Brookings, SD",2018,2144037.0
 46013,"Brown, SD",2018,2293539.0
 46015,"Brule, SD",2018,246763.0
 46017,"Buffalo, SD",2018,100375.0
 46019,"Butte, SD",2018,316555.0
 46021,"Campbell, SD",2018,91203.0
 46023,"Charles Mix, SD",2018,438413.0
 46025,"Clark, SD",2018,176433.0
 46027,"Clay, SD",2018,577420.0
 46029,"Codington, SD",2018,1518229.0
 46031,"Corson, SD",2018,83170.0
 46033,"Custer, SD",2018,250944.0
 46035,"Davison, SD",2018,1245967.0
 46037,"Day, SD",2018,275036.0
 46039,"Deuel, SD",2018,274788.0
 46041,"Dewey, SD",2018,197678.0
 46043,"Douglas, SD",2018,187546.0
 46045,"Edmunds, SD",2018,251974.0
 46047,"Fall River, SD",2018,246936.0
 46049,"Faulk, SD",2018,143109.0
 46051,"Grant, SD",2018,564013.0
 46053,"Gregory, SD",2018,156727.0
 46055,"Haakon, SD",2018,113872.0
 46057,"Hamlin, SD",2018,245481.0
 46059,"Hand, SD",2018,184114.0
 46061,"Hanson, SD",2018,127723.0
 46063,"Harding, SD",2018,56635.0
 46065,"Hughes, SD",2018,1243215.0
 46067,"Hutchinson, SD",2018,375197.0
 46069,"Hyde, SD",2018,83214.0
 46071,"Jackson, SD",2018,75302.0
 46073,"Jerauld, SD",2018,156868.0
 46075,"Jones, SD",2018,46581.0
 46077,"Kingsbury, SD",2018,272160.0
 46079,"Lake, SD",2018,585697.0
 46081,"Lawrence, SD",2018,1155406.0
 46083,"Lincoln, SD",2018,2797180.0
 46085,"Lyman, SD",2018,166293.0
 46087,"McCook, SD",2018,226604.0
 46089,"McPherson, SD",2018,116197.0
 46091,"Marshall, SD",2018,249895.0
 46093,"Meade, SD",2018,822484.0
 46095,"Mellette, SD",2018,37542.0
 46097,"Miner, SD",2018,96707.0
 46099,"Minnehaha, SD",2018,19432036.0
 46101,"Moody, SD",2018,306196.0
 46102,"Oglala Lakota, SD*",2018,325566.0
 46103,"Pennington, SD",2018,5715850.0
 46105,"Perkins, SD",2018,133194.0
 46107,"Potter, SD",2018,136713.0
 46109,"Roberts, SD",2018,375115.0
 46111,"Sanborn, SD",2018,108616.0
 46115,"Spink, SD",2018,394056.0
 46117,"Stanley, SD",2018,118433.0
 46119,"Sully, SD",2018,118103.0
 46121,"Todd, SD",2018,227046.0
 46123,"Tripp, SD",2018,255954.0
 46125,"Turner, SD",2018,375784.0
 46127,"Union, SD",2018,1401195.0
 46129,"Walworth, SD",2018,247703.0
 46135,"Yankton, SD",2018,1256236.0
 46137,"Ziebach, SD",2018,47666.0
 47000,Tennessee,2018,369713198.0
 47001,"Anderson, TN",2018,4968184.0
 47003,"Bedford, TN",2018,1913480.0
 47005,"Benton, TN",2018,371799.0
 47007,"Bledsoe, TN",2018,209821.0
 47009,"Blount, TN",2018,5864123.0
 47011,"Bradley, TN",2018,4503249.0
 47013,"Campbell, TN",2018,957845.0
 47015,"Cannon, TN",2018,263746.0
 47017,"Carroll, TN",2018,693065.0
 47019,"Carter, TN",2018,1080700.0
 47021,"Cheatham, TN",2018,1175990.0
 47023,"Chester, TN",2018,372148.0
 47025,"Claiborne, TN",2018,785793.0
 47027,"Clay, TN",2018,179557.0
 47029,"Cocke, TN",2018,782113.0
 47031,"Coffee, TN",2018,2851202.0
 47033,"Crockett, TN",2018,562240.0
 47035,"Cumberland, TN",2018,1738059.0
 47037,"Davidson, TN",2018,72347624.0
 47039,"Decatur, TN",2018,336195.0
 47041,"DeKalb, TN",2018,666522.0
 47043,"Dickson, TN",2018,2011156.0
 47045,"Dyer, TN",2018,1691013.0
 47047,"Fayette, TN",2018,1168709.0
 47049,"Fentress, TN",2018,451260.0
 47051,"Franklin, TN",2018,1195411.0
 47053,"Gibson, TN",2018,1461916.0
 47055,"Giles, TN",2018,1159275.0
 47057,"Grainger, TN",2018,428511.0
 47059,"Greene, TN",2018,2508002.0
 47061,"Grundy, TN",2018,241270.0
 47063,"Hamblen, TN",2018,3113565.0
 47065,"Hamilton, TN",2018,25975160.0
 47067,"Hancock, TN",2018,86775.0
 47069,"Hardeman, TN",2018,626101.0
 47071,"Hardin, TN",2018,963055.0
 47073,"Hawkins, TN",2018,1789530.0
 47075,"Haywood, TN",2018,779805.0
 47077,"Henderson, TN",2018,768033.0
 47079,"Henry, TN",2018,1191052.0
 47081,"Hickman, TN",2018,468015.0
 47083,"Houston, TN",2018,150979.0
 47085,"Humphreys, TN",2018,798758.0
 47087,"Jackson, TN",2018,215955.0
 47089,"Jefferson, TN",2018,1622079.0
 47091,"Johnson, TN",2018,415139.0
 47093,"Knox, TN",2018,28080608.0
 47095,"Lake, TN",2018,114689.0
 47097,"Lauderdale, TN",2018,721556.0
 47099,"Lawrence, TN",2018,1046815.0
 47101,"Lewis, TN",2018,276876.0
 47103,"Lincoln, TN",2018,1093391.0
 47105,"Loudon, TN",2018,1950248.0
 47107,"McMinn, TN",2018,2130596.0
 47109,"McNairy, TN",2018,566113.0
 47111,"Macon, TN",2018,557826.0
 47113,"Madison, TN",2018,6116722.0
 47115,"Marion, TN",2018,830331.0
 47117,"Marshall, TN",2018,1225813.0
 47119,"Maury, TN",2018,4075273.0
 47121,"Meigs, TN",2018,258108.0
 47123,"Monroe, TN",2018,1460637.0
 47125,"Montgomery, TN",2018,5564714.0
 47127,"Moore, TN",2018,501756.0
 47129,"Morgan, TN",2018,281654.0
 47131,"Obion, TN",2018,1116517.0
 47133,"Overton, TN",2018,555614.0
 47135,"Perry, TN",2018,195525.0
 47137,"Pickett, TN",2018,160838.0
 47139,"Polk, TN",2018,312959.0
 47141,"Putnam, TN",2018,3539724.0
 47143,"Rhea, TN",2018,2098067.0
 47145,"Roane, TN",2018,2500272.0
 47147,"Robertson, TN",2018,2511264.0
 47149,"Rutherford, TN",2018,16955142.0
 47151,"Scott, TN",2018,507738.0
 47153,"Sequatchie, TN",2018,287955.0
 47155,"Sevier, TN",2018,4551113.0
 47157,"Shelby, TN",2018,65778864.0
 47159,"Smith, TN",2018,722049.0
 47161,"Stewart, TN",2018,927393.0
 47163,"Sullivan, TN",2018,8125724.0
 47165,"Sumner, TN",2018,7178028.0
 47167,"Tipton, TN",2018,1204584.0
 47169,"Trousdale, TN",2018,201148.0
 47171,"Unicoi, TN",2018,590272.0
 47173,"Union, TN",2018,318696.0
 47175,"Van Buren, TN",2018,96517.0
 47177,"Warren, TN",2018,1466285.0
 47179,"Washington, TN",2018,5931548.0
 47181,"Wayne, TN",2018,325510.0
 47183,"Weakley, TN",2018,1033923.0
 47185,"White, TN",2018,749375.0
 47187,"Williamson, TN",2018,23451943.0
 47189,"Wilson, TN",2018,5560905.0
 48000,Texas,2018,1808026912.0
 48001,"Anderson, TX",2018,1962740.0
 48003,"Andrews, TX",2018,3259174.0
 48005,"Angelina, TX",2018,3372729.0
 48007,"Aransas, TX",2018,663359.0
 48009,"Archer, TX",2018,290025.0
 48011,"Armstrong, TX",2018,51630.0
 48013,"Atascosa, TX",2018,3091172.0
 48015,"Austin, TX",2018,1367774.0
 48017,"Bailey, TX",2018,383338.0
 48019,"Bandera, TX",2018,373913.0
 48021,"Bastrop, TX",2018,2376390.0
 48023,"Baylor, TX",2018,156791.0
 48025,"Bee, TX",2018,754302.0
 48027,"Bell, TX",2018,16740324.0
 48029,"Bexar, TX",2018,107052245.0
 48031,"Blanco, TX",2018,391551.0
 48033,"Borden, TX",2018,335292.0
 48035,"Bosque, TX",2018,561779.0
 48037,"Bowie, TX",2018,3713787.0
 48039,"Brazoria, TX",2018,17142207.0
 48041,"Brazos, TX",2018,10287257.0
 48043,"Brewster, TX",2018,379177.0
 48045,"Briscoe, TX",2018,93813.0
 48047,"Brooks, TX",2018,300085.0
 48049,"Brown, TX",2018,1457648.0
 48051,"Burleson, TX",2018,1227687.0
 48053,"Burnet, TX",2018,1654975.0
 48055,"Caldwell, TX",2018,930821.0
 48057,"Calhoun, TX",2018,3720442.0
 48059,"Callahan, TX",2018,301875.0
 48061,"Cameron, TX",2018,11184169.0
 48063,"Camp, TX",2018,379806.0
 48065,"Carson, TX",2018,967796.0
 48067,"Cass, TX",2018,846281.0
 48069,"Castro, TX",2018,638154.0
 48071,"Chambers, TX",2018,3084833.0
 48073,"Cherokee, TX",2018,1325797.0
 48075,"Childress, TX",2018,211980.0
 48077,"Clay, TX",2018,220470.0
 48079,"Cochran, TX",2018,197792.0
 48081,"Coke, TX",2018,103996.0
 48083,"Coleman, TX",2018,206677.0
 48085,"Collin, TX",2018,67004002.0
 48087,"Collingsworth, TX",2018,80197.0
 48089,"Colorado, TX",2018,829229.0
 48091,"Comal, TX",2018,6357533.0
 48093,"Comanche, TX",2018,369844.0
 48095,"Concho, TX",2018,85439.0
 48097,"Cooke, TX",2018,2792490.0
 48099,"Coryell, TX",2018,1742001.0
 48101,"Cottle, TX",2018,73195.0
 48103,"Crane, TX",2018,588054.0
 48105,"Crockett, TX",2018,755715.0
 48107,"Crosby, TX",2018,224726.0
 48109,"Culberson, TX",2018,2101737.0
 48111,"Dallam, TX",2018,676762.0
 48113,"Dallas, TX",2018,263230069.0
 48115,"Dawson, TX",2018,726293.0
 48117,"Deaf Smith, TX",2018,1500106.0
 48119,"Delta, TX",2018,94189.0
 48121,"Denton, TX",2018,34525514.0
 48123,"DeWitt, TX",2018,4653204.0
 48125,"Dickens, TX",2018,102471.0
 48127,"Dimmit, TX",2018,4130446.0
 48129,"Donley, TX",2018,133420.0
 48131,"Duval, TX",2018,363565.0
 48133,"Eastland, TX",2018,814337.0
 48135,"Ector, TX",2018,12819855.0
 48137,"Edwards, TX",2018,69573.0
 48139,"Ellis, TX",2018,6568529.0
 48141,"El Paso, TX",2018,32116390.0
 48143,"Erath, TX",2018,1538051.0
 48145,"Falls, TX",2018,377618.0
 48147,"Fannin, TX",2018,910246.0
 48149,"Fayette, TX",2018,1606081.0
 48151,"Fisher, TX",2018,226979.0
 48153,"Floyd, TX",2018,304103.0
 48155,"Foard, TX",2018,42386.0
 48157,"Fort Bend, TX",2018,30225470.0
 48159,"Franklin, TX",2018,404835.0
 48161,"Freestone, TX",2018,1052782.0
 48163,"Frio, TX",2018,1291137.0
 48165,"Gaines, TX",2018,2019159.0
 48167,"Galveston, TX",2018,16560525.0
 48169,"Garza, TX",2018,259830.0
 48171,"Gillespie, TX",2018,1056334.0
 48173,"Glasscock, TX",2018,2697604.0
 48175,"Goliad, TX",2018,326270.0
 48177,"Gonzales, TX",2018,2817066.0
 48179,"Gray, TX",2018,1077649.0
 48181,"Grayson, TX",2018,5079264.0
 48183,"Gregg, TX",2018,7889991.0
 48185,"Grimes, TX",2018,1093779.0
 48187,"Guadalupe, TX",2018,6247632.0
 48189,"Hale, TX",2018,1184002.0
 48191,"Hall, TX",2018,72285.0
 48193,"Hamilton, TX",2018,243263.0
 48195,"Hansford, TX",2018,509143.0
 48197,"Hardeman, TX",2018,175989.0
 48199,"Hardin, TX",2018,1447314.0
 48201,"Harris, TX",2018,403789170.0
 48203,"Harrison, TX",2018,4624135.0
 48205,"Hartley, TX",2018,683562.0
 48207,"Haskell, TX",2018,271187.0
 48209,"Hays, TX",2018,7974904.0
 48211,"Hemphill, TX",2018,684104.0
 48213,"Henderson, TX",2018,1793311.0
 48215,"Hidalgo, TX",2018,21688589.0
 48217,"Hill, TX",2018,972778.0
 48219,"Hockley, TX",2018,1837575.0
 48221,"Hood, TX",2018,2371220.0
 48223,"Hopkins, TX",2018,1551837.0
 48225,"Houston, TX",2018,942812.0
 48227,"Howard, TX",2018,5292776.0
 48229,"Hudspeth, TX",2018,158831.0
 48231,"Hunt, TX",2018,4702115.0
 48233,"Hutchinson, TX",2018,5389008.0
 48235,"Irion, TX",2018,872513.0
 48237,"Jack, TX",2018,601553.0
 48239,"Jackson, TX",2018,719774.0
 48241,"Jasper, TX",2018,1055456.0
 48243,"Jeff Davis, TX",2018,69694.0
 48245,"Jefferson, TX",2018,22273798.0
 48247,"Jim Hogg, TX",2018,177037.0
 48249,"Jim Wells, TX",2018,1832924.0
 48251,"Johnson, TX",2018,6005505.0
 48253,"Jones, TX",2018,422073.0
 48255,"Karnes, TX",2018,7556897.0
 48257,"Kaufman, TX",2018,3688671.0
 48259,"Kendall, TX",2018,2184630.0
 48261,"Kenedy, TX",2018,245822.0
 48263,"Kent, TX",2018,214620.0
 48265,"Kerr, TX",2018,2073550.0
 48267,"Kimble, TX",2018,136154.0
 48269,"King, TX",2018,123182.0
 48271,"Kinney, TX",2018,110275.0
 48273,"Kleberg, TX",2018,1067537.0
 48275,"Knox, TX",2018,149321.0
 48277,"Lamar, TX",2018,2824523.0
 48279,"Lamb, TX",2018,751023.0
 48281,"Lampasas, TX",2018,482700.0
 48283,"La Salle, TX",2018,4192556.0
 48285,"Lavaca, TX",2018,1190081.0
 48287,"Lee, TX",2018,884381.0
 48289,"Leon, TX",2018,736330.0
 48291,"Liberty, TX",2018,2190478.0
 48293,"Limestone, TX",2018,1421912.0
 48295,"Lipscomb, TX",2018,549775.0
 48297,"Live Oak, TX",2018,1388663.0
 48299,"Llano, TX",2018,745252.0
 48301,"Loving, TX",2018,5495871.0
 48303,"Lubbock, TX",2018,13906031.0
 48305,"Lynn, TX",2018,198825.0
 48307,"McCulloch, TX",2018,389967.0
 48309,"McLennan, TX",2018,13156516.0
 48311,"McMullen, TX",2018,1786347.0
 48313,"Madison, TX",2018,548969.0
 48315,"Marion, TX",2018,264168.0
 48317,"Martin, TX",2018,5100562.0
 48319,"Mason, TX",2018,120419.0
 48321,"Matagorda, TX",2018,2117607.0
 48323,"Maverick, TX",2018,1717124.0
 48325,"Medina, TX",2018,1058867.0
 48327,"Menard, TX",2018,50037.0
 48329,"Midland, TX",2018,25350281.0
 48331,"Milam, TX",2018,577854.0
 48333,"Mills, TX",2018,193415.0
 48335,"Mitchell, TX",2018,349268.0
 48337,"Montague, TX",2018,764312.0
 48339,"Montgomery, TX",2018,30666817.0
 48341,"Moore, TX",2018,2262293.0
 48343,"Morris, TX",2018,634714.0
 48345,"Motley, TX",2018,29067.0
 48347,"Nacogdoches, TX",2018,2574677.0
 48349,"Navarro, TX",2018,1666468.0
 48351,"Newton, TX",2018,483642.0
 48353,"Nolan, TX",2018,895419.0
 48355,"Nueces, TX",2018,20483471.0
 48357,"Ochiltree, TX",2018,1057839.0
 48359,"Oldham, TX",2018,312134.0
 48361,"Orange, TX",2018,3918155.0
 48363,"Palo Pinto, TX",2018,1086725.0
 48365,"Panola, TX",2018,1886628.0
 48367,"Parker, TX",2018,4490388.0
 48369,"Parmer, TX",2018,906447.0
 48371,"Pecos, TX",2018,2184579.0
 48373,"Polk, TX",2018,1298324.0
 48375,"Potter, TX",2018,8449412.0
 48377,"Presidio, TX",2018,232784.0
 48379,"Rains, TX",2018,201586.0
 48381,"Randall, TX",2018,3940152.0
 48383,"Reagan, TX",2018,3066925.0
 48385,"Real, TX",2018,74756.0
 48387,"Red River, TX",2018,260704.0
 48389,"Reeves, TX",2018,7628442.0
 48391,"Refugio, TX",2018,361134.0
 48393,"Roberts, TX",2018,260812.0
 48395,"Robertson, TX",2018,1978876.0
 48397,"Rockwall, TX",2018,3845197.0
 48399,"Runnels, TX",2018,310214.0
 48401,"Rusk, TX",2018,2535363.0
 48403,"Sabine, TX",2018,236854.0
 48405,"San Augustine, TX",2018,582469.0
 48407,"San Jacinto, TX",2018,335635.0
 48409,"San Patricio, TX",2018,2527933.0
 48411,"San Saba, TX",2018,180107.0
 48413,"Schleicher, TX",2018,116468.0
 48415,"Scurry, TX",2018,1792789.0
 48417,"Shackelford, TX",2018,260740.0
 48419,"Shelby, TX",2018,1218357.0
 48421,"Sherman, TX",2018,419035.0
 48423,"Smith, TX",2018,11343847.0
 48425,"Somervell, TX",2018,1342484.0
 48427,"Starr, TX",2018,1280477.0
 48429,"Stephens, TX",2018,423405.0
 48431,"Sterling, TX",2018,230071.0
 48433,"Stonewall, TX",2018,167446.0
 48435,"Sutton, TX",2018,331112.0
 48437,"Swisher, TX",2018,513171.0
 48439,"Tarrant, TX",2018,119211300.0
 48441,"Taylor, TX",2018,6578038.0
 48443,"Terrell, TX",2018,81082.0
 48445,"Terry, TX",2018,614695.0
 48447,"Throckmorton, TX",2018,83466.0
 48449,"Titus, TX",2018,2005123.0
 48451,"Tom Green, TX",2018,5864303.0
 48453,"Travis, TX",2018,117874107.0
 48455,"Trinity, TX",2018,251792.0
 48457,"Tyler, TX",2018,424518.0
 48459,"Upshur, TX",2018,794546.0
 48461,"Upton, TX",2018,3652148.0
 48463,"Uvalde, TX",2018,833364.0
 48465,"Val Verde, TX",2018,1734720.0
 48467,"Van Zandt, TX",2018,1220826.0
 48469,"Victoria, TX",2018,4651056.0
 48471,"Walker, TX",2018,2259995.0
 48473,"Waller, TX",2018,2416400.0
 48475,"Ward, TX",2018,2946561.0
 48477,"Washington, TX",2018,1784904.0
 48479,"Webb, TX",2018,11655026.0
 48481,"Wharton, TX",2018,1711957.0
 48483,"Wheeler, TX",2018,684568.0
 48485,"Wichita, TX",2018,5708555.0
 48487,"Wilbarger, TX",2018,805538.0
 48489,"Willacy, TX",2018,490832.0
 48491,"Williamson, TX",2018,22591668.0
 48493,"Wilson, TX",2018,992292.0
 48495,"Winkler, TX",2018,1358765.0
 48497,"Wise, TX",2018,3063824.0
 48499,"Wood, TX",2018,1495221.0
 48501,"Yoakum, TX",2018,1970694.0
 48503,"Young, TX",2018,846089.0
 48505,"Zapata, TX",2018,665133.0
 48507,"Zavala, TX",2018,576529.0
 49000,Utah,2018,186805723.0
 49001,"Beaver, UT",2018,354858.0
 49003,"Box Elder, UT",2018,2315598.0
 49005,"Cache, UT",2018,5903333.0
 49007,"Carbon, UT",2018,1024508.0
 49009,"Daggett, UT",2018,169563.0
 49011,"Davis, UT",2018,15358155.0
 49013,"Duchesne, UT",2018,1054891.0
 49015,"Emery, UT",2018,886112.0
 49017,"Garfield, UT",2018,259366.0
 49019,"Grand, UT",2018,633011.0
 49021,"Iron, UT",2018,1793173.0
 49023,"Juab, UT",2018,489683.0
 49025,"Kane, UT",2018,359680.0
 49027,"Millard, UT",2018,847501.0
 49029,"Morgan, UT",2018,311352.0
 49031,"Piute, UT",2018,80878.0
 49033,"Rich, UT",2018,138757.0
 49035,"Salt Lake, UT",2018,98083086.0
 49037,"San Juan, UT",2018,461712.0
 49039,"Sanpete, UT",2018,872874.0
 49041,"Sevier, UT",2018,1114408.0
 49043,"Summit, UT",2018,3697290.0
 49045,"Tooele, UT",2018,1856608.0
 49047,"Uintah, UT",2018,1712721.0
 49049,"Utah, UT",2018,27479554.0
 49051,"Wasatch, UT",2018,1042052.0
 49053,"Washington, UT",2018,6761919.0
 49055,"Wayne, UT",2018,101924.0
 49057,"Weber, UT",2018,11641154.0
 50000,Vermont,2018,33482622.0
 50001,"Addison, VT",2018,1690561.0
 50003,"Bennington, VT",2018,1734860.0
 50005,"Caledonia, VT",2018,1145023.0
 50007,"Chittenden, VT",2018,11837840.0
 50009,"Essex, VT",2018,150092.0
 50011,"Franklin, VT",2018,2136003.0
 50013,"Grand Isle, VT",2018,195183.0
 50015,"Lamoille, VT",2018,1214825.0
 50017,"Orange, VT",2018,837714.0
 50019,"Orleans, VT",2018,1077145.0
 50021,"Rutland, VT",2018,2648755.0
 50023,"Washington, VT",2018,3758666.0
 50025,"Windham, VT",2018,2378751.0
 50027,"Windsor, VT",2018,2677203.0
 51000,Virginia,2018,537158291.0
 51001,"Accomack, VA",2018,1796630.0
 51007,"Amelia, VA",2018,269416.0
 51009,"Amherst, VA",2018,832214.0
 51011,"Appomattox, VA",2018,307549.0
 51013,"Arlington, VA",2018,36068981.0
 51017,"Bath, VA",2018,214066.0
 51019,"Bedford, VA*",2018,2065134.0
 51021,"Bland, VA",2018,224909.0
 51023,"Botetourt, VA",2018,1281349.0
 51025,"Brunswick, VA",2018,818998.0
 51027,"Buchanan, VA",2018,1006358.0
 51029,"Buckingham, VA",2018,541410.0
 51033,"Caroline, VA",2018,764601.0
 51036,"Charles City, VA",2018,221013.0
 51037,"Charlotte, VA",2018,275000.0
 51041,"Chesterfield, VA",2018,16324046.0
 51043,"Clarke, VA",2018,479637.0
 51045,"Craig, VA",2018,103999.0
 51047,"Culpeper, VA",2018,1861786.0
 51049,"Cumberland, VA",2018,150277.0
 51051,"Dickenson, VA",2018,450873.0
 51057,"Essex, VA",2018,369381.0
 51061,"Fauquier, VA",2018,2948167.0
 51063,"Floyd, VA",2018,392670.0
 51065,"Fluvanna, VA",2018,915347.0
 51067,"Franklin, VA",2018,1578318.0
 51071,"Giles, VA",2018,539336.0
 51073,"Gloucester, VA",2018,901349.0
 51075,"Goochland, VA",2018,2665479.0
 51077,"Grayson, VA",2018,280765.0
 51079,"Greene, VA",2018,446546.0
 51083,"Halifax, VA",2018,1317716.0
 51085,"Hanover, VA",2018,5925705.0
 51087,"Henrico, VA",2018,30253141.0
 51091,"Highland, VA",2018,70051.0
 51093,"Isle of Wight, VA",2018,1529559.0
 51097,"King and Queen, VA",2018,144084.0
 51099,"King George, VA",2018,1948529.0
 51101,"King William, VA",2018,527448.0
 51103,"Lancaster, VA",2018,446709.0
 51105,"Lee, VA",2018,399831.0
 51107,"Loudoun, VA",2018,28526449.0
 51109,"Louisa, VA",2018,2280220.0
 51111,"Lunenburg, VA",2018,240347.0
 51113,"Madison, VA",2018,353933.0
 51115,"Mathews, VA",2018,191301.0
 51117,"Mecklenburg, VA",2018,1020434.0
 51119,"Middlesex, VA",2018,389950.0
 51125,"Nelson, VA",2018,519105.0
 51127,"New Kent, VA",2018,535561.0
 51131,"Northampton, VA",2018,475779.0
 51133,"Northumberland, VA",2018,424082.0
 51135,"Nottoway, VA",2018,526995.0
 51137,"Orange, VA",2018,1214060.0
 51139,"Page, VA",2018,612114.0
 51141,"Patrick, VA",2018,408121.0
 51145,"Powhatan, VA",2018,795658.0
 51147,"Prince Edward, VA",2018,737557.0
 51155,"Pulaski, VA",2018,1335264.0
 51157,"Rappahannock, VA",2018,286400.0
 51159,"Richmond, VA",2018,283750.0
 51167,"Russell, VA",2018,707611.0
 51169,"Scott, VA",2018,432107.0
 51171,"Shenandoah, VA",2018,1703244.0
 51173,"Smyth, VA",2018,1044240.0
 51179,"Stafford, VA",2018,5785728.0
 51181,"Surry, VA",2018,1127223.0
 51183,"Sussex, VA",2018,329416.0
 51185,"Tazewell, VA",2018,1264410.0
 51187,"Warren, VA",2018,1754333.0
 51193,"Westmoreland, VA",2018,475013.0
 51197,"Wythe, VA",2018,1613255.0
 51510,"Alexandria (Independent City), VA",2018,15522374.0
 51550,"Chesapeake (Independent City), VA",2018,10539252.0
 51650,"Hampton (Independent City), VA",2018,6747574.0
 51700,"Newport News (Independent City), VA",2018,13300392.0
 51710,"Norfolk (Independent City), VA",2018,20427379.0
 51740,"Portsmouth (Independent City), VA",2018,5964238.0
 51760,"Richmond (Independent City), VA",2018,23538182.0
 51770,"Roanoke (Independent City), VA",2018,7266389.0
 51800,"Suffolk (Independent City), VA",2018,3798629.0
 51810,"Virginia Beach (Independent City), VA",2018,22300339.0
 51901,"Albemarle + Charlottesville, VA*",2018,12092359.0
 51903,"Alleghany + Covington, VA*",2018,902195.0
 51907,"Augusta, Staunton + Waynesboro, VA*",2018,5228310.0
 51911,"Campbell + Lynchburg, VA*",2018,7496076.0
 51913,"Carroll + Galax, VA*",2018,982945.0
 51918,"Dinwiddie, Colonial Heights + Petersburg, VA*",2018,2907308.0
 51919,"Fairfax, Fairfax City + Falls Church, VA*",2018,120738631.0
 51921,"Frederick + Winchester, VA*",2018,6693371.0
 51923,"Greensville + Emporia, VA*",2018,864950.0
 51929,"Henry + Martinsville, VA*",2018,2177698.0
 51931,"James City + Williamsburg, VA*",2018,5325262.0
 51933,"Montgomery + Radford, VA*",2018,5619842.0
 51939,"Pittsylvania + Danville, VA*",2018,3522610.0
 51941,"Prince George + Hopewell, VA*",2018,3991662.0
 51942,"Prince William, Manassas + Manassas Park, VA*",2018,21404819.0
 51944,"Roanoke + Salem, VA*",2018,6281321.0
 51945,"Rockbridge, Buena Vista + Lexington, VA*",2018,1258811.0
 51947,"Rockingham + Harrisonburg, VA*",2018,7941493.0
 51949,"Southampton + Franklin, VA*",2018,757919.0
 51951,"Spotsylvania + Fredericksburg, VA*",2018,6430036.0
 51953,"Washington + Bristol, VA*",2018,3603086.0
 51955,"Wise + Norton, VA*",2018,1589516.0
 51958,"York + Poquoson, VA*",2018,2891287.0
 53000,Washington,2018,570337763.0
 53001,"Adams, WA",2018,835164.0
 53003,"Asotin, WA",2018,652348.0
 53005,"Benton, WA",2018,11750408.0
 53007,"Chelan, WA",2018,4662412.0
 53009,"Clallam, WA",2018,2580589.0
 53011,"Clark, WA",2018,21854885.0
 53013,"Columbia, WA",2018,346977.0
 53015,"Cowlitz, WA",2018,5026393.0
 53017,"Douglas, WA",2018,1923387.0
 53019,"Ferry, WA",2018,172929.0
 53021,"Franklin, WA",2018,3762722.0
 53023,"Garfield, WA",2018,154190.0
 53025,"Grant, WA",2018,5838142.0
 53027,"Grays Harbor, WA",2018,2548014.0
 53029,"Island, WA",2018,3285690.0
 53031,"Jefferson, WA",2018,1116163.0
 53033,"King, WA",2018,303176631.0
 53035,"Kitsap, WA",2018,12558195.0
 53037,"Kittitas, WA",2018,1777370.0
 53039,"Klickitat, WA",2018,1553568.0
 53041,"Lewis, WA",2018,3334927.0
 53043,"Lincoln, WA",2018,427792.0
 53045,"Mason, WA",2018,1676031.0
 53047,"Okanogan, WA",2018,1462887.0
 53049,"Pacific, WA",2018,730597.0
 53051,"Pend Oreille, WA",2018,608993.0
 53053,"Pierce, WA",2018,44297415.0
 53055,"San Juan, WA",2018,811012.0
 53057,"Skagit, WA",2018,7066746.0
 53059,"Skamania, WA",2018,280466.0
 53061,"Snohomish, WA",2018,52343346.0
 53063,"Spokane, WA",2018,26296383.0
 53065,"Stevens, WA",2018,1083816.0
 53067,"Thurston, WA",2018,14036226.0
 53069,"Wahkiakum, WA",2018,88933.0
 53071,"Walla Walla, WA",2018,3513618.0
 53073,"Whatcom, WA",2018,13424805.0
 53075,"Whitman, WA",2018,2602827.0
 53077,"Yakima, WA",2018,10674764.0
 54000,West Virginia,2018,79794328.0
 54001,"Barbour, WV",2018,384955.0
 54003,"Berkeley, WV",2018,4143011.0
 54005,"Boone, WV",2018,689598.0
 54007,"Braxton, WV",2018,324745.0
 54009,"Brooke, WV",2018,968608.0
 54011,"Cabell, WV",2018,5075939.0
 54013,"Calhoun, WV",2018,121365.0
 54015,"Clay, WV",2018,125605.0
 54017,"Doddridge, WV",2018,720438.0
 54019,"Fayette, WV",2018,1114027.0
 54021,"Gilmer, WV",2018,183709.0
 54023,"Grant, WV",2018,477764.0
 54025,"Greenbrier, WV",2018,1233245.0
 54027,"Hampshire, WV",2018,448298.0
 54029,"Hancock, WV",2018,1126343.0
 54031,"Hardy, WV",2018,539285.0
 54033,"Harrison, WV",2018,4632835.0
 54035,"Jackson, WV",2018,1582800.0
 54037,"Jefferson, WV",2018,1840588.0
 54039,"Kanawha, WV",2018,11212646.0
 54041,"Lewis, WV",2018,729721.0
 54043,"Lincoln, WV",2018,257285.0
 54045,"Logan, WV",2018,1308400.0
 54047,"McDowell, WV",2018,567990.0
 54049,"Marion, WV",2018,2307244.0
 54051,"Marshall, WV",2018,2819768.0
 54053,"Mason, WV",2018,745749.0
 54055,"Mercer, WV",2018,1748870.0
 54057,"Mineral, WV",2018,772446.0
 54059,"Mingo, WV",2018,737865.0
 54061,"Monongalia, WV",2018,7291476.0
 54063,"Monroe, WV",2018,184532.0
 54065,"Morgan, WV",2018,348729.0
 54067,"Nicholas, WV",2018,655720.0
 54069,"Ohio, WV",2018,3942009.0
 54071,"Pendleton, WV",2018,145393.0
 54073,"Pleasants, WV",2018,562035.0
 54075,"Pocahontas, WV",2018,275490.0
 54077,"Preston, WV",2018,812019.0
 54079,"Putnam, WV",2018,3086649.0
 54081,"Raleigh, WV",2018,3051838.0
 54083,"Randolph, WV",2018,935987.0
 54085,"Ritchie, WV",2018,633060.0
 54087,"Roane, WV",2018,305527.0
 54089,"Summers, WV",2018,210182.0
 54091,"Taylor, WV",2018,500344.0
 54093,"Tucker, WV",2018,331981.0
 54095,"Tyler, WV",2018,679731.0
 54097,"Upshur, WV",2018,733333.0
 54099,"Wayne, WV",2018,1058594.0
 54101,"Webster, WV",2018,157404.0
 54103,"Wetzel, WV",2018,606522.0
 54105,"Wirt, WV",2018,73255.0
 54107,"Wood, WV",2018,3690764.0
 54109,"Wyoming, WV",2018,580615.0
 55000,Wisconsin,2018,335144306.0
 55001,"Adams, WI",2018,548516.0
 55003,"Ashland, WI",2018,736619.0
 55005,"Barron, WI",2018,2268319.0
 55007,"Bayfield, WI",2018,451653.0
 55009,"Brown, WI",2018,19168413.0
 55011,"Buffalo, WI",2018,570499.0
 55013,"Burnett, WI",2018,535542.0
 55015,"Calumet, WI",2018,1569406.0
 55017,"Chippewa, WI",2018,2772967.0
 55019,"Clark, WI",2018,1452721.0
 55021,"Columbia, WI",2018,2948311.0
 55023,"Crawford, WI",2018,751975.0
 55025,"Dane, WI",2018,44203187.0
 55027,"Dodge, WI",2018,3764500.0
 55029,"Door, WI",2018,1341920.0
 55031,"Douglas, WI",2018,1873873.0
 55033,"Dunn, WI",2018,1866464.0
 55035,"Eau Claire, WI",2018,6536001.0
 55037,"Florence, WI",2018,129139.0
 55039,"Fond du Lac, WI",2018,5293790.0
 55041,"Forest, WI",2018,339834.0
 55043,"Grant, WI",2018,2340934.0
 55045,"Green, WI",2018,1812273.0
 55047,"Green Lake, WI",2018,680966.0
 55049,"Iowa, WI",2018,1122584.0
 55051,"Iron, WI",2018,179314.0
 55053,"Jackson, WI",2018,955724.0
 55055,"Jefferson, WI",2018,3543679.0
 55057,"Juneau, WI",2018,943616.0
 55059,"Kenosha, WI",2018,7359668.0
 55061,"Kewaunee, WI",2018,829978.0
 55063,"La Crosse, WI",2018,7737785.0
 55065,"Lafayette, WI",2018,609838.0
 55067,"Langlade, WI",2018,767339.0
 55069,"Lincoln, WI",2018,1412181.0
 55071,"Manitowoc, WI",2018,4044635.0
 55073,"Marathon, WI",2018,8705146.0
 55075,"Marinette, WI",2018,2061533.0
 55077,"Marquette, WI",2018,430694.0
 55078,"Menominee, WI",2018,166660.0
 55079,"Milwaukee, WI",2018,60063458.0
 55081,"Monroe, WI",2018,2446232.0
 55083,"Oconto, WI",2018,1036166.0
 55085,"Oneida, WI",2018,1799283.0
 55087,"Outagamie, WI",2018,12933811.0
 55089,"Ozaukee, WI",2018,5394321.0
 55091,"Pepin, WI",2018,255937.0
 55093,"Pierce, WI",2018,1206861.0
 55095,"Polk, WI",2018,1578665.0
 55097,"Portage, WI",2018,4237900.0
 55099,"Price, WI",2018,603922.0
 55101,"Racine, WI",2018,8472437.0
 55103,"Richland, WI",2018,722131.0
 55105,"Rock, WI",2018,7427067.0
 55107,"Rusk, WI",2018,548118.0
 55109,"St. Croix, WI",2018,4055520.0
 55111,"Sauk, WI",2018,3929937.0
 55113,"Sawyer, WI",2018,673254.0
 55115,"Shawano, WI",2018,1345867.0
 55117,"Sheboygan, WI",2018,7265319.0
 55119,"Taylor, WI",2018,863254.0
 55121,"Trempealeau, WI",2018,1414904.0
 55123,"Vernon, WI",2018,1124655.0
 55125,"Vilas, WI",2018,1015067.0
 55127,"Walworth, WI",2018,4510478.0
 55129,"Washburn, WI",2018,612297.0
 55131,"Washington, WI",2018,6805344.0
 55133,"Waukesha, WI",2018,30554646.0
 55135,"Waupaca, WI",2018,2044984.0
 55137,"Waushara, WI",2018,656246.0
 55139,"Winnebago, WI",2018,10674848.0
 55141,"Wood, WI",2018,4043187.0
 56000,Wyoming,2018,39614458.0
 56001,"Albany, WY",2018,1588415.0
 56003,"Big Horn, WY",2018,514497.0
 56005,"Campbell, WY",2018,5462957.0
 56007,"Carbon, WY",2018,1360790.0
 56009,"Converse, WY",2018,1359086.0
 56011,"Crook, WY",2018,311565.0
 56013,"Fremont, WY",2018,1776873.0
 56015,"Goshen, WY",2018,512767.0
 56017,"Hot Springs, WY",2018,247153.0
 56019,"Johnson, WY",2018,413477.0
 56021,"Laramie, WY",2018,5946970.0
 56023,"Lincoln, WY",2018,841999.0
 56025,"Natrona, WY",2018,6088936.0
 56027,"Niobrara, WY",2018,131085.0
 56029,"Park, WY",2018,1551873.0
 56031,"Platte, WY",2018,632494.0
 56033,"Sheridan, WY",2018,1450762.0
 56035,"Sublette, WY",2018,1342825.0
 56037,"Sweetwater, WY",2018,3822174.0
 56039,"Teton, WY",2018,2618310.0
 56041,"Uinta, WY",2018,964606.0
 56043,"Washakie, WY",2018,354292.0
 56045,"Weston, WY",2018,320552.0
 91000,New England,2018,1083763300.0
 92000,Mideast,2018,3736014466.0
 93000,Great Lakes,2018,2781326325.0
 94000,Plains,2018,1301099969.0
 95000,Southeast,2018,4411751306.0
 96000,Southwest,2018,2464729990.0
 97000,Rocky Mountain,2018,730567674.0
 98000,Far West,2018,4026578971.0
 00000,United States *,2019,21539982000.0
 01000,Alabama,2019,234798213.0
 01001,"Autauga, AL",2019,1814228.0
 01003,"Baldwin, AL",2019,8558537.0
 01005,"Barbour, AL",2019,793769.0
 01007,"Bibb, AL",2019,465977.0
 01009,"Blount, AL",2019,1055980.0
 01011,"Bullock, AL",2019,274843.0
 01013,"Butler, AL",2019,658166.0
 01015,"Calhoun, AL",2019,4764311.0
 01017,"Chambers, AL",2019,962142.0
 01019,"Cherokee, AL",2019,594496.0
 01021,"Chilton, AL",2019,1161000.0
 01023,"Choctaw, AL",2019,574354.0
 01025,"Clarke, AL",2019,868409.0
 01027,"Clay, AL",2019,444152.0
 01029,"Cleburne, AL",2019,295389.0
 01031,"Coffee, AL",2019,1495700.0
 01033,"Colbert, AL",2019,2672678.0
 01035,"Conecuh, AL",2019,405167.0
 01037,"Coosa, AL",2019,199764.0
 01039,"Covington, AL",2019,1272720.0
 01041,"Crenshaw, AL",2019,471897.0
 01043,"Cullman, AL",2019,3033292.0
 01045,"Dale, AL",2019,2943892.0
 01047,"Dallas, AL",2019,1304322.0
 01049,"DeKalb, AL",2019,2075245.0
 01051,"Elmore, AL",2019,2113756.0
 01053,"Escambia, AL",2019,1302248.0
 01055,"Etowah, AL",2019,3200970.0
 01057,"Fayette, AL",2019,360486.0
 01059,"Franklin, AL",2019,1021507.0
 01061,"Geneva, AL",2019,587720.0
 01063,"Greene, AL",2019,240097.0
 01065,"Hale, AL",2019,279000.0
 01067,"Henry, AL",2019,459124.0
 01069,"Houston, AL",2019,5843331.0
 01071,"Jackson, AL",2019,1613239.0
 01073,"Jefferson, AL",2019,48225067.0
 01075,"Lamar, AL",2019,358387.0
 01077,"Lauderdale, AL",2019,2778691.0
 01079,"Lawrence, AL",2019,588446.0
 01081,"Lee, AL",2019,6643673.0
 01083,"Limestone, AL",2019,4313345.0
 01085,"Lowndes, AL",2019,399499.0
 01087,"Macon, AL",2019,566902.0
 01089,"Madison, AL",2019,26926239.0
 01091,"Marengo, AL",2019,804285.0
 01093,"Marion, AL",2019,914510.0
 01095,"Marshall, AL",2019,3745928.0
 01097,"Mobile, AL",2019,21383376.0
 01099,"Monroe, AL",2019,696797.0
 01101,"Montgomery, AL",2019,14738873.0
 01103,"Morgan, AL",2019,5882881.0
 01105,"Perry, AL",2019,209787.0
 01107,"Pickens, AL",2019,462869.0
 01109,"Pike, AL",2019,1463097.0
 01111,"Randolph, AL",2019,497015.0
 01113,"Russell, AL",2019,1573873.0
 01115,"St. Clair, AL",2019,2213746.0
 01117,"Shelby, AL",2019,12774915.0
 01119,"Sumter, AL",2019,329378.0
 01121,"Talladega, AL",2019,3276186.0
 01123,"Tallapoosa, AL",2019,1480820.0
 01125,"Tuscaloosa, AL",2019,11311432.0
 01127,"Walker, AL",2019,1918077.0
 01129,"Washington, AL",2019,872646.0
 01131,"Wilcox, AL",2019,445461.0
 01133,"Winston, AL",2019,820105.0
 02000,Alaska,2019,54549561.0
 02013,"Aleutians East Borough, AK",2019,314254.0
 02016,"Aleutians West Census Area, AK",2019,785885.0
 02020,"Anchorage Municipality, AK",2019,24256250.0
 02050,"Bethel Census Area, AK",2019,737112.0
 02060,"Bristol Bay Borough, AK",2019,140690.0
 02063,"Chugach Census Area, AK*",2019,
 02066,"Copper River Census Area, AK*",2019,
 02068,"Denali Borough, AK",2019,286602.0
 02070,"Dillingham Census Area, AK",2019,275312.0
 02090,"Fairbanks North Star Borough, AK",2019,5961120.0
 02100,"Haines Borough, AK",2019,124943.0
 02105,"Hoonah-Angoon Census Area, AK*",2019,95681.0
 02110,"Juneau City and Borough, AK",2019,2532184.0
 02122,"Kenai Peninsula Borough, AK",2019,2814964.0
 02130,"Ketchikan Gateway Borough, AK*",2019,1003062.0
 02150,"Kodiak Island Borough, AK",2019,833929.0
 02158,"Kusilvak Census Area, AK*",2019,168003.0
 02164,"Lake and Peninsula Borough, AK",2019,91333.0
 02170,"Matanuska-Susitna Borough, AK",2019,2991189.0
 02180,"Nome Census Area, AK",2019,465113.0
 02185,"North Slope Borough, AK",2019,5653402.0
 02188,"Northwest Arctic Borough, AK",2019,620062.0
 02195,"Petersburg Borough, AK*",2019,181947.0
 02198,"Prince of Wales-Hyder Census Area, AK*",2019,269946.0
 02201,"Prince of Wales-Outer Ketchikan Census Area, AK*",2019,
 02220,"Sitka City and Borough, AK",2019,523008.0
 02230,"Skagway Municipality, AK*",2019,103491.0
 02232,"Skagway-Hoonah-Angoon Census Area, AK*",2019,
 02240,"Southeast Fairbanks Census Area, AK",2019,580963.0
 02261,"Valdez-Cordova Census Area, AK*",2019,2304803.0
 02275,"Wrangell City and Borough, AK*",2019,93345.0
 02280,"Wrangell-Petersburg Census Area, AK*",2019,
 02282,"Yakutat City and Borough, AK*",2019,33439.0
 02290,"Yukon-Koyukuk Census Area, AK",2019,307529.0
 04000,Arizona,2019,375376652.0
 04001,"Apache, AZ",2019,2526553.0
 04003,"Cochise, AZ",2019,4885687.0
 04005,"Coconino, AZ",2019,8014911.0
 04007,"Gila, AZ",2019,1712477.0
 04009,"Graham, AZ",2019,1089889.0
 04011,"Greenlee, AZ",2019,1361649.0
 04012,"La Paz, AZ",2019,717120.0
 04013,"Maricopa, AZ",2019,271682288.0
 04015,"Mohave, AZ",2019,5876822.0
 04017,"Navajo, AZ",2019,2953790.0
 04019,"Pima, AZ",2019,47379098.0
 04021,"Pinal, AZ",2019,9472710.0
 04023,"Santa Cruz, AZ",2019,2025498.0
 04025,"Yavapai, AZ",2019,7709912.0
 04027,"Yuma, AZ",2019,7968248.0
 05000,Arkansas,2019,132625794.0
 05001,"Arkansas, AR",2019,1069494.0
 05003,"Ashley, AR",2019,901757.0
 05005,"Baxter, AR",2019,1662213.0
 05007,"Benton, AR",2019,16130842.0
 05009,"Boone, AR",2019,1362906.0
 05011,"Bradley, AR",2019,346420.0
 05013,"Calhoun, AR",2019,336468.0
 05015,"Carroll, AR",2019,875592.0
 05017,"Chicot, AR",2019,273696.0
 05019,"Clark, AR",2019,828301.0
 05021,"Clay, AR",2019,336378.0
 05023,"Cleburne, AR",2019,659664.0
 05025,"Cleveland, AR",2019,118779.0
 05027,"Columbia, AR",2019,910076.0
 05029,"Conway, AR",2019,695946.0
 05031,"Craighead, AR",2019,5054450.0
 05033,"Crawford, AR",2019,1785843.0
 05035,"Crittenden, AR",2019,1872742.0
 05037,"Cross, AR",2019,454205.0
 05039,"Dallas, AR",2019,231378.0
 05041,"Desha, AR",2019,543575.0
 05043,"Drew, AR",2019,629319.0
 05045,"Faulkner, AR",2019,4032232.0
 05047,"Franklin, AR",2019,434550.0
 05049,"Fulton, AR",2019,193000.0
 05051,"Garland, AR",2019,3591371.0
 05053,"Grant, AR",2019,442320.0
 05055,"Greene, AR",2019,1549293.0
 05057,"Hempstead, AR",2019,965382.0
 05059,"Hot Spring, AR",2019,1023651.0
 05061,"Howard, AR",2019,584099.0
 05063,"Independence, AR",2019,1856010.0
 05065,"Izard, AR",2019,287172.0
 05067,"Jackson, AR",2019,671366.0
 05069,"Jefferson, AR",2019,3192268.0
 05071,"Johnson, AR",2019,684172.0
 05073,"Lafayette, AR",2019,124838.0
 05075,"Lawrence, AR",2019,448622.0
 05077,"Lee, AR",2019,189081.0
 05079,"Lincoln, AR",2019,233998.0
 05081,"Little River, AR",2019,500703.0
 05083,"Logan, AR",2019,446153.0
 05085,"Lonoke, AR",2019,1387100.0
 05087,"Madison, AR",2019,352629.0
 05089,"Marion, AR",2019,622000.0
 05091,"Miller, AR",2019,1436605.0
 05093,"Mississippi, AR",2019,2739849.0
 05095,"Monroe, AR",2019,193105.0
 05097,"Montgomery, AR",2019,145275.0
 05099,"Nevada, AR",2019,248722.0
 05101,"Newton, AR",2019,109780.0
 05103,"Ouachita, AR",2019,648002.0
 05105,"Perry, AR",2019,152170.0
 05107,"Phillips, AR",2019,555644.0
 05109,"Pike, AR",2019,245047.0
 05111,"Poinsett, AR",2019,596618.0
 05113,"Polk, AR",2019,527197.0
 05115,"Pope, AR",2019,2971597.0
 05117,"Prairie, AR",2019,171537.0
 05119,"Pulaski, AR",2019,30341097.0
 05121,"Randolph, AR",2019,520561.0
 05123,"St. Francis, AR",2019,753730.0
 05125,"Saline, AR",2019,2690617.0
 05127,"Scott, AR",2019,266819.0
 05129,"Searcy, AR",2019,187596.0
 05131,"Sebastian, AR",2019,6997798.0
 05133,"Sevier, AR",2019,474461.0
 05135,"Sharp, AR",2019,338252.0
 05137,"Stone, AR",2019,248069.0
 05139,"Union, AR",2019,2534694.0
 05141,"Van Buren, AR",2019,367889.0
 05143,"Washington, AR",2019,12163724.0
 05145,"White, AR",2019,2299415.0
 05147,"Woodruff, AR",2019,216394.0
 05149,"Yell, AR",2019,591478.0
 06000,California,2019,3068629663.0
 06001,"Alameda, CA",2019,144158659.0
 06003,"Alpine, CA",2019,140189.0
 06005,"Amador, CA",2019,1757401.0
 06007,"Butte, CA",2019,9869630.0
 06009,"Calaveras, CA",2019,1561384.0
 06011,"Colusa, CA",2019,1380570.0
 06013,"Contra Costa, CA",2019,81877123.0
 06015,"Del Norte, CA",2019,813908.0
 06017,"El Dorado, CA",2019,8753724.0
 06019,"Fresno, CA",2019,46716875.0
 06021,"Glenn, CA",2019,1049378.0
 06023,"Humboldt, CA",2019,5913474.0
 06025,"Imperial, CA",2019,8609240.0
 06027,"Inyo, CA",2019,1279880.0
 06029,"Kern, CA",2019,46755289.0
 06031,"Kings, CA",2019,6675155.0
 06033,"Lake, CA",2019,2023865.0
 06035,"Lassen, CA",2019,1198870.0
 06037,"Los Angeles, CA",2019,796023430.0
 06039,"Madera, CA",2019,6380931.0
 06041,"Marin, CA",2019,30672438.0
 06043,"Mariposa, CA",2019,783700.0
 06045,"Mendocino, CA",2019,3679164.0
 06047,"Merced, CA",2019,9513359.0
 06049,"Modoc, CA",2019,424135.0
 06051,"Mono, CA",2019,1089742.0
 06053,"Monterey, CA",2019,28536932.0
 06055,"Napa, CA",2019,11464625.0
 06057,"Nevada, CA",2019,4604571.0
 06059,"Orange, CA",2019,269686235.0
 06061,"Placer, CA",2019,25043689.0
 06063,"Plumas, CA",2019,1079414.0
 06065,"Riverside, CA",2019,95293750.0
 06067,"Sacramento, CA",2019,98296186.0
 06069,"San Benito, CA",2019,2461500.0
 06071,"San Bernardino, CA",2019,98887180.0
 06073,"San Diego, CA",2019,245745237.0
 06075,"San Francisco, CA",2019,207311909.0
 06077,"San Joaquin, CA",2019,32693257.0
 06079,"San Luis Obispo, CA",2019,18075308.0
 06081,"San Mateo, CA",2019,146171972.0
 06083,"Santa Barbara, CA",2019,29947972.0
 06085,"Santa Clara, CA",2019,318495343.0
 06087,"Santa Cruz, CA",2019,15989369.0
 06089,"Shasta, CA",2019,8760746.0
 06091,"Sierra, CA",2019,103017.0
 06093,"Siskiyou, CA",2019,1711190.0
 06095,"Solano, CA",2019,32096678.0
 06097,"Sonoma, CA",2019,31791296.0
 06099,"Stanislaus, CA",2019,24171641.0
 06101,"Sutter, CA",2019,3632539.0
 06103,"Tehama, CA",2019,2098555.0
 06105,"Trinity, CA",2019,414205.0
 06107,"Tulare, CA",2019,19020602.0
 06109,"Tuolumne, CA",2019,2695857.0
 06111,"Ventura, CA",2019,53592049.0
 06113,"Yolo, CA",2019,16187790.0
 06115,"Yuba, CA",2019,3467533.0
 08000,Colorado,2019,397843587.0
 08001,"Adams, CO*",2019,29759641.0
 08003,"Alamosa, CO",2019,748043.0
 08005,"Arapahoe, CO",2019,50829752.0
 08007,"Archuleta, CO",2019,549685.0
 08009,"Baca, CO",2019,112434.0
 08011,"Bent, CO",2019,134663.0
 08013,"Boulder, CO*",2019,30424351.0
 08014,"Broomfield, CO*",2019,7835233.0
 08015,"Chaffee, CO",2019,856216.0
 08017,"Cheyenne, CO",2019,156993.0
 08019,"Clear Creek, CO",2019,533764.0
 08021,"Conejos, CO",2019,207917.0
 08023,"Costilla, CO",2019,95654.0
 08025,"Crowley, CO",2019,121359.0
 08027,"Custer, CO",2019,146212.0
 08029,"Delta, CO",2019,901682.0
 08031,"Denver, CO",2019,85048108.0
 08033,"Dolores, CO",2019,109938.0
 08035,"Douglas, CO",2019,20470778.0
 08037,"Eagle, CO",2019,4506430.0
 08039,"Elbert, CO",2019,750414.0
 08041,"El Paso, CO",2019,38298087.0
 08043,"Fremont, CO",2019,1496887.0
 08045,"Garfield, CO",2019,3825165.0
 08047,"Gilpin, CO",2019,664309.0
 08049,"Grand, CO",2019,1042656.0
 08051,"Gunnison, CO",2019,1122655.0
 08053,"Hinsdale, CO",2019,41666.0
 08055,"Huerfano, CO",2019,229550.0
 08057,"Jackson, CO",2019,135662.0
 08059,"Jefferson, CO*",2019,34939505.0
 08061,"Kiowa, CO",2019,76550.0
 08063,"Kit Carson, CO",2019,388496.0
 08065,"Lake, CO",2019,321683.0
 08067,"La Plata, CO",2019,3237847.0
 08069,"Larimer, CO",2019,21144522.0
 08071,"Las Animas, CO",2019,548551.0
 08073,"Lincoln, CO",2019,376406.0
 08075,"Logan, CO",2019,1022645.0
 08077,"Mesa, CO",2019,7104317.0
 08079,"Mineral, CO",2019,63943.0
 08081,"Moffat, CO",2019,1056626.0
 08083,"Montezuma, CO",2019,1431423.0
 08085,"Montrose, CO",2019,1684440.0
 08087,"Morgan, CO",2019,1591696.0
 08089,"Otero, CO",2019,606690.0
 08091,"Ouray, CO",2019,219122.0
 08093,"Park, CO",2019,446781.0
 08095,"Phillips, CO",2019,200251.0
 08097,"Pitkin, CO",2019,2534204.0
 08099,"Prowers, CO",2019,510717.0
 08101,"Pueblo, CO",2019,6724531.0
 08103,"Rio Blanco, CO",2019,576653.0
 08105,"Rio Grande, CO",2019,489081.0
 08107,"Routt, CO",2019,2140124.0
 08109,"Saguache, CO",2019,222019.0
 08111,"San Juan, CO",2019,38236.0
 08113,"San Miguel, CO",2019,686924.0
 08115,"Sedgwick, CO",2019,79692.0
 08117,"Summit, CO",2019,2915065.0
 08119,"Teller, CO",2019,1006651.0
 08121,"Washington, CO",2019,157300.0
 08123,"Weld, CO*",2019,21657738.0
 08125,"Yuma, CO",2019,487255.0
 09000,Connecticut,2019,286451880.0
 09001,"Fairfield, CT",2019,93054847.0
 09003,"Hartford, CT",2019,89550049.0
 09005,"Litchfield, CT",2019,8724962.0
 09007,"Middlesex, CT",2019,10271489.0
 09009,"New Haven, CT",2019,53698286.0
 09011,"New London, CT",2019,20273766.0
 09013,"Tolland, CT",2019,5746337.0
 09015,"Windham, CT",2019,5132143.0
 10000,Delaware,2019,78710528.0
 10001,"Kent, DE",2019,8763609.0
 10003,"New Castle, DE",2019,55460640.0
 10005,"Sussex, DE",2019,14486279.0
 11000,District of Columbia,2019,145071418.0
 11001,"District of Columbia, DC",2019,145071418.0
 12000,Florida,2019,1133718001.0
 12001,"Alachua, FL",2019,14761666.0
 12003,"Baker, FL",2019,689430.0
 12005,"Bay, FL",2019,9039773.0
 12007,"Bradford, FL",2019,652830.0
 12009,"Brevard, FL",2019,27481706.0
 12011,"Broward, FL",2019,116874689.0
 12013,"Calhoun, FL",2019,290464.0
 12015,"Charlotte, FL",2019,5989246.0
 12017,"Citrus, FL",2019,4387997.0
 12019,"Clay, FL",2019,5798260.0
 12021,"Collier, FL",2019,21532935.0
 12023,"Columbia, FL",2019,2413541.0
 12027,"DeSoto, FL",2019,1017336.0
 12029,"Dixie, FL",2019,286672.0
 12031,"Duval, FL",2019,70296781.0
 12033,"Escambia, FL",2019,16830394.0
 12035,"Flagler, FL",2019,3027328.0
 12037,"Franklin, FL",2019,377594.0
 12039,"Gadsden, FL",2019,1304802.0
 12041,"Gilchrist, FL",2019,361791.0
 12043,"Glades, FL",2019,330582.0
 12045,"Gulf, FL",2019,422378.0
 12047,"Hamilton, FL",2019,513536.0
 12049,"Hardee, FL",2019,1168076.0
 12051,"Hendry, FL",2019,1335912.0
 12053,"Hernando, FL",2019,4526819.0
 12055,"Highlands, FL",2019,2696423.0
 12057,"Hillsborough, FL",2019,98590583.0
 12059,"Holmes, FL",2019,389347.0
 12061,"Indian River, FL",2019,7226620.0
 12063,"Jackson, FL",2019,1405859.0
 12065,"Jefferson, FL",2019,263631.0
 12067,"Lafayette, FL",2019,137219.0
 12069,"Lake, FL",2019,10727132.0
 12071,"Lee, FL",2019,34937971.0
 12073,"Leon, FL",2019,16015384.0
 12075,"Levy, FL",2019,947760.0
 12077,"Liberty, FL",2019,299822.0
 12079,"Madison, FL",2019,429068.0
 12081,"Manatee, FL",2019,16611776.0
 12083,"Marion, FL",2019,10824033.0
 12085,"Martin, FL",2019,8186634.0
 12086,"Miami-Dade, FL",2019,176256264.0
 12087,"Monroe, FL",2019,5524690.0
 12089,"Nassau, FL",2019,3040105.0
 12091,"Okaloosa, FL",2019,13032402.0
 12093,"Okeechobee, FL",2019,1600874.0
 12095,"Orange, FL",2019,106333200.0
 12097,"Osceola, FL",2019,12297359.0
 12099,"Palm Beach, FL",2019,91626866.0
 12101,"Pasco, FL",2019,14472056.0
 12103,"Pinellas, FL",2019,53093781.0
 12105,"Polk, FL",2019,28792434.0
 12107,"Putnam, FL",2019,2288588.0
 12109,"St. Johns, FL",2019,10525292.0
 12111,"St. Lucie, FL",2019,10285487.0
 12113,"Santa Rosa, FL",2019,5100979.0
 12115,"Sarasota, FL",2019,23075736.0
 12117,"Seminole, FL",2019,23960325.0
 12119,"Sumter, FL",2019,3999906.0
 12121,"Suwannee, FL",2019,1158211.0
 12123,"Taylor, FL",2019,710617.0
 12125,"Union, FL",2019,325343.0
 12127,"Volusia, FL",2019,19762265.0
 12129,"Wakulla, FL",2019,784530.0
 12131,"Walton, FL",2019,3642682.0
 12133,"Washington, FL",2019,626209.0
 13000,Georgia,2019,646695802.0
 13001,"Appling, GA",2019,1607649.0
 13003,"Atkinson, GA",2019,248986.0
 13005,"Bacon, GA",2019,371067.0
 13007,"Baker, GA",2019,73902.0
 13009,"Baldwin, GA",2019,1471624.0
 13011,"Banks, GA",2019,427027.0
 13013,"Barrow, GA",2019,2389871.0
 13015,"Bartow, GA",2019,5277447.0
 13017,"Ben Hill, GA",2019,549703.0
 13019,"Berrien, GA",2019,443060.0
 13021,"Bibb, GA",2019,8717455.0
 13023,"Bleckley, GA",2019,241758.0
 13025,"Brantley, GA",2019,266512.0
 13027,"Brooks, GA",2019,432229.0
 13029,"Bryan, GA",2019,1109656.0
 13031,"Bulloch, GA",2019,2659123.0
 13033,"Burke, GA",2019,3179214.0
 13035,"Butts, GA",2019,711255.0
 13037,"Calhoun, GA",2019,127931.0
 13039,"Camden, GA",2019,1961408.0
 13043,"Candler, GA",2019,288969.0
 13045,"Carroll, GA",2019,4951690.0
 13047,"Catoosa, GA",2019,1627293.0
 13049,"Charlton, GA",2019,205533.0
 13051,"Chatham, GA",2019,20287159.0
 13053,"Chattahoochee, GA",2019,1721796.0
 13055,"Chattooga, GA",2019,589592.0
 13057,"Cherokee, GA",2019,8624778.0
 13059,"Clarke, GA",2019,8303165.0
 13061,"Clay, GA",2019,77867.0
 13063,"Clayton, GA",2019,19650956.0
 13065,"Clinch, GA",2019,241267.0
 13067,"Cobb, GA",2019,59027958.0
 13069,"Coffee, GA",2019,1623939.0
 13071,"Colquitt, GA",2019,1522601.0
 13073,"Columbia, GA",2019,4408802.0
 13075,"Cook, GA",2019,401595.0
 13077,"Coweta, GA",2019,5244554.0
 13079,"Crawford, GA",2019,157800.0
 13081,"Crisp, GA",2019,915101.0
 13083,"Dade, GA",2019,422974.0
 13085,"Dawson, GA",2019,945499.0
 13087,"Decatur, GA",2019,854996.0
 13089,"DeKalb, GA",2019,43495696.0
 13091,"Dodge, GA",2019,458543.0
 13093,"Dooly, GA",2019,420314.0
 13095,"Dougherty, GA",2019,4749047.0
 13097,"Douglas, GA",2019,5100599.0
 13099,"Early, GA",2019,508786.0
 13101,"Echols, GA",2019,45236.0
 13103,"Effingham, GA",2019,2039446.0
 13105,"Elbert, GA",2019,659830.0
 13107,"Emanuel, GA",2019,705573.0
 13109,"Evans, GA",2019,387531.0
 13111,"Fannin, GA",2019,832003.0
 13113,"Fayette, GA",2019,5674921.0
 13115,"Floyd, GA",2019,4249741.0
 13117,"Forsyth, GA",2019,10889194.0
 13119,"Franklin, GA",2019,941217.0
 13121,"Fulton, GA",2019,193438908.0
 13123,"Gilmer, GA",2019,893218.0
 13125,"Glascock, GA",2019,35382.0
 13127,"Glynn, GA",2019,4311296.0
 13129,"Gordon, GA",2019,2383572.0
 13131,"Grady, GA",2019,644207.0
 13133,"Greene, GA",2019,805111.0
 13135,"Gwinnett, GA",2019,52628822.0
 13137,"Habersham, GA",2019,1550929.0
 13139,"Hall, GA",2019,11815397.0
 13141,"Hancock, GA",2019,175735.0
 13143,"Haralson, GA",2019,887661.0
 13145,"Harris, GA",2019,570521.0
 13147,"Hart, GA",2019,901276.0
 13149,"Heard, GA",2019,1305824.0
 13151,"Henry, GA",2019,7061033.0
 13153,"Houston, GA",2019,7404863.0
 13155,"Irwin, GA",2019,222136.0
 13157,"Jackson, GA",2019,3479995.0
 13159,"Jasper, GA",2019,286188.0
 13161,"Jeff Davis, GA",2019,416575.0
 13163,"Jefferson, GA",2019,549514.0
 13165,"Jenkins, GA",2019,151841.0
 13167,"Johnson, GA",2019,138635.0
 13169,"Jones, GA",2019,478835.0
 13171,"Lamar, GA",2019,438052.0
 13173,"Lanier, GA",2019,141174.0
 13175,"Laurens, GA",2019,1880699.0
 13177,"Lee, GA",2019,738048.0
 13179,"Liberty, GA",2019,3867358.0
 13181,"Lincoln, GA",2019,139491.0
 13183,"Long, GA",2019,188335.0
 13185,"Lowndes, GA",2019,5366608.0
 13187,"Lumpkin, GA",2019,909372.0
 13189,"McDuffie, GA",2019,681812.0
 13191,"McIntosh, GA",2019,268714.0
 13193,"Macon, GA",2019,419222.0
 13195,"Madison, GA",2019,539291.0
 13197,"Marion, GA",2019,114054.0
 13199,"Meriwether, GA",2019,634933.0
 13201,"Miller, GA",2019,220409.0
 13205,"Mitchell, GA",2019,746724.0
 13207,"Monroe, GA",2019,1701467.0
 13209,"Montgomery, GA",2019,156070.0
 13211,"Morgan, GA",2019,935941.0
 13213,"Murray, GA",2019,1286578.0
 13215,"Muscogee, GA",2019,11391458.0
 13217,"Newton, GA",2019,3252893.0
 13219,"Oconee, GA",2019,1606245.0
 13221,"Oglethorpe, GA",2019,300387.0
 13223,"Paulding, GA",2019,3294782.0
 13225,"Peach, GA",2019,962255.0
 13227,"Pickens, GA",2019,1072053.0
 13229,"Pierce, GA",2019,435380.0
 13231,"Pike, GA",2019,355456.0
 13233,"Polk, GA",2019,1311670.0
 13235,"Pulaski, GA",2019,299947.0
 13237,"Putnam, GA",2019,582612.0
 13239,"Quitman, GA",2019,38497.0
 13241,"Rabun, GA",2019,604603.0
 13243,"Randolph, GA",2019,187712.0
 13245,"Richmond, GA",2019,12876219.0
 13247,"Rockdale, GA",2019,4054314.0
 13249,"Schley, GA",2019,114054.0
 13251,"Screven, GA",2019,342643.0
 13253,"Seminole, GA",2019,320329.0
 13255,"Spalding, GA",2019,2188883.0
 13257,"Stephens, GA",2019,947983.0
 13259,"Stewart, GA",2019,136673.0
 13261,"Sumter, GA",2019,1098537.0
 13263,"Talbot, GA",2019,143072.0
 13265,"Taliaferro, GA",2019,31142.0
 13267,"Tattnall, GA",2019,604275.0
 13269,"Taylor, GA",2019,231366.0
 13271,"Telfair, GA",2019,315440.0
 13273,"Terrell, GA",2019,237484.0
 13275,"Thomas, GA",2019,2235950.0
 13277,"Tift, GA",2019,2040317.0
 13279,"Toombs, GA",2019,1009590.0
 13281,"Towns, GA",2019,397210.0
 13283,"Treutlen, GA",2019,106773.0
 13285,"Troup, GA",2019,3750728.0
 13287,"Turner, GA",2019,216138.0
 13289,"Twiggs, GA",2019,279098.0
 13291,"Union, GA",2019,865436.0
 13293,"Upson, GA",2019,718198.0
 13295,"Walker, GA",2019,1484644.0
 13297,"Walton, GA",2019,2834995.0
 13299,"Ware, GA",2019,1493006.0
 13301,"Warren, GA",2019,166211.0
 13303,"Washington, GA",2019,655744.0
 13305,"Wayne, GA",2019,1272695.0
 13307,"Webster, GA",2019,60313.0
 13309,"Wheeler, GA",2019,106190.0
 13311,"White, GA",2019,936218.0
 13313,"Whitfield, GA",2019,5867997.0
 13315,"Wilcox, GA",2019,161843.0
 13317,"Wilkes, GA",2019,326154.0
 13319,"Wilkinson, GA",2019,565169.0
 13321,"Worth, GA",2019,374556.0
 15000,Hawaii,2019,93240199.0
 15001,"Hawaii, HI",2019,9115945.0
 15003,"Honolulu, HI",2019,68832255.0
 15007,"Kauai, HI",2019,4371083.0
 15901,"Maui + Kalawao, HI*",2019,10920916.0
 16000,Idaho,2019,84429358.0
 16001,"Ada, ID",2019,29968061.0
 16003,"Adams, ID",2019,121529.0
 16005,"Bannock, ID",2019,2993771.0
 16007,"Bear Lake, ID",2019,182689.0
 16009,"Benewah, ID",2019,361257.0
 16011,"Bingham, ID",2019,1453594.0
 16013,"Blaine, ID",2019,1637838.0
 16015,"Boise, ID",2019,179315.0
 16017,"Bonner, ID",2019,1624020.0
 16019,"Bonneville, ID",2019,7202730.0
 16021,"Boundary, ID",2019,408926.0
 16023,"Butte, ID",2019,1217810.0
 16025,"Camas, ID",2019,73623.0
 16027,"Canyon, ID",2019,6903823.0
 16029,"Caribou, ID",2019,622950.0
 16031,"Cassia, ID",2019,1504243.0
 16033,"Clark, ID",2019,45796.0
 16035,"Clearwater, ID",2019,358405.0
 16037,"Custer, ID",2019,165485.0
 16039,"Elmore, ID",2019,1304232.0
 16041,"Franklin, ID",2019,386338.0
 16043,"Fremont (includes Yellowstone Park), ID",2019,402471.0
 16045,"Gem, ID",2019,438641.0
 16047,"Gooding, ID",2019,1193072.0
 16049,"Idaho, ID",2019,459970.0
 16051,"Jefferson, ID",2019,897852.0
 16053,"Jerome, ID",2019,1257012.0
 16055,"Kootenai, ID",2019,6878961.0
 16057,"Latah, ID",2019,1463556.0
 16059,"Lemhi, ID",2019,262284.0
 16061,"Lewis, ID",2019,156850.0
 16063,"Lincoln, ID",2019,258258.0
 16065,"Madison, ID",2019,1373962.0
 16067,"Minidoka, ID",2019,874479.0
 16069,"Nez Perce, ID",2019,2200143.0
 16071,"Oneida, ID",2019,122464.0
 16073,"Owyhee, ID",2019,403159.0
 16075,"Payette, ID",2019,856624.0
 16077,"Power, ID",2019,438956.0
 16079,"Shoshone, ID",2019,465101.0
 16081,"Teton, ID",2019,384102.0
 16083,"Twin Falls, ID",2019,3892607.0
 16085,"Valley, ID",2019,540577.0
 16087,"Washington, ID",2019,491819.0
 17000,Illinois,2019,895601838.0
 17001,"Adams, IL",2019,3645028.0
 17003,"Alexander, IL",2019,169113.0
 17005,"Bond, IL",2019,595238.0
 17007,"Boone, IL",2019,1996698.0
 17009,"Brown, IL",2019,554468.0
 17011,"Bureau, IL",2019,1297763.0
 17013,"Calhoun, IL",2019,94085.0
 17015,"Carroll, IL",2019,552672.0
 17017,"Cass, IL",2019,649751.0
 17019,"Champaign, IL",2019,11606775.0
 17021,"Christian, IL",2019,1552825.0
 17023,"Clark, IL",2019,516640.0
 17025,"Clay, IL",2019,596680.0
 17027,"Clinton, IL",2019,1148270.0
 17029,"Coles, IL",2019,2508399.0
 17031,"Cook, IL",2019,431882145.0
 17033,"Crawford, IL",2019,1334368.0
 17035,"Cumberland, IL",2019,1102008.0
 17037,"DeKalb, IL",2019,4350340.0
 17039,"De Witt, IL",2019,1173200.0
 17041,"Douglas, IL",2019,1005358.0
 17043,"DuPage, IL",2019,100204804.0
 17045,"Edgar, IL",2019,816777.0
 17047,"Edwards, IL",2019,319305.0
 17049,"Effingham, IL",2019,2160891.0
 17051,"Fayette, IL",2019,590267.0
 17053,"Ford, IL",2019,706235.0
 17055,"Franklin, IL",2019,1087894.0
 17057,"Fulton, IL",2019,974026.0
 17059,"Gallatin, IL",2019,164858.0
 17061,"Greene, IL",2019,294996.0
 17063,"Grundy, IL",2019,4405185.0
 17065,"Hamilton, IL",2019,371210.0
 17067,"Hancock, IL",2019,517838.0
 17069,"Hardin, IL",2019,80485.0
 17071,"Henderson, IL",2019,154322.0
 17073,"Henry, IL",2019,1522679.0
 17075,"Iroquois, IL",2019,1024150.0
 17077,"Jackson, IL",2019,2644351.0
 17079,"Jasper, IL",2019,439042.0
 17081,"Jefferson, IL",2019,1977484.0
 17083,"Jersey, IL",2019,497555.0
 17085,"Jo Daviess, IL",2019,795248.0
 17087,"Johnson, IL",2019,245805.0
 17089,"Kane, IL",2019,28886898.0
 17091,"Kankakee, IL",2019,6509818.0
 17093,"Kendall, IL",2019,3914394.0
 17095,"Knox, IL",2019,1804951.0
 17097,"Lake, IL",2019,65255112.0
 17099,"LaSalle, IL",2019,6048511.0
 17101,"Lawrence, IL",2019,546764.0
 17103,"Lee, IL",2019,1579930.0
 17105,"Livingston, IL",2019,1990309.0
 17107,"Logan, IL",2019,1021916.0
 17109,"McDonough, IL",2019,1148256.0
 17111,"McHenry, IL",2019,12218353.0
 17113,"McLean, IL",2019,15546236.0
 17115,"Macon, IL",2019,6751193.0
 17117,"Macoupin, IL",2019,1171216.0
 17119,"Madison, IL",2019,12658208.0
 17121,"Marion, IL",2019,1384676.0
 17123,"Marshall, IL",2019,374674.0
 17125,"Mason, IL",2019,497257.0
 17127,"Massac, IL",2019,656545.0
 17129,"Menard, IL",2019,233745.0
 17131,"Mercer, IL",2019,380538.0
 17133,"Monroe, IL",2019,937198.0
 17135,"Montgomery, IL",2019,1182503.0
 17137,"Morgan, IL",2019,1631735.0
 17139,"Moultrie, IL",2019,861708.0
 17141,"Ogle, IL",2019,2806717.0
 17143,"Peoria, IL",2019,13556843.0
 17145,"Perry, IL",2019,609843.0
 17147,"Piatt, IL",2019,491809.0
 17149,"Pike, IL",2019,530135.0
 17151,"Pope, IL",2019,60336.0
 17153,"Pulaski, IL",2019,208961.0
 17155,"Putnam, IL",2019,349025.0
 17157,"Randolph, IL",2019,1553821.0
 17159,"Richland, IL",2019,592884.0
 17161,"Rock Island, IL",2019,10575226.0
 17163,"St. Clair, IL",2019,12350320.0
 17165,"Saline, IL",2019,842832.0
 17167,"Sangamon, IL",2019,11932581.0
 17169,"Schuyler, IL",2019,251929.0
 17171,"Scott, IL",2019,141765.0
 17173,"Shelby, IL",2019,735399.0
 17175,"Stark, IL",2019,194362.0
 17177,"Stephenson, IL",2019,1846462.0
 17179,"Tazewell, IL",2019,6133209.0
 17181,"Union, IL",2019,438842.0
 17183,"Vermilion, IL",2019,3326392.0
 17185,"Wabash, IL",2019,358089.0
 17187,"Warren, IL",2019,777782.0
 17189,"Washington, IL",2019,1114170.0
 17191,"Wayne, IL",2019,470680.0
 17193,"White, IL",2019,519178.0
 17195,"Whiteside, IL",2019,2158396.0
 17197,"Will, IL",2019,36064172.0
 17199,"Williamson, IL",2019,3082671.0
 17201,"Winnebago, IL",2019,14850212.0
 17203,"Woodford, IL",2019,1156920.0
 18000,Indiana,2019,384838700.0
 18001,"Adams, IN",2019,1864460.0
 18003,"Allen, IN",2019,22733402.0
 18005,"Bartholomew, IN",2019,7039925.0
 18007,"Benton, IN",2019,490078.0
 18009,"Blackford, IN",2019,352935.0
 18011,"Boone, IN",2019,3662729.0
 18013,"Brown, IN",2019,313479.0
 18015,"Carroll, IN",2019,677233.0
 18017,"Cass, IN",2019,1432602.0
 18019,"Clark, IN",2019,5737586.0
 18021,"Clay, IN",2019,800061.0
 18023,"Clinton, IN",2019,1499593.0
 18025,"Crawford, IN",2019,190192.0
 18027,"Daviess, IN",2019,1349375.0
 18029,"Dearborn, IN",2019,1893852.0
 18031,"Decatur, IN",2019,1761648.0
 18033,"DeKalb, IN",2019,2662923.0
 18035,"Delaware, IN",2019,4304595.0
 18037,"Dubois, IN",2019,2843762.0
 18039,"Elkhart, IN",2019,16337468.0
 18041,"Fayette, IN",2019,585113.0
 18043,"Floyd, IN",2019,3081138.0
 18045,"Fountain, IN",2019,472261.0
 18047,"Franklin, IN",2019,535931.0
 18049,"Fulton, IN",2019,707060.0
 18051,"Gibson, IN",2019,3459535.0
 18053,"Grant, IN",2019,2509486.0
 18055,"Greene, IN",2019,664753.0
 18057,"Hamilton, IN",2019,21657845.0
 18059,"Hancock, IN",2019,3353520.0
 18061,"Harrison, IN",2019,1214392.0
 18063,"Hendricks, IN",2019,7338161.0
 18065,"Henry, IN",2019,1426420.0
 18067,"Howard, IN",2019,4447103.0
 18069,"Huntington, IN",2019,1488027.0
 18071,"Jackson, IN",2019,2509388.0
 18073,"Jasper, IN",2019,1627729.0
 18075,"Jay, IN",2019,909028.0
 18077,"Jefferson, IN",2019,1622942.0
 18079,"Jennings, IN",2019,777321.0
 18081,"Johnson, IN",2019,5801328.0
 18083,"Knox, IN",2019,1899227.0
 18085,"Kosciusko, IN",2019,5774518.0
 18087,"Lagrange, IN",2019,1914084.0
 18089,"Lake, IN",2019,23810911.0
 18091,"LaPorte, IN",2019,4296215.0
 18093,"Lawrence, IN",2019,1404192.0
 18095,"Madison, IN",2019,4040444.0
 18097,"Marion, IN",2019,98178970.0
 18099,"Marshall, IN",2019,1729275.0
 18101,"Martin, IN",2019,1139111.0
 18103,"Miami, IN",2019,999061.0
 18105,"Monroe, IN",2019,7352625.0
 18107,"Montgomery, IN",2019,1694864.0
 18109,"Morgan, IN",2019,1942281.0
 18111,"Newton, IN",2019,344376.0
 18113,"Noble, IN",2019,2018563.0
 18115,"Ohio, IN",2019,124380.0
 18117,"Orange, IN",2019,680459.0
 18119,"Owen, IN",2019,547324.0
 18121,"Parke, IN",2019,361309.0
 18123,"Perry, IN",2019,769228.0
 18125,"Pike, IN",2019,761554.0
 18127,"Porter, IN",2019,8136065.0
 18129,"Posey, IN",2019,3457333.0
 18131,"Pulaski, IN",2019,642518.0
 18133,"Putnam, IN",2019,1177489.0
 18135,"Randolph, IN",2019,813504.0
 18137,"Ripley, IN",2019,1183814.0
 18139,"Rush, IN",2019,631528.0
 18141,"St. Joseph, IN",2019,15214680.0
 18143,"Scott, IN",2019,735871.0
 18145,"Shelby, IN",2019,2116884.0
 18147,"Spencer, IN",2019,1155499.0
 18149,"Starke, IN",2019,545872.0
 18151,"Steuben, IN",2019,1532726.0
 18153,"Sullivan, IN",2019,954953.0
 18155,"Switzerland, IN",2019,260124.0
 18157,"Tippecanoe, IN",2019,10797297.0
 18159,"Tipton, IN",2019,604627.0
 18161,"Union, IN",2019,145499.0
 18163,"Vanderburgh, IN",2019,11962561.0
 18165,"Vermillion, IN",2019,842316.0
 18167,"Vigo, IN",2019,4793350.0
 18169,"Wabash, IN",2019,1217349.0
 18171,"Warren, IN",2019,224499.0
 18173,"Warrick, IN",2019,2421199.0
 18175,"Washington, IN",2019,652356.0
 18177,"Wayne, IN",2019,2939456.0
 18179,"Wells, IN",2019,1141121.0
 18181,"White, IN",2019,1001534.0
 18183,"Whitley, IN",2019,1617330.0
 19000,Iowa,2019,196262458.0
 19001,"Adair, IA",2019,388654.0
 19003,"Adams, IA",2019,227160.0
 19005,"Allamakee, IA",2019,614293.0
 19007,"Appanoose, IA",2019,421550.0
 19009,"Audubon, IA",2019,302276.0
 19011,"Benton, IA",2019,893475.0
 19013,"Black Hawk, IA",2019,8231184.0
 19015,"Boone, IA",2019,1060722.0
 19017,"Bremer, IA",2019,1165437.0
 19019,"Buchanan, IA",2019,791828.0
 19021,"Buena Vista, IA",2019,1214358.0
 19023,"Butler, IA",2019,436589.0
 19025,"Calhoun, IA",2019,409799.0
 19027,"Carroll, IA",2019,1348733.0
 19029,"Cass, IA",2019,699149.0
 19031,"Cedar, IA",2019,625706.0
 19033,"Cerro Gordo, IA",2019,2539668.0
 19035,"Cherokee, IA",2019,636991.0
 19037,"Chickasaw, IA",2019,655050.0
 19039,"Clarke, IA",2019,416931.0
 19041,"Clay, IA",2019,1052794.0
 19043,"Clayton, IA",2019,904050.0
 19045,"Clinton, IA",2019,2295758.0
 19047,"Crawford, IA",2019,780080.0
 19049,"Dallas, IA",2019,6273062.0
 19051,"Davis, IA",2019,269812.0
 19053,"Decatur, IA",2019,220495.0
 19055,"Delaware, IA",2019,904611.0
 19057,"Des Moines, IA",2019,2283773.0
 19059,"Dickinson, IA",2019,1032482.0
 19061,"Dubuque, IA",2019,6930486.0
 19063,"Emmet, IA",2019,384393.0
 19065,"Fayette, IA",2019,758553.0
 19067,"Floyd, IA",2019,827399.0
 19069,"Franklin, IA",2019,584741.0
 19071,"Fremont, IA",2019,339313.0
 19073,"Greene, IA",2019,488589.0
 19075,"Grundy, IA",2019,522536.0
 19077,"Guthrie, IA",2019,436186.0
 19079,"Hamilton, IA",2019,777195.0
 19081,"Hancock, IA",2019,803100.0
 19083,"Hardin, IA",2019,823301.0
 19085,"Harrison, IA",2019,466567.0
 19087,"Henry, IA",2019,942920.0
 19089,"Howard, IA",2019,456319.0
 19091,"Humboldt, IA",2019,473520.0
 19093,"Ida, IA",2019,559722.0
 19095,"Iowa, IA",2019,1125211.0
 19097,"Jackson, IA",2019,658314.0
 19099,"Jasper, IA",2019,1270444.0
 19101,"Jefferson, IA",2019,740420.0
 19103,"Johnson, IA",2019,10098945.0
 19105,"Jones, IA",2019,654514.0
 19107,"Keokuk, IA",2019,341424.0
 19109,"Kossuth, IA",2019,908197.0
 19111,"Lee, IA",2019,1848750.0
 19113,"Linn, IA",2019,17399580.0
 19115,"Louisa, IA",2019,729652.0
 19117,"Lucas, IA",2019,323581.0
 19119,"Lyon, IA",2019,814778.0
 19121,"Madison, IA",2019,440254.0
 19123,"Mahaska, IA",2019,911373.0
 19125,"Marion, IA",2019,2281932.0
 19127,"Marshall, IA",2019,1939656.0
 19129,"Mills, IA",2019,632973.0
 19131,"Mitchell, IA",2019,693714.0
 19133,"Monona, IA",2019,329228.0
 19135,"Monroe, IA",2019,428072.0
 19137,"Montgomery, IA",2019,444013.0
 19139,"Muscatine, IA",2019,2675973.0
 19141,"O'Brien, IA",2019,884004.0
 19143,"Osceola, IA",2019,345990.0
 19145,"Page, IA",2019,644748.0
 19147,"Palo Alto, IA",2019,515430.0
 19149,"Plymouth, IA",2019,1440151.0
 19151,"Pocahontas, IA",2019,539727.0
 19153,"Polk, IA",2019,46799361.0
 19155,"Pottawattamie, IA",2019,4571277.0
 19157,"Poweshiek, IA",2019,1149428.0
 19159,"Ringgold, IA",2019,188461.0
 19161,"Sac, IA",2019,509141.0
 19163,"Scott, IA",2019,9994501.0
 19165,"Shelby, IA",2019,722933.0
 19167,"Sioux, IA",2019,2373916.0
 19169,"Story, IA",2019,5874765.0
 19171,"Tama, IA",2019,630022.0
 19173,"Taylor, IA",2019,258864.0
 19175,"Union, IA",2019,678950.0
 19177,"Van Buren, IA",2019,233035.0
 19179,"Wapello, IA",2019,1724995.0
 19181,"Warren, IA",2019,1342119.0
 19183,"Washington, IA",2019,1218951.0
 19185,"Wayne, IA",2019,237169.0
 19187,"Webster, IA",2019,2122763.0
 19189,"Winnebago, IA",2019,425832.0
 19191,"Winneshiek, IA",2019,1013716.0
 19193,"Woodbury, IA",2019,5468211.0
 19195,"Worth, IA",2019,315031.0
 19197,"Wright, IA",2019,676661.0
 20000,Kansas,2019,176068770.0
 20001,"Allen, KS",2019,571735.0
 20003,"Anderson, KS",2019,273445.0
 20005,"Atchison, KS",2019,736162.0
 20007,"Barber, KS",2019,186500.0
 20009,"Barton, KS",2019,1266618.0
 20011,"Bourbon, KS",2019,622182.0
 20013,"Brown, KS",2019,570810.0
 20015,"Butler, KS",2019,2606591.0
 20017,"Chase, KS",2019,118657.0
 20019,"Chautauqua, KS",2019,70364.0
 20021,"Cherokee, KS",2019,794773.0
 20023,"Cheyenne, KS",2019,110205.0
 20025,"Clark, KS",2019,183994.0
 20027,"Clay, KS",2019,296566.0
 20029,"Cloud, KS",2019,402270.0
 20031,"Coffey, KS",2019,857363.0
 20033,"Comanche, KS",2019,57873.0
 20035,"Cowley, KS",2019,1332368.0
 20037,"Crawford, KS",2019,1801926.0
 20039,"Decatur, KS",2019,116098.0
 20041,"Dickinson, KS",2019,669793.0
 20043,"Doniphan, KS",2019,300592.0
 20045,"Douglas, KS",2019,5364016.0
 20047,"Edwards, KS",2019,167318.0
 20049,"Elk, KS",2019,80939.0
 20051,"Ellis, KS",2019,1608664.0
 20053,"Ellsworth, KS",2019,281629.0
 20055,"Finney, KS",2019,2209210.0
 20057,"Ford, KS",2019,2262462.0
 20059,"Franklin, KS",2019,942536.0
 20061,"Geary, KS",2019,3046526.0
 20063,"Gove, KS",2019,155749.0
 20065,"Graham, KS",2019,126990.0
 20067,"Grant, KS",2019,393310.0
 20069,"Gray, KS",2019,588805.0
 20071,"Greeley, KS",2019,117803.0
 20073,"Greenwood, KS",2019,157387.0
 20075,"Hamilton, KS",2019,211621.0
 20077,"Harper, KS",2019,286169.0
 20079,"Harvey, KS",2019,1408437.0
 20081,"Haskell, KS",2019,263560.0
 20083,"Hodgeman, KS",2019,104753.0
 20085,"Jackson, KS",2019,381177.0
 20087,"Jefferson, KS",2019,440553.0
 20089,"Jewell, KS",2019,110205.0
 20091,"Johnson, KS",2019,52300250.0
 20093,"Kearny, KS",2019,184564.0
 20095,"Kingman, KS",2019,289842.0
 20097,"Kiowa, KS",2019,118114.0
 20099,"Labette, KS",2019,879551.0
 20101,"Lane, KS",2019,106298.0
 20103,"Leavenworth, KS",2019,3002728.0
 20105,"Lincoln, KS",2019,110176.0
 20107,"Linn, KS",2019,509545.0
 20109,"Logan, KS",2019,150561.0
 20111,"Lyon, KS",2019,1493417.0
 20113,"McPherson, KS",2019,2273866.0
 20115,"Marion, KS",2019,413035.0
 20117,"Marshall, KS",2019,565308.0
 20119,"Meade, KS",2019,241256.0
 20121,"Miami, KS",2019,1017297.0
 20123,"Mitchell, KS",2019,457549.0
 20125,"Montgomery, KS",2019,1824177.0
 20127,"Morris, KS",2019,185961.0
 20129,"Morton, KS",2019,120215.0
 20131,"Nemaha, KS",2019,472395.0
 20133,"Neosho, KS",2019,623924.0
 20135,"Ness, KS",2019,178035.0
 20137,"Norton, KS",2019,231509.0
 20139,"Osage, KS",2019,332892.0
 20141,"Osborne, KS",2019,179878.0
 20143,"Ottawa, KS",2019,120486.0
 20145,"Pawnee, KS",2019,282562.0
 20147,"Phillips, KS",2019,363246.0
 20149,"Pottawatomie, KS",2019,1295496.0
 20151,"Pratt, KS",2019,601148.0
 20153,"Rawlins, KS",2019,110029.0
 20155,"Reno, KS",2019,2683187.0
 20157,"Republic, KS",2019,211354.0
 20159,"Rice, KS",2019,582912.0
 20161,"Riley, KS",2019,2870430.0
 20163,"Rooks, KS",2019,184170.0
 20165,"Rush, KS",2019,150985.0
 20167,"Russell, KS",2019,267145.0
 20169,"Saline, KS",2019,3017828.0
 20171,"Scott, KS",2019,272835.0
 20173,"Sedgwick, KS",2019,32362107.0
 20175,"Seward, KS",2019,1199589.0
 20177,"Shawnee, KS",2019,10825101.0
 20179,"Sheridan, KS",2019,105728.0
 20181,"Sherman, KS",2019,284921.0
 20183,"Smith, KS",2019,160890.0
 20185,"Stafford, KS",2019,164589.0
 20187,"Stanton, KS",2019,193724.0
 20189,"Stevens, KS",2019,289247.0
 20191,"Sumner, KS",2019,757404.0
 20193,"Thomas, KS",2019,524779.0
 20195,"Trego, KS",2019,161189.0
 20197,"Wabaunsee, KS",2019,152614.0
 20199,"Wallace, KS",2019,93133.0
 20201,"Washington, KS",2019,219448.0
 20203,"Wichita, KS",2019,209748.0
 20205,"Wilson, KS",2019,333899.0
 20207,"Woodson, KS",2019,77626.0
 20209,"Wyandotte, KS",2019,12020177.0
 21000,Kentucky,2019,220678757.0
 21001,"Adair, KY",2019,393341.0
 21003,"Allen, KY",2019,490473.0
 21005,"Anderson, KY",2019,584347.0
 21007,"Ballard, KY",2019,217283.0
 21009,"Barren, KY",2019,1509847.0
 21011,"Bath, KY",2019,216532.0
 21013,"Bell, KY",2019,782473.0
 21015,"Boone, KY",2019,12381236.0
 21017,"Bourbon, KY",2019,955136.0
 21019,"Boyd, KY",2019,3601466.0
 21021,"Boyle, KY",2019,1313004.0
 21023,"Bracken, KY",2019,165431.0
 21025,"Breathitt, KY",2019,238553.0
 21027,"Breckinridge, KY",2019,412521.0
 21029,"Bullitt, KY",2019,2635094.0
 21031,"Butler, KY",2019,313454.0
 21033,"Caldwell, KY",2019,404878.0
 21035,"Calloway, KY",2019,1522351.0
 21037,"Campbell, KY",2019,3635558.0
 21039,"Carlisle, KY",2019,172403.0
 21041,"Carroll, KY",2019,2164775.0
 21043,"Carter, KY",2019,515203.0
 21045,"Casey, KY",2019,347240.0
 21047,"Christian, KY",2019,6059865.0
 21049,"Clark, KY",2019,1614503.0
 21051,"Clay, KY",2019,361782.0
 21053,"Clinton, KY",2019,340706.0
 21055,"Crittenden, KY",2019,184601.0
 21057,"Cumberland, KY",2019,166795.0
 21059,"Daviess, KY",2019,4871961.0
 21061,"Edmonson, KY",2019,192544.0
 21063,"Elliott, KY",2019,85524.0
 21065,"Estill, KY",2019,228398.0
 21067,"Fayette, KY",2019,21371944.0
 21069,"Fleming, KY",2019,327439.0
 21071,"Floyd, KY",2019,1168082.0
 21073,"Franklin, KY",2019,3227045.0
 21075,"Fulton, KY",2019,206124.0
 21077,"Gallatin, KY",2019,357459.0
 21079,"Garrard, KY",2019,279084.0
 21081,"Grant, KY",2019,544290.0
 21083,"Graves, KY",2019,1251784.0
 21085,"Grayson, KY",2019,765518.0
 21087,"Green, KY",2019,171613.0
 21089,"Greenup, KY",2019,963864.0
 21091,"Hancock, KY",2019,819250.0
 21093,"Hardin, KY",2019,5492989.0
 21095,"Harlan, KY",2019,549711.0
 21097,"Harrison, KY",2019,548398.0
 21099,"Hart, KY",2019,614113.0
 21101,"Henderson, KY",2019,2076678.0
 21103,"Henry, KY",2019,353295.0
 21105,"Hickman, KY",2019,169452.0
 21107,"Hopkins, KY",2019,1874897.0
 21109,"Jackson, KY",2019,172848.0
 21111,"Jefferson, KY",2019,59721668.0
 21113,"Jessamine, KY",2019,2134019.0
 21115,"Johnson, KY",2019,475708.0
 21117,"Kenton, KY",2019,9026048.0
 21119,"Knott, KY",2019,227209.0
 21121,"Knox, KY",2019,656790.0
 21123,"Larue, KY",2019,239469.0
 21125,"Laurel, KY",2019,2224549.0
 21127,"Lawrence, KY",2019,373154.0
 21129,"Lee, KY",2019,132579.0
 21131,"Leslie, KY",2019,171629.0
 21133,"Letcher, KY",2019,373553.0
 21135,"Lewis, KY",2019,213969.0
 21137,"Lincoln, KY",2019,435314.0
 21139,"Livingston, KY",2019,291443.0
 21141,"Logan, KY",2019,1170288.0
 21143,"Lyon, KY",2019,233049.0
 21145,"McCracken, KY",2019,4624512.0
 21147,"McCreary, KY",2019,268984.0
 21149,"McLean, KY",2019,268134.0
 21151,"Madison, KY",2019,3153355.0
 21153,"Magoffin, KY",2019,170019.0
 21155,"Marion, KY",2019,950918.0
 21157,"Marshall, KY",2019,1519241.0
 21159,"Martin, KY",2019,244733.0
 21161,"Mason, KY",2019,1178533.0
 21163,"Meade, KY",2019,555868.0
 21165,"Menifee, KY",2019,94164.0
 21167,"Mercer, KY",2019,832550.0
 21169,"Metcalfe, KY",2019,185268.0
 21171,"Monroe, KY",2019,315060.0
 21173,"Montgomery, KY",2019,1053532.0
 21175,"Morgan, KY",2019,275410.0
 21177,"Muhlenberg, KY",2019,1287720.0
 21179,"Nelson, KY",2019,1675950.0
 21181,"Nicholas, KY",2019,100893.0
 21183,"Ohio, KY",2019,891136.0
 21185,"Oldham, KY",2019,2036701.0
 21187,"Owen, KY",2019,188006.0
 21189,"Owsley, KY",2019,53317.0
 21191,"Pendleton, KY",2019,294883.0
 21193,"Perry, KY",2019,985431.0
 21195,"Pike, KY",2019,2122225.0
 21197,"Powell, KY",2019,238084.0
 21199,"Pulaski, KY",2019,2349544.0
 21201,"Robertson, KY",2019,27549.0
 21203,"Rockcastle, KY",2019,348749.0
 21205,"Rowan, KY",2019,796476.0
 21207,"Russell, KY",2019,646395.0
 21209,"Scott, KY",2019,3805671.0
 21211,"Shelby, KY",2019,1740405.0
 21213,"Simpson, KY",2019,1017937.0
 21215,"Spencer, KY",2019,295149.0
 21217,"Taylor, KY",2019,918439.0
 21219,"Todd, KY",2019,349754.0
 21221,"Trigg, KY",2019,296666.0
 21223,"Trimble, KY",2019,552205.0
 21225,"Union, KY",2019,710495.0
 21227,"Warren, KY",2019,7015298.0
 21229,"Washington, KY",2019,337060.0
 21231,"Wayne, KY",2019,463293.0
 21233,"Webster, KY",2019,529974.0
 21235,"Whitley, KY",2019,1112620.0
 21237,"Wolfe, KY",2019,103116.0
 21239,"Woodford, KY",2019,1211742.0
 22000,Louisiana,2019,257498990.0
 22001,"Acadia, LA",2019,1621748.0
 22003,"Allen, LA",2019,739749.0
 22005,"Ascension, LA",2019,9394878.0
 22007,"Assumption, LA",2019,526804.0
 22009,"Avoyelles, LA",2019,962233.0
 22011,"Beauregard, LA",2019,1392601.0
 22013,"Bienville, LA",2019,522802.0
 22015,"Bossier, LA",2019,5639995.0
 22017,"Caddo, LA",2019,13784813.0
 22019,"Calcasieu, LA",2019,16412052.0
 22021,"Caldwell, LA",2019,208281.0
 22023,"Cameron, LA",2019,1384441.0
 22025,"Catahoula, LA",2019,188083.0
 22027,"Claiborne, LA",2019,396038.0
 22029,"Concordia, LA",2019,602480.0
 22031,"De Soto, LA",2019,2454776.0
 22033,"East Baton Rouge, LA",2019,36484691.0
 22035,"East Carroll, LA",2019,165483.0
 22037,"East Feliciana, LA",2019,531881.0
 22039,"Evangeline, LA",2019,917118.0
 22041,"Franklin, LA",2019,496037.0
 22043,"Grant, LA",2019,392431.0
 22045,"Iberia, LA",2019,3190755.0
 22047,"Iberville, LA",2019,2760759.0
 22049,"Jackson, LA",2019,442697.0
 22051,"Jefferson, LA",2019,25140458.0
 22053,"Jefferson Davis, LA",2019,879559.0
 22055,"Lafayette, LA",2019,14876448.0
 22057,"Lafourche, LA",2019,4206136.0
 22059,"LaSalle, LA",2019,510884.0
 22061,"Lincoln, LA",2019,2197449.0
 22063,"Livingston, LA",2019,3460494.0
 22065,"Madison, LA",2019,394376.0
 22067,"Morehouse, LA",2019,610366.0
 22069,"Natchitoches, LA",2019,1484231.0
 22071,"Orleans, LA",2019,25448961.0
 22073,"Ouachita, LA",2019,7356696.0
 22075,"Plaquemines, LA",2019,3183147.0
 22077,"Pointe Coupee, LA",2019,867489.0
 22079,"Rapides, LA",2019,6047511.0
 22081,"Red River, LA",2019,638654.0
 22083,"Richland, LA",2019,706349.0
 22085,"Sabine, LA",2019,806591.0
 22087,"St. Bernard, LA",2019,1509782.0
 22089,"St. Charles, LA",2019,8421049.0
 22091,"St. Helena, LA",2019,219823.0
 22093,"St. James, LA",2019,3010643.0
 22095,"St. John the Baptist, LA",2019,3758464.0
 22097,"St. Landry, LA",2019,2597092.0
 22099,"St. Martin, LA",2019,1399144.0
 22101,"St. Mary, LA",2019,2596199.0
 22103,"St. Tammany, LA",2019,13210849.0
 22105,"Tangipahoa, LA",2019,4558315.0
 22107,"Tensas, LA",2019,135023.0
 22109,"Terrebonne, LA",2019,5712161.0
 22111,"Union, LA",2019,499495.0
 22113,"Vermilion, LA",2019,1490847.0
 22115,"Vernon, LA",2019,2144956.0
 22117,"Washington, LA",2019,1149278.0
 22119,"Webster, LA",2019,1224973.0
 22121,"West Baton Rouge, LA",2019,1763955.0
 22123,"West Carroll, LA",2019,195719.0
 22125,"West Feliciana, LA",2019,996653.0
 22127,"Winn, LA",2019,475148.0
 23000,Maine,2019,69708709.0
 23001,"Androscoggin, ME",2019,5039685.0
 23003,"Aroostook, ME",2019,2693282.0
 23005,"Cumberland, ME",2019,23657718.0
 23007,"Franklin, ME",2019,1164486.0
 23009,"Hancock, ME",2019,2766257.0
 23011,"Kennebec, ME",2019,6101420.0
 23013,"Knox, ME",2019,2027478.0
 23015,"Lincoln, ME",2019,1332159.0
 23017,"Oxford, ME",2019,1812514.0
 23019,"Penobscot, ME",2019,7114254.0
 23021,"Piscataquis, ME",2019,576038.0
 23023,"Sagadahoc, ME",2019,1819684.0
 23025,"Somerset, ME",2019,1756894.0
 23027,"Waldo, ME",2019,1528097.0
 23029,"Washington, ME",2019,1126822.0
 23031,"York, ME",2019,9191922.0
 24000,Maryland,2019,419391646.0
 24001,"Allegany, MD",2019,3212151.0
 24003,"Anne Arundel, MD",2019,52334896.0
 24005,"Baltimore, MD",2019,56930655.0
 24009,"Calvert, MD",2019,4692557.0
 24011,"Caroline, MD",2019,1232975.0
 24013,"Carroll, MD",2019,6763742.0
 24015,"Cecil, MD",2019,5048469.0
 24017,"Charles, MD",2019,6333886.0
 24019,"Dorchester, MD",2019,1347268.0
 24021,"Frederick, MD",2019,14707184.0
 24023,"Garrett, MD",2019,1349969.0
 24025,"Harford, MD",2019,13882122.0
 24027,"Howard, MD",2019,28519555.0
 24029,"Kent, MD",2019,1006200.0
 24031,"Montgomery, MD",2019,95273604.0
 24033,"Prince George's, MD",2019,48583064.0
 24035,"Queen Anne's, MD",2019,2001341.0
 24037,"St. Mary's, MD",2019,7846424.0
 24039,"Somerset, MD",2019,852211.0
 24041,"Talbot, MD",2019,2153258.0
 24043,"Washington, MD",2019,7399410.0
 24045,"Wicomico, MD",2019,5227940.0
 24047,"Worcester, MD",2019,2978322.0
 24510,"Baltimore (Independent City), MD",2019,49714441.0
 25000,Massachusetts,2019,588069506.0
 25001,"Barnstable, MA",2019,14157930.0
 25003,"Berkshire, MA",2019,7286891.0
 25005,"Bristol, MA",2019,27885377.0
 25007,"Dukes, MA",2019,1544202.0
 25009,"Essex, MA",2019,47833605.0
 25011,"Franklin, MA",2019,3046568.0
 25013,"Hampden, MA",2019,23825431.0
 25015,"Hampshire, MA",2019,8222225.0
 25017,"Middlesex, MA",2019,178221880.0
 25019,"Nantucket, MA",2019,1422559.0
 25021,"Norfolk, MA",2019,56801662.0
 25023,"Plymouth, MA",2019,27827138.0
 25025,"Suffolk, MA",2019,144187327.0
 25027,"Worcester, MA",2019,45806712.0
 26000,Michigan,2019,540237263.0
 26001,"Alcona, MI",2019,238724.0
 26003,"Alger, MI",2019,262520.0
 26005,"Allegan, MI",2019,4765484.0
 26007,"Alpena, MI",2019,1118564.0
 26009,"Antrim, MI",2019,642939.0
 26011,"Arenac, MI",2019,454500.0
 26013,"Baraga, MI",2019,294423.0
 26015,"Barry, MI",2019,1600700.0
 26017,"Bay, MI",2019,3712104.0
 26019,"Benzie, MI",2019,531145.0
 26021,"Berrien, MI",2019,7732788.0
 26023,"Branch, MI",2019,1495025.0
 26025,"Calhoun, MI",2019,6663018.0
 26027,"Cass, MI",2019,1197769.0
 26029,"Charlevoix, MI",2019,1233252.0
 26031,"Cheboygan, MI",2019,671494.0
 26033,"Chippewa, MI",2019,1199373.0
 26035,"Clare, MI",2019,1101169.0
 26037,"Clinton, MI",2019,2286482.0
 26039,"Crawford, MI",2019,460870.0
 26041,"Delta, MI",2019,1311010.0
 26043,"Dickinson, MI",2019,1416316.0
 26045,"Eaton, MI",2019,5416031.0
 26047,"Emmet, MI",2019,1850423.0
 26049,"Genesee, MI",2019,17212796.0
 26051,"Gladwin, MI",2019,530105.0
 26053,"Gogebic, MI",2019,509078.0
 26055,"Grand Traverse, MI",2019,5376145.0
 26057,"Gratiot, MI",2019,1388940.0
 26059,"Hillsdale, MI",2019,1593993.0
 26061,"Houghton, MI",2019,1175020.0
 26063,"Huron, MI",2019,1380395.0
 26065,"Ingham, MI",2019,18052006.0
 26067,"Ionia, MI",2019,1755343.0
 26069,"Iosco, MI",2019,892455.0
 26071,"Iron, MI",2019,362905.0
 26073,"Isabella, MI",2019,2530046.0
 26075,"Jackson, MI",2019,6881523.0
 26077,"Kalamazoo, MI",2019,15558461.0
 26079,"Kalkaska, MI",2019,603614.0
 26081,"Kent, MI",2019,45272219.0
 26083,"Keweenaw, MI",2019,56804.0
 26085,"Lake, MI",2019,247000.0
 26087,"Lapeer, MI",2019,2368899.0
 26089,"Leelanau, MI",2019,829468.0
 26091,"Lenawee, MI",2019,3051416.0
 26093,"Livingston, MI",2019,7581163.0
 26095,"Luce, MI",2019,166340.0
 26097,"Mackinac, MI",2019,467268.0
 26099,"Macomb, MI",2019,41701122.0
 26101,"Manistee, MI",2019,909554.0
 26103,"Marquette, MI",2019,2831387.0
 26105,"Mason, MI",2019,1054954.0
 26107,"Mecosta, MI",2019,1359840.0
 26109,"Menominee, MI",2019,751504.0
 26111,"Midland, MI",2019,5518798.0
 26113,"Missaukee, MI",2019,459450.0
 26115,"Monroe, MI",2019,6268937.0
 26117,"Montcalm, MI",2019,1676212.0
 26119,"Montmorency, MI",2019,275783.0
 26121,"Muskegon, MI",2019,6412133.0
 26123,"Newaygo, MI",2019,1449351.0
 26125,"Oakland, MI",2019,112470401.0
 26127,"Oceana, MI",2019,705905.0
 26129,"Ogemaw, MI",2019,588256.0
 26131,"Ontonagon, MI",2019,140882.0
 26133,"Osceola, MI",2019,806525.0
 26135,"Oscoda, MI",2019,232006.0
 26137,"Otsego, MI",2019,1102821.0
 26139,"Ottawa, MI",2019,15049058.0
 26141,"Presque Isle, MI",2019,345576.0
 26143,"Roscommon, MI",2019,627544.0
 26145,"Saginaw, MI",2019,8770737.0
 26147,"St. Clair, MI",2019,5635672.0
 26149,"St. Joseph, MI",2019,2124297.0
 26151,"Sanilac, MI",2019,1222089.0
 26153,"Schoolcraft, MI",2019,290706.0
 26155,"Shiawassee, MI",2019,1799330.0
 26157,"Tuscola, MI",2019,1291277.0
 26159,"Van Buren, MI",2019,2970620.0
 26161,"Washtenaw, MI",2019,26602782.0
 26163,"Wayne, MI",2019,101920083.0
 26165,"Wexford, MI",2019,1372146.0
 27000,Minnesota,2019,384850155.0
 27001,"Aitkin, MN",2019,517189.0
 27003,"Anoka, MN",2019,16479874.0
 27005,"Becker, MN",2019,1456572.0
 27007,"Beltrami, MN",2019,1881445.0
 27009,"Benton, MN",2019,1860239.0
 27011,"Big Stone, MN",2019,201995.0
 27013,"Blue Earth, MN",2019,4237108.0
 27015,"Brown, MN",2019,1498843.0
 27017,"Carlton, MN",2019,1427649.0
 27019,"Carver, MN",2019,5742117.0
 27021,"Cass, MN",2019,1050945.0
 27023,"Chippewa, MN",2019,556555.0
 27025,"Chisago, MN",2019,1697531.0
 27027,"Clay, MN",2019,2193335.0
 27029,"Clearwater, MN",2019,275424.0
 27031,"Cook, MN",2019,281704.0
 27033,"Cottonwood, MN",2019,607579.0
 27035,"Crow Wing, MN",2019,3063681.0
 27037,"Dakota, MN",2019,27905476.0
 27039,"Dodge, MN",2019,787075.0
 27041,"Douglas, MN",2019,2065398.0
 27043,"Faribault, MN",2019,501906.0
 27045,"Fillmore, MN",2019,631040.0
 27047,"Freeborn, MN",2019,1277949.0
 27049,"Goodhue, MN",2019,2944540.0
 27051,"Grant, MN",2019,265458.0
 27053,"Hennepin, MN",2019,147265039.0
 27055,"Houston, MN",2019,555090.0
 27057,"Hubbard, MN",2019,852645.0
 27059,"Isanti, MN",2019,1181010.0
 27061,"Itasca, MN",2019,2209393.0
 27063,"Jackson, MN",2019,691094.0
 27065,"Kanabec, MN",2019,453222.0
 27067,"Kandiyohi, MN",2019,2332931.0
 27069,"Kittson, MN",2019,188988.0
 27071,"Koochiching, MN",2019,563478.0
 27073,"Lac qui Parle, MN",2019,269052.0
 27075,"Lake, MN",2019,584633.0
 27077,"Lake of the Woods, MN",2019,202231.0
 27079,"Le Sueur, MN",2019,983199.0
 27081,"Lincoln, MN",2019,329180.0
 27083,"Lyon, MN",2019,1631770.0
 27085,"McLeod, MN",2019,1892859.0
 27087,"Mahnomen, MN",2019,177096.0
 27089,"Marshall, MN",2019,409522.0
 27091,"Martin, MN",2019,1133153.0
 27093,"Meeker, MN",2019,1249963.0
 27095,"Mille Lacs, MN",2019,873441.0
 27097,"Morrison, MN",2019,1135226.0
 27099,"Mower, MN",2019,2126214.0
 27101,"Murray, MN",2019,543251.0
 27103,"Nicollet, MN",2019,1608384.0
 27105,"Nobles, MN",2019,1259152.0
 27107,"Norman, MN",2019,237471.0
 27109,"Olmsted, MN",2019,12119971.0
 27111,"Otter Tail, MN",2019,2363743.0
 27113,"Pennington, MN",2019,1857141.0
 27115,"Pine, MN",2019,779659.0
 27117,"Pipestone, MN",2019,696931.0
 27119,"Polk, MN",2019,1397258.0
 27121,"Pope, MN",2019,538364.0
 27123,"Ramsey, MN",2019,44975545.0
 27125,"Red Lake, MN",2019,162429.0
 27127,"Redwood, MN",2019,827955.0
 27129,"Renville, MN",2019,668960.0
 27131,"Rice, MN",2019,2903319.0
 27133,"Rock, MN",2019,634669.0
 27135,"Roseau, MN",2019,1129577.0
 27137,"St. Louis, MN",2019,10955397.0
 27139,"Scott, MN",2019,7283379.0
 27141,"Sherburne, MN",2019,3726937.0
 27143,"Sibley, MN",2019,425475.0
 27145,"Stearns, MN",2019,9180419.0
 27147,"Steele, MN",2019,2377722.0
 27149,"Stevens, MN",2019,608116.0
 27151,"Swift, MN",2019,472554.0
 27153,"Todd, MN",2019,870210.0
 27155,"Traverse, MN",2019,142618.0
 27157,"Wabasha, MN",2019,765827.0
 27159,"Wadena, MN",2019,539092.0
 27161,"Waseca, MN",2019,712431.0
 27163,"Washington, MN",2019,12431128.0
 27165,"Watonwan, MN",2019,467812.0
 27167,"Wilkin, MN",2019,307583.0
 27169,"Winona, MN",2019,2423058.0
 27171,"Wright, MN",2019,5229522.0
 27173,"Yellow Medicine, MN",2019,528036.0
 28000,Mississippi,2019,116135664.0
 28001,"Adams, MS",2019,1006862.0
 28003,"Alcorn, MS",2019,1290756.0
 28005,"Amite, MS",2019,290415.0
 28007,"Attala, MS",2019,484289.0
 28009,"Benton, MS",2019,267049.0
 28011,"Bolivar, MS",2019,1030671.0
 28013,"Calhoun, MS",2019,290830.0
 28015,"Carroll, MS",2019,119844.0
 28017,"Chickasaw, MS",2019,492477.0
 28019,"Choctaw, MS",2019,705653.0
 28021,"Claiborne, MS",2019,816349.0
 28023,"Clarke, MS",2019,289103.0
 28025,"Clay, MS",2019,516422.0
 28027,"Coahoma, MS",2019,755176.0
 28029,"Copiah, MS",2019,680523.0
 28031,"Covington, MS",2019,582405.0
 28033,"DeSoto, MS",2019,6371904.0
 28035,"Forrest, MS",2019,3729375.0
 28037,"Franklin, MS",2019,203622.0
 28039,"George, MS",2019,519177.0
 28041,"Greene, MS",2019,162419.0
 28043,"Grenada, MS",2019,969174.0
 28045,"Hancock, MS",2019,1660586.0
 28047,"Harrison, MS",2019,9311247.0
 28049,"Hinds, MS",2019,12882374.0
 28051,"Holmes, MS",2019,295787.0
 28053,"Humphreys, MS",2019,194041.0
 28055,"Issaquena, MS",2019,22318.0
 28057,"Itawamba, MS",2019,581078.0
 28059,"Jackson, MS",2019,7062727.0
 28061,"Jasper, MS",2019,493477.0
 28063,"Jefferson, MS",2019,104849.0
 28065,"Jefferson Davis, MS",2019,175318.0
 28067,"Jones, MS",2019,2693216.0
 28069,"Kemper, MS",2019,386798.0
 28071,"Lafayette, MS",2019,2253751.0
 28073,"Lamar, MS",2019,1822260.0
 28075,"Lauderdale, MS",2019,3447419.0
 28077,"Lawrence, MS",2019,355679.0
 28079,"Leake, MS",2019,581227.0
 28081,"Lee, MS",2019,5157499.0
 28083,"Leflore, MS",2019,1225255.0
 28085,"Lincoln, MS",2019,1181617.0
 28087,"Lowndes, MS",2019,3066650.0
 28089,"Madison, MS",2019,6592626.0
 28091,"Marion, MS",2019,899935.0
 28093,"Marshall, MS",2019,749542.0
 28095,"Monroe, MS",2019,986830.0
 28097,"Montgomery, MS",2019,196661.0
 28099,"Neshoba, MS",2019,1104258.0
 28101,"Newton, MS",2019,516564.0
 28103,"Noxubee, MS",2019,241322.0
 28105,"Oktibbeha, MS",2019,1852378.0
 28107,"Panola, MS",2019,1172888.0
 28109,"Pearl River, MS",2019,1198721.0
 28111,"Perry, MS",2019,310973.0
 28113,"Pike, MS",2019,1176917.0
 28115,"Pontotoc, MS",2019,1011964.0
 28117,"Prentiss, MS",2019,612250.0
 28119,"Quitman, MS",2019,102704.0
 28121,"Rankin, MS",2019,6954336.0
 28123,"Scott, MS",2019,1150643.0
 28125,"Sharkey, MS",2019,97032.0
 28127,"Simpson, MS",2019,639486.0
 28129,"Smith, MS",2019,380149.0
 28131,"Stone, MS",2019,407783.0
 28133,"Sunflower, MS",2019,650780.0
 28135,"Tallahatchie, MS",2019,290856.0
 28137,"Tate, MS",2019,534221.0
 28139,"Tippah, MS",2019,685138.0
 28141,"Tishomingo, MS",2019,596522.0
 28143,"Tunica, MS",2019,577989.0
 28145,"Union, MS",2019,1180178.0
 28147,"Walthall, MS",2019,279335.0
 28149,"Warren, MS",2019,2368415.0
 28151,"Washington, MS",2019,1492329.0
 28153,"Wayne, MS",2019,619255.0
 28155,"Webster, MS",2019,198880.0
 28157,"Wilkinson, MS",2019,153306.0
 28159,"Winston, MS",2019,523762.0
 28161,"Yalobusha, MS",2019,336768.0
 28163,"Yazoo, MS",2019,762299.0
 29000,Missouri,2019,334750152.0
 29001,"Adair, MO",2019,843082.0
 29003,"Andrew, MO",2019,324283.0
 29005,"Atchison, MO",2019,298040.0
 29007,"Audrain, MO",2019,939785.0
 29009,"Barry, MO",2019,1539472.0
 29011,"Barton, MO",2019,328871.0
 29013,"Bates, MO",2019,491743.0
 29015,"Benton, MO",2019,432646.0
 29017,"Bollinger, MO",2019,190108.0
 29019,"Boone, MO",2019,10171052.0
 29021,"Buchanan, MO",2019,5266776.0
 29023,"Butler, MO",2019,1489398.0
 29025,"Caldwell, MO",2019,222125.0
 29027,"Callaway, MO",2019,1904362.0
 29029,"Camden, MO",2019,1661969.0
 29031,"Cape Girardeau, MO",2019,4254722.0
 29033,"Carroll, MO",2019,371784.0
 29035,"Carter, MO",2019,131423.0
 29037,"Cass, MO",2019,2924620.0
 29039,"Cedar, MO",2019,287240.0
 29041,"Chariton, MO",2019,290792.0
 29043,"Christian, MO",2019,1893378.0
 29045,"Clark, MO",2019,148805.0
 29047,"Clay, MO",2019,13066816.0
 29049,"Clinton, MO",2019,418366.0
 29051,"Cole, MO",2019,5684624.0
 29053,"Cooper, MO",2019,479035.0
 29055,"Crawford, MO",2019,671563.0
 29057,"Dade, MO",2019,185405.0
 29059,"Dallas, MO",2019,275147.0
 29061,"Daviess, MO",2019,197012.0
 29063,"DeKalb, MO",2019,346620.0
 29065,"Dent, MO",2019,378291.0
 29067,"Douglas, MO",2019,226561.0
 29069,"Dunklin, MO",2019,756258.0
 29071,"Franklin, MO",2019,4960038.0
 29073,"Gasconade, MO",2019,482213.0
 29075,"Gentry, MO",2019,250111.0
 29077,"Greene, MO",2019,17908539.0
 29079,"Grundy, MO",2019,342751.0
 29081,"Harrison, MO",2019,261930.0
 29083,"Henry, MO",2019,723742.0
 29085,"Hickory, MO",2019,158410.0
 29087,"Holt, MO",2019,236029.0
 29089,"Howard, MO",2019,242464.0
 29091,"Howell, MO",2019,1304926.0
 29093,"Iron, MO",2019,403290.0
 29095,"Jackson, MO",2019,49903029.0
 29097,"Jasper, MO",2019,5748513.0
 29099,"Jefferson, MO",2019,5563974.0
 29101,"Johnson, MO",2019,1945713.0
 29103,"Knox, MO",2019,135112.0
 29105,"Laclede, MO",2019,1304493.0
 29107,"Lafayette, MO",2019,866921.0
 29109,"Lawrence, MO",2019,906433.0
 29111,"Lewis, MO",2019,244163.0
 29113,"Lincoln, MO",2019,1340240.0
 29115,"Linn, MO",2019,424459.0
 29117,"Livingston, MO",2019,599894.0
 29119,"McDonald, MO",2019,737887.0
 29121,"Macon, MO",2019,595937.0
 29123,"Madison, MO",2019,287809.0
 29125,"Maries, MO",2019,165717.0
 29127,"Marion, MO",2019,1253606.0
 29129,"Mercer, MO",2019,111468.0
 29131,"Miller, MO",2019,715463.0
 29133,"Mississippi, MO",2019,372487.0
 29135,"Moniteau, MO",2019,436619.0
 29137,"Monroe, MO",2019,196752.0
 29139,"Montgomery, MO",2019,362487.0
 29141,"Morgan, MO",2019,506338.0
 29143,"New Madrid, MO",2019,1064270.0
 29145,"Newton, MO",2019,2165323.0
 29147,"Nodaway, MO",2019,738063.0
 29149,"Oregon, MO",2019,213847.0
 29151,"Osage, MO",2019,435334.0
 29153,"Ozark, MO",2019,142502.0
 29155,"Pemiscot, MO",2019,428768.0
 29157,"Perry, MO",2019,1160880.0
 29159,"Pettis, MO",2019,2204993.0
 29161,"Phelps, MO",2019,1637606.0
 29163,"Pike, MO",2019,541629.0
 29165,"Platte, MO",2019,7613702.0
 29167,"Polk, MO",2019,812299.0
 29169,"Pulaski, MO",2019,2434942.0
 29171,"Putnam, MO",2019,130145.0
 29173,"Ralls, MO",2019,557447.0
 29175,"Randolph, MO",2019,1271084.0
 29177,"Ray, MO",2019,508068.0
 29179,"Reynolds, MO",2019,242976.0
 29181,"Ripley, MO",2019,227729.0
 29183,"St. Charles, MO",2019,18363265.0
 29185,"St. Clair, MO",2019,164136.0
 29186,"Ste. Genevieve, MO",2019,658896.0
 29187,"St. Francois, MO",2019,1845438.0
 29189,"St. Louis, MO",2019,84566478.0
 29195,"Saline, MO",2019,923543.0
 29197,"Schuyler, MO",2019,85375.0
 29199,"Scotland, MO",2019,151190.0
 29201,"Scott, MO",2019,1667600.0
 29203,"Shannon, MO",2019,131247.0
 29205,"Shelby, MO",2019,157940.0
 29207,"Stoddard, MO",2019,1030231.0
 29209,"Stone, MO",2019,778900.0
 29211,"Sullivan, MO",2019,471341.0
 29213,"Taney, MO",2019,2719645.0
 29215,"Texas, MO",2019,522642.0
 29217,"Vernon, MO",2019,836695.0
 29219,"Warren, MO",2019,931342.0
 29221,"Washington, MO",2019,415284.0
 29223,"Wayne, MO",2019,225520.0
 29225,"Webster, MO",2019,799049.0
 29227,"Worth, MO",2019,58845.0
 29229,"Wright, MO",2019,343396.0
 29510,"St. Louis (Independent City), MO",2019,31278420.0
 30000,Montana,2019,52715571.0
 30001,"Beaverhead, MT",2019,431477.0
 30003,"Big Horn, MT",2019,882314.0
 30005,"Blaine, MT",2019,176557.0
 30007,"Broadwater, MT",2019,193258.0
 30009,"Carbon, MT",2019,386507.0
 30011,"Carter, MT",2019,39620.0
 30013,"Cascade, MT",2019,3911178.0
 30015,"Chouteau, MT",2019,279591.0
 30017,"Custer, MT",2019,493752.0
 30019,"Daniels, MT",2019,101178.0
 30021,"Dawson, MT",2019,421056.0
 30023,"Deer Lodge, MT",2019,288287.0
 30025,"Fallon, MT",2019,196630.0
 30027,"Fergus, MT",2019,536680.0
 30029,"Flathead, MT",2019,4530217.0
 30031,"Gallatin, MT",2019,6806544.0
 30033,"Garfield, MT",2019,34350.0
 30035,"Glacier, MT",2019,481853.0
 30037,"Golden Valley, MT",2019,25468.0
 30039,"Granite, MT",2019,110257.0
 30041,"Hill, MT",2019,790149.0
 30043,"Jefferson, MT",2019,278384.0
 30045,"Judith Basin, MT",2019,101242.0
 30047,"Lake, MT",2019,881058.0
 30049,"Lewis and Clark, MT",2019,3772502.0
 30051,"Liberty, MT",2019,211293.0
 30053,"Lincoln, MT",2019,596803.0
 30055,"McCone, MT",2019,101398.0
 30057,"Madison, MT",2019,528056.0
 30059,"Meagher, MT",2019,63054.0
 30061,"Mineral, MT",2019,105401.0
 30063,"Missoula, MT",2019,6017431.0
 30065,"Musselshell, MT",2019,279502.0
 30067,"Park, MT",2019,651027.0
 30069,"Petroleum, MT",2019,13867.0
 30071,"Phillips, MT",2019,132762.0
 30073,"Pondera, MT",2019,268919.0
 30075,"Powder River, MT",2019,97300.0
 30077,"Powell, MT",2019,232795.0
 30079,"Prairie, MT",2019,38844.0
 30081,"Ravalli, MT",2019,1224805.0
 30083,"Richland, MT",2019,871288.0
 30085,"Roosevelt, MT",2019,444201.0
 30087,"Rosebud, MT",2019,866327.0
 30089,"Sanders, MT",2019,364079.0
 30091,"Sheridan, MT",2019,173475.0
 30093,"Silver Bow, MT",2019,1584690.0
 30095,"Stillwater, MT",2019,612661.0
 30097,"Sweet Grass, MT",2019,250333.0
 30099,"Teton, MT",2019,271654.0
 30101,"Toole, MT",2019,363028.0
 30103,"Treasure, MT",2019,98866.0
 30105,"Valley, MT",2019,324113.0
 30107,"Wheatland, MT",2019,87699.0
 30109,"Wibaux, MT",2019,45088.0
 30111,"Yellowstone, MT",2019,9644702.0
 31000,Nebraska,2019,132848206.0
 31001,"Adams, NE",2019,1942374.0
 31003,"Antelope, NE",2019,530501.0
 31005,"Arthur, NE",2019,18761.0
 31007,"Banner, NE",2019,39130.0
 31009,"Blaine, NE",2019,28509.0
 31011,"Boone, NE",2019,439332.0
 31013,"Box Butte, NE",2019,634314.0
 31015,"Boyd, NE",2019,118978.0
 31017,"Brown, NE",2019,219031.0
 31019,"Buffalo, NE",2019,3249862.0
 31021,"Burt, NE",2019,320198.0
 31023,"Butler, NE",2019,318344.0
 31025,"Cass, NE",2019,798391.0
 31027,"Cedar, NE",2019,405913.0
 31029,"Chase, NE",2019,334923.0
 31031,"Cherry, NE",2019,279572.0
 31033,"Cheyenne, NE",2019,567330.0
 31035,"Clay, NE",2019,336932.0
 31037,"Colfax, NE",2019,698932.0
 31039,"Cuming, NE",2019,813848.0
 31041,"Custer, NE",2019,667477.0
 31043,"Dakota, NE",2019,1616964.0
 31045,"Dawes, NE",2019,289666.0
 31047,"Dawson, NE",2019,1549746.0
 31049,"Deuel, NE",2019,85910.0
 31051,"Dixon, NE",2019,271978.0
 31053,"Dodge, NE",2019,2097887.0
 31055,"Douglas, NE",2019,51320758.0
 31057,"Dundy, NE",2019,180898.0
 31059,"Fillmore, NE",2019,375778.0
 31061,"Franklin, NE",2019,83205.0
 31063,"Frontier, NE",2019,86997.0
 31065,"Furnas, NE",2019,236548.0
 31067,"Gage, NE",2019,975864.0
 31069,"Garden, NE",2019,76950.0
 31071,"Garfield, NE",2019,83066.0
 31073,"Gosper, NE",2019,80325.0
 31075,"Grant, NE",2019,26969.0
 31077,"Greeley, NE",2019,110307.0
 31079,"Hall, NE",2019,3649823.0
 31081,"Hamilton, NE",2019,647370.0
 31083,"Harlan, NE",2019,185933.0
 31085,"Hayes, NE",2019,79990.0
 31087,"Hitchcock, NE",2019,144637.0
 31089,"Holt, NE",2019,659398.0
 31091,"Hooker, NE",2019,31031.0
 31093,"Howard, NE",2019,231007.0
 31095,"Jefferson, NE",2019,449628.0
 31097,"Johnson, NE",2019,186647.0
 31099,"Kearney, NE",2019,353206.0
 31101,"Keith, NE",2019,398072.0
 31103,"Keya Paha, NE",2019,30747.0
 31105,"Kimball, NE",2019,165704.0
 31107,"Knox, NE",2019,448707.0
 31109,"Lancaster, NE",2019,20455453.0
 31111,"Lincoln, NE",2019,2325027.0
 31113,"Logan, NE",2019,29108.0
 31115,"Loup, NE",2019,35001.0
 31117,"McPherson, NE",2019,21488.0
 31119,"Madison, NE",2019,2555380.0
 31121,"Merrick, NE",2019,416811.0
 31123,"Morrill, NE",2019,528854.0
 31125,"Nance, NE",2019,118668.0
 31127,"Nemaha, NE",2019,637627.0
 31129,"Nuckolls, NE",2019,260984.0
 31131,"Otoe, NE",2019,1222444.0
 31133,"Pawnee, NE",2019,110404.0
 31135,"Perkins, NE",2019,309632.0
 31137,"Phelps, NE",2019,805257.0
 31139,"Pierce, NE",2019,346422.0
 31141,"Platte, NE",2019,2747374.0
 31143,"Polk, NE",2019,274096.0
 31145,"Red Willow, NE",2019,541070.0
 31147,"Richardson, NE",2019,371115.0
 31149,"Rock, NE",2019,87829.0
 31151,"Saline, NE",2019,1052762.0
 31153,"Sarpy, NE",2019,9478048.0
 31155,"Saunders, NE",2019,744810.0
 31157,"Scotts Bluff, NE",2019,1801691.0
 31159,"Seward, NE",2019,764319.0
 31161,"Sheridan, NE",2019,279165.0
 31163,"Sherman, NE",2019,108040.0
 31165,"Sioux, NE",2019,70687.0
 31167,"Stanton, NE",2019,295749.0
 31169,"Thayer, NE",2019,388548.0
 31171,"Thomas, NE",2019,34032.0
 31173,"Thurston, NE",2019,403895.0
 31175,"Valley, NE",2019,312784.0
 31177,"Washington, NE",2019,1306592.0
 31179,"Wayne, NE",2019,442637.0
 31181,"Webster, NE",2019,217313.0
 31183,"Wheeler, NE",2019,103600.0
 31185,"York, NE",2019,869124.0
 32000,Nevada,2019,184611084.0
 32001,"Churchill, NV",2019,1185052.0
 32003,"Clark, NV",2019,134457866.0
 32005,"Douglas, NV",2019,2669802.0
 32007,"Elko, NV",2019,2848587.0
 32009,"Esmeralda, NV",2019,38278.0
 32011,"Eureka, NV",2019,1287468.0
 32013,"Humboldt, NV",2019,1307649.0
 32015,"Lander, NV",2019,800588.0
 32017,"Lincoln, NV",2019,171398.0
 32019,"Lyon, NV",2019,1684583.0
 32021,"Mineral, NV",2019,231537.0
 32023,"Nye, NV",2019,1734569.0
 32027,"Pershing, NV",2019,286950.0
 32029,"Storey, NV",2019,1912849.0
 32031,"Washoe, NV",2019,29485589.0
 32033,"White Pine, NV",2019,642818.0
 32510,"Carson City (Independent City), NV",2019,3865502.0
 33000,New Hampshire,2019,87868178.0
 33001,"Belknap, NH",2019,3028004.0
 33003,"Carroll, NH",2019,2383478.0
 33005,"Cheshire, NH",2019,4078224.0
 33007,"Coos, NH",2019,1316449.0
 33009,"Grafton, NH",2019,7071667.0
 33011,"Hillsborough, NH",2019,28258148.0
 33013,"Merrimack, NH",2019,10449403.0
 33015,"Rockingham, NH",2019,23297153.0
 33017,"Strafford, NH",2019,6306033.0
 33019,"Sullivan, NH",2019,1679621.0
 34000,New Jersey,2019,643317653.0
 34001,"Atlantic, NJ",2019,14493724.0
 34003,"Bergen, NJ",2019,83284085.0
 34005,"Burlington, NJ",2019,29704015.0
 34007,"Camden, NJ",2019,26583161.0
 34009,"Cape May, NJ",2019,5637839.0
 34011,"Cumberland, NJ",2019,6738113.0
 34013,"Essex, NJ",2019,58323960.0
 34015,"Gloucester, NJ",2019,15763290.0
 34017,"Hudson, NJ",2019,50202009.0
 34019,"Hunterdon, NJ",2019,8023844.0
 34021,"Mercer, NJ",2019,38564549.0
 34023,"Middlesex, NJ",2019,65720866.0
 34025,"Monmouth, NJ",2019,38679066.0
 34027,"Morris, NJ",2019,57876154.0
 34029,"Ocean, NJ",2019,23321774.0
 34031,"Passaic, NJ",2019,23194074.0
 34033,"Salem, NJ",2019,5369146.0
 34035,"Somerset, NJ",2019,41878521.0
 34037,"Sussex, NJ",2019,5353479.0
 34039,"Union, NJ",2019,40279010.0
 34041,"Warren, NJ",2019,4326975.0
 35000,New Mexico,2019,103821007.0
 35001,"Bernalillo, NM",2019,39756434.0
 35003,"Catron, NM",2019,84304.0
 35005,"Chaves, NM",2019,2181025.0
 35006,"Cibola, NM",2019,654657.0
 35007,"Colfax, NM",2019,461352.0
 35009,"Curry, NM",2019,3223165.0
 35011,"De Baca, NM",2019,78141.0
 35013,"Doña Ana, NM",2019,8073556.0
 35015,"Eddy, NM",2019,7354740.0
 35017,"Grant, NM",2019,1143874.0
 35019,"Guadalupe, NM",2019,156632.0
 35021,"Harding, NM",2019,38345.0
 35023,"Hidalgo, NM",2019,217840.0
 35025,"Lea, NM",2019,6646822.0
 35027,"Lincoln, NM",2019,694739.0
 35028,"Los Alamos, NM",2019,2356013.0
 35029,"Luna, NM",2019,882773.0
 35031,"McKinley, NM",2019,2676566.0
 35033,"Mora, NM",2019,108689.0
 35035,"Otero, NM",2019,2858197.0
 35037,"Quay, NM",2019,311090.0
 35039,"Rio Arriba, NM",2019,1102089.0
 35041,"Roosevelt, NM",2019,691345.0
 35043,"Sandoval, NM",2019,3972109.0
 35045,"San Juan, NM",2019,5823724.0
 35047,"San Miguel, NM",2019,714831.0
 35049,"Santa Fe, NM",2019,7463080.0
 35051,"Sierra, NM",2019,306581.0
 35053,"Socorro, NM",2019,513543.0
 35055,"Taos, NM",2019,1058188.0
 35057,"Torrance, NM",2019,411771.0
 35059,"Union, NM",2019,160694.0
 35061,"Valencia, NM",2019,1644099.0
 36000,New York,2019,1787470891.0
 36001,"Albany, NY",2019,34413380.0
 36003,"Allegany, NY",2019,1785373.0
 36005,"Bronx, NY",2019,47112592.0
 36007,"Broome, NY",2019,9549488.0
 36009,"Cattaraugus, NY",2019,3034476.0
 36011,"Cayuga, NY",2019,3008173.0
 36013,"Chautauqua, NY",2019,5019101.0
 36015,"Chemung, NY",2019,3889029.0
 36017,"Chenango, NY",2019,2400005.0
 36019,"Clinton, NY",2019,3849723.0
 36021,"Columbia, NY",2019,2606056.0
 36023,"Cortland, NY",2019,1859207.0
 36025,"Delaware, NY",2019,2148318.0
 36027,"Dutchess, NY",2019,14915913.0
 36029,"Erie, NY",2019,61341447.0
 36031,"Essex, NY",2019,1708186.0
 36033,"Franklin, NY",2019,2011004.0
 36035,"Fulton, NY",2019,1975412.0
 36037,"Genesee, NY",2019,2563019.0
 36039,"Greene, NY",2019,2414103.0
 36041,"Hamilton, NY",2019,241570.0
 36043,"Herkimer, NY",2019,1905430.0
 36045,"Jefferson, NY",2019,6654682.0
 36047,"Kings, NY",2019,108494621.0
 36049,"Lewis, NY",2019,1139378.0
 36051,"Livingston, NY",2019,2327007.0
 36053,"Madison, NY",2019,2439978.0
 36055,"Monroe, NY",2019,49957192.0
 36057,"Montgomery, NY",2019,2022963.0
 36059,"Nassau, NY",2019,105969366.0
 36061,"New York, NY",2019,779993754.0
 36063,"Niagara, NY",2019,10403995.0
 36065,"Oneida, NY",2019,11550048.0
 36067,"Onondaga, NY",2019,33139810.0
 36069,"Ontario, NY",2019,6639883.0
 36071,"Orange, NY",2019,20684802.0
 36073,"Orleans, NY",2019,1424934.0
 36075,"Oswego, NY",2019,7129981.0
 36077,"Otsego, NY",2019,2796470.0
 36079,"Putnam, NY",2019,4098044.0
 36081,"Queens, NY",2019,111524470.0
 36083,"Rensselaer, NY",2019,9187979.0
 36085,"Richmond, NY",2019,17706052.0
 36087,"Rockland, NY",2019,18333972.0
 36089,"St. Lawrence, NY",2019,4920637.0
 36091,"Saratoga, NY",2019,12827188.0
 36093,"Schenectady, NY",2019,9054192.0
 36095,"Schoharie, NY",2019,1117609.0
 36097,"Schuyler, NY",2019,551442.0
 36099,"Seneca, NY",2019,1653456.0
 36101,"Steuben, NY",2019,4723639.0
 36103,"Suffolk, NY",2019,105111083.0
 36105,"Sullivan, NY",2019,3261486.0
 36107,"Tioga, NY",2019,1764148.0
 36109,"Tompkins, NY",2019,6537234.0
 36111,"Ulster, NY",2019,7966505.0
 36113,"Warren, NY",2019,5660999.0
 36115,"Washington, NY",2019,2008706.0
 36117,"Wayne, NY",2019,4252418.0
 36119,"Westchester, NY",2019,89852359.0
 36121,"Wyoming, NY",2019,1843486.0
 36123,"Yates, NY",2019,993922.0
 37000,North Carolina,2019,592449645.0
 37001,"Alamance, NC",2019,6547104.0
 37003,"Alexander, NC",2019,854424.0
 37005,"Alleghany, NC",2019,318341.0
 37007,"Anson, NC",2019,812885.0
 37009,"Ashe, NC",2019,818468.0
 37011,"Avery, NC",2019,643588.0
 37013,"Beaufort, NC",2019,1954995.0
 37015,"Bertie, NC",2019,661205.0
 37017,"Bladen, NC",2019,1409124.0
 37019,"Brunswick, NC",2019,5134226.0
 37021,"Buncombe, NC",2019,15593531.0
 37023,"Burke, NC",2019,2685514.0
 37025,"Cabarrus, NC",2019,8353285.0
 37027,"Caldwell, NC",2019,2519970.0
 37029,"Camden, NC",2019,163609.0
 37031,"Carteret, NC",2019,2650087.0
 37033,"Caswell, NC",2019,370940.0
 37035,"Catawba, NC",2019,9347906.0
 37037,"Chatham, NC",2019,1759557.0
 37039,"Cherokee, NC",2019,867605.0
 37041,"Chowan, NC",2019,587039.0
 37043,"Clay, NC",2019,236889.0
 37045,"Cleveland, NC",2019,4537494.0
 37047,"Columbus, NC",2019,1572917.0
 37049,"Craven, NC",2019,5214774.0
 37051,"Cumberland, NC",2019,18292974.0
 37053,"Currituck, NC",2019,817169.0
 37055,"Dare, NC",2019,2484502.0
 37057,"Davidson, NC",2019,5089902.0
 37059,"Davie, NC",2019,1455092.0
 37061,"Duplin, NC",2019,2017349.0
 37063,"Durham, NC",2019,35531847.0
 37065,"Edgecombe, NC",2019,1605306.0
 37067,"Forsyth, NC",2019,27599828.0
 37069,"Franklin, NC",2019,1815223.0
 37071,"Gaston, NC",2019,7965102.0
 37073,"Gates, NC",2019,206678.0
 37075,"Graham, NC",2019,266037.0
 37077,"Granville, NC",2019,3394837.0
 37079,"Greene, NC",2019,441197.0
 37081,"Guilford, NC",2019,35211574.0
 37083,"Halifax, NC",2019,1527583.0
 37085,"Harnett, NC",2019,2745607.0
 37087,"Haywood, NC",2019,2012024.0
 37089,"Henderson, NC",2019,4292459.0
 37091,"Hertford, NC",2019,854988.0
 37093,"Hoke, NC",2019,1098050.0
 37095,"Hyde, NC",2019,188859.0
 37097,"Iredell, NC",2019,9728925.0
 37099,"Jackson, NC",2019,1673994.0
 37101,"Johnston, NC",2019,7244799.0
 37103,"Jones, NC",2019,204042.0
 37105,"Lee, NC",2019,2809351.0
 37107,"Lenoir, NC",2019,2892493.0
 37109,"Lincoln, NC",2019,3043594.0
 37111,"McDowell, NC",2019,1957896.0
 37113,"Macon, NC",2019,1681923.0
 37115,"Madison, NC",2019,431741.0
 37117,"Martin, NC",2019,685646.0
 37119,"Mecklenburg, NC",2019,123644347.0
 37121,"Mitchell, NC",2019,577027.0
 37123,"Montgomery, NC",2019,1033616.0
 37125,"Moore, NC",2019,3914613.0
 37127,"Nash, NC",2019,5001453.0
 37129,"New Hanover, NC",2019,14177578.0
 37131,"Northampton, NC",2019,563899.0
 37133,"Onslow, NC",2019,8958607.0
 37135,"Orange, NC",2019,9533175.0
 37137,"Pamlico, NC",2019,309769.0
 37139,"Pasquotank, NC",2019,1599918.0
 37141,"Pender, NC",2019,1596921.0
 37143,"Perquimans, NC",2019,280376.0
 37145,"Person, NC",2019,1691072.0
 37147,"Pitt, NC",2019,9628476.0
 37149,"Polk, NC",2019,529320.0
 37151,"Randolph, NC",2019,4378413.0
 37153,"Richmond, NC",2019,1944859.0
 37155,"Robeson, NC",2019,4091027.0
 37157,"Rockingham, NC",2019,3089707.0
 37159,"Rowan, NC",2019,5651310.0
 37161,"Rutherford, NC",2019,1917255.0
 37163,"Sampson, NC",2019,1901558.0
 37165,"Scotland, NC",2019,1212415.0
 37167,"Stanly, NC",2019,1901257.0
 37169,"Stokes, NC",2019,1122294.0
 37171,"Surry, NC",2019,2630343.0
 37173,"Swain, NC",2019,713832.0
 37175,"Transylvania, NC",2019,1836185.0
 37177,"Tyrrell, NC",2019,119102.0
 37179,"Union, NC",2019,8366396.0
 37181,"Vance, NC",2019,1282566.0
 37183,"Wake, NC",2019,86398276.0
 37185,"Warren, NC",2019,317356.0
 37187,"Washington, NC",2019,278955.0
 37189,"Watauga, NC",2019,2362450.0
 37191,"Wayne, NC",2019,5089497.0
 37193,"Wilkes, NC",2019,2472378.0
 37195,"Wilson, NC",2019,4040560.0
 37197,"Yadkin, NC",2019,946729.0
 37199,"Yancey, NC",2019,460688.0
 38000,North Dakota,2019,60892546.0
 38001,"Adams, ND",2019,160064.0
 38003,"Barnes, ND",2019,678103.0
 38005,"Benson, ND",2019,241660.0
 38007,"Billings, ND",2019,180072.0
 38009,"Bottineau, ND",2019,440761.0
 38011,"Bowman, ND",2019,245483.0
 38013,"Burke, ND",2019,217958.0
 38015,"Burleigh, ND",2019,6056673.0
 38017,"Cass, ND",2019,13943086.0
 38019,"Cavalier, ND",2019,340562.0
 38021,"Dickey, ND",2019,376730.0
 38023,"Divide, ND",2019,183298.0
 38025,"Dunn, ND",2019,1251528.0
 38027,"Eddy, ND",2019,131791.0
 38029,"Emmons, ND",2019,148925.0
 38031,"Foster, ND",2019,238330.0
 38033,"Golden Valley, ND",2019,80703.0
 38035,"Grand Forks, ND",2019,4326122.0
 38037,"Grant, ND",2019,92469.0
 38039,"Griggs, ND",2019,148577.0
 38041,"Hettinger, ND",2019,89189.0
 38043,"Kidder, ND",2019,122111.0
 38045,"LaMoure, ND",2019,300504.0
 38047,"Logan, ND",2019,107917.0
 38049,"McHenry, ND",2019,249208.0
 38051,"McIntosh, ND",2019,152622.0
 38053,"McKenzie, ND",2019,3980637.0
 38055,"McLean, ND",2019,820685.0
 38057,"Mercer, ND",2019,1074569.0
 38059,"Morton, ND",2019,1506136.0
 38061,"Mountrail, ND",2019,1825456.0
 38063,"Nelson, ND",2019,151702.0
 38065,"Oliver, ND",2019,263114.0
 38067,"Pembina, ND",2019,470904.0
 38069,"Pierce, ND",2019,233729.0
 38071,"Ramsey, ND",2019,612979.0
 38073,"Ransom, ND",2019,286956.0
 38075,"Renville, ND",2019,185858.0
 38077,"Richland, ND",2019,867991.0
 38079,"Rolette, ND",2019,397960.0
 38081,"Sargent, ND",2019,829279.0
 38083,"Sheridan, ND",2019,59729.0
 38085,"Sioux, ND",2019,135474.0
 38087,"Slope, ND",2019,33251.0
 38089,"Stark, ND",2019,3095201.0
 38091,"Steele, ND",2019,154529.0
 38093,"Stutsman, ND",2019,1302994.0
 38095,"Towner, ND",2019,167901.0
 38097,"Traill, ND",2019,461905.0
 38099,"Walsh, ND",2019,571747.0
 38101,"Ward, ND",2019,4329242.0
 38103,"Wells, ND",2019,260495.0
 38105,"Williams, ND",2019,6307681.0
 39000,Ohio,2019,702914773.0
 39001,"Adams, OH",2019,767123.0
 39003,"Allen, OH",2019,8107034.0
 39005,"Ashland, OH",2019,1844299.0
 39007,"Ashtabula, OH",2019,3275849.0
 39009,"Athens, OH",2019,2231277.0
 39011,"Auglaize, OH",2019,2377091.0
 39013,"Belmont, OH",2019,3322232.0
 39015,"Brown, OH",2019,889026.0
 39017,"Butler, OH",2019,23101289.0
 39019,"Carroll, OH",2019,1238339.0
 39021,"Champaign, OH",2019,1229607.0
 39023,"Clark, OH",2019,4898612.0
 39025,"Clermont, OH",2019,9292553.0
 39027,"Clinton, OH",2019,2322740.0
 39029,"Columbiana, OH",2019,3149577.0
 39031,"Coshocton, OH",2019,1329622.0
 39033,"Crawford, OH",2019,1409953.0
 39035,"Cuyahoga, OH",2019,103911409.0
 39037,"Darke, OH",2019,2108742.0
 39039,"Defiance, OH",2019,1745978.0
 39041,"Delaware, OH",2019,13449703.0
 39043,"Erie, OH",2019,4529389.0
 39045,"Fairfield, OH",2019,4848948.0
 39047,"Fayette, OH",2019,1694292.0
 39049,"Franklin, OH",2019,105256639.0
 39051,"Fulton, OH",2019,2082885.0
 39053,"Gallia, OH",2019,2274290.0
 39055,"Geauga, OH",2019,4631525.0
 39057,"Greene, OH",2019,10479813.0
 39059,"Guernsey, OH",2019,2209242.0
 39061,"Hamilton, OH",2019,83691497.0
 39063,"Hancock, OH",2019,5568132.0
 39065,"Hardin, OH",2019,917570.0
 39067,"Harrison, OH",2019,904414.0
 39069,"Henry, OH",2019,1508295.0
 39071,"Highland, OH",2019,1372621.0
 39073,"Hocking, OH",2019,661609.0
 39075,"Holmes, OH",2019,2568479.0
 39077,"Huron, OH",2019,2365094.0
 39079,"Jackson, OH",2019,1058232.0
 39081,"Jefferson, OH",2019,3951960.0
 39083,"Knox, OH",2019,2241952.0
 39085,"Lake, OH",2019,12076988.0
 39087,"Lawrence, OH",2019,1910669.0
 39089,"Licking, OH",2019,7186190.0
 39091,"Logan, OH",2019,2096464.0
 39093,"Lorain, OH",2019,11448407.0
 39095,"Lucas, OH",2019,26659844.0
 39097,"Madison, OH",2019,1973073.0
 39099,"Mahoning, OH",2019,9905207.0
 39101,"Marion, OH",2019,2815141.0
 39103,"Medina, OH",2019,7914441.0
 39105,"Meigs, OH",2019,424619.0
 39107,"Mercer, OH",2019,2357136.0
 39109,"Miami, OH",2019,4594063.0
 39111,"Monroe, OH",2019,1050112.0
 39113,"Montgomery, OH",2019,31244641.0
 39115,"Morgan, OH",2019,350854.0
 39117,"Morrow, OH",2019,703177.0
 39119,"Muskingum, OH",2019,3846949.0
 39121,"Noble, OH",2019,440120.0
 39123,"Ottawa, OH",2019,2179442.0
 39125,"Paulding, OH",2019,585011.0
 39127,"Perry, OH",2019,778488.0
 39129,"Pickaway, OH",2019,1874049.0
 39131,"Pike, OH",2019,1189676.0
 39133,"Portage, OH",2019,6733604.0
 39135,"Preble, OH",2019,1182375.0
 39137,"Putnam, OH",2019,1276470.0
 39139,"Richland, OH",2019,4785506.0
 39141,"Ross, OH",2019,3017755.0
 39143,"Sandusky, OH",2019,2996232.0
 39145,"Scioto, OH",2019,2799277.0
 39147,"Seneca, OH",2019,2073080.0
 39149,"Shelby, OH",2019,3366780.0
 39151,"Stark, OH",2019,17798760.0
 39153,"Summit, OH",2019,32301182.0
 39155,"Trumbull, OH",2019,7313203.0
 39157,"Tuscarawas, OH",2019,3986558.0
 39159,"Union, OH",2019,4660907.0
 39161,"Van Wert, OH",2019,1358652.0
 39163,"Vinton, OH",2019,330517.0
 39165,"Warren, OH",2019,13159663.0
 39167,"Washington, OH",2019,3729492.0
 39169,"Wayne, OH",2019,6711088.0
 39171,"Williams, OH",2019,1885368.0
 39173,"Wood, OH",2019,7921092.0
 39175,"Wyandot, OH",2019,1103523.0
 40000,Oklahoma,2019,205992743.0
 40001,"Adair, OK",2019,457374.0
 40003,"Alfalfa, OK",2019,427895.0
 40005,"Atoka, OK",2019,382464.0
 40007,"Beaver, OK",2019,422039.0
 40009,"Beckham, OK",2019,1157832.0
 40011,"Blaine, OK",2019,1411824.0
 40013,"Bryan, OK",2019,1772797.0
 40015,"Caddo, OK",2019,1021433.0
 40017,"Canadian, OK",2019,6167306.0
 40019,"Carter, OK",2019,3008080.0
 40021,"Cherokee, OK",2019,1311094.0
 40023,"Choctaw, OK",2019,386215.0
 40025,"Cimarron, OK",2019,200720.0
 40027,"Cleveland, OK",2019,8888805.0
 40029,"Coal, OK",2019,328453.0
 40031,"Comanche, OK",2019,5349718.0
 40033,"Cotton, OK",2019,160601.0
 40035,"Craig, OK",2019,496254.0
 40037,"Creek, OK",2019,2197814.0
 40039,"Custer, OK",2019,1710573.0
 40041,"Delaware, OK",2019,965969.0
 40043,"Dewey, OK",2019,773367.0
 40045,"Ellis, OK",2019,636594.0
 40047,"Garfield, OK",2019,2931128.0
 40049,"Garvin, OK",2019,1972708.0
 40051,"Grady, OK",2019,3000392.0
 40053,"Grant, OK",2019,301612.0
 40055,"Greer, OK",2019,101329.0
 40057,"Harmon, OK",2019,85090.0
 40059,"Harper, OK",2019,248283.0
 40061,"Haskell, OK",2019,354270.0
 40063,"Hughes, OK",2019,833913.0
 40065,"Jackson, OK",2019,1120323.0
 40067,"Jefferson, OK",2019,125417.0
 40069,"Johnston, OK",2019,484700.0
 40071,"Kay, OK",2019,1880936.0
 40073,"Kingfisher, OK",2019,2883008.0
 40075,"Kiowa, OK",2019,253088.0
 40077,"Latimer, OK",2019,328048.0
 40079,"Le Flore, OK",2019,1467731.0
 40081,"Lincoln, OK",2019,927976.0
 40083,"Logan, OK",2019,952823.0
 40085,"Love, OK",2019,625292.0
 40087,"McClain, OK",2019,1645207.0
 40089,"McCurtain, OK",2019,1096720.0
 40091,"McIntosh, OK",2019,415538.0
 40093,"Major, OK",2019,659811.0
 40095,"Marshall, OK",2019,545090.0
 40097,"Mayes, OK",2019,1951717.0
 40099,"Murray, OK",2019,547884.0
 40101,"Muskogee, OK",2019,2915564.0
 40103,"Noble, OK",2019,769557.0
 40105,"Nowata, OK",2019,191445.0
 40107,"Okfuskee, OK",2019,271441.0
 40109,"Oklahoma, OK",2019,59082248.0
 40111,"Okmulgee, OK",2019,890587.0
 40113,"Osage, OK",2019,1040601.0
 40115,"Ottawa, OK",2019,1084866.0
 40117,"Pawnee, OK",2019,392146.0
 40119,"Payne, OK",2019,3490466.0
 40121,"Pittsburg, OK",2019,2232018.0
 40123,"Pontotoc, OK",2019,2100430.0
 40125,"Pottawatomie, OK",2019,2380643.0
 40127,"Pushmataha, OK",2019,236026.0
 40129,"Roger Mills, OK",2019,441734.0
 40131,"Rogers, OK",2019,3751955.0
 40133,"Seminole, OK",2019,821646.0
 40135,"Sequoyah, OK",2019,830185.0
 40137,"Stephens, OK",2019,2142335.0
 40139,"Texas, OK",2019,1848074.0
 40141,"Tillman, OK",2019,221712.0
 40143,"Tulsa, OK",2019,44656312.0
 40145,"Wagoner, OK",2019,1443416.0
 40147,"Washington, OK",2019,3171250.0
 40149,"Washita, OK",2019,389859.0
 40151,"Woods, OK",2019,598938.0
 40153,"Woodward, OK",2019,1222035.0
 41000,Oregon,2019,248781798.0
 41001,"Baker, OR",2019,582402.0
 41003,"Benton, OR",2019,4748133.0
 41005,"Clackamas, OR",2019,22377539.0
 41007,"Clatsop, OR",2019,1982996.0
 41009,"Columbia, OR",2019,1401173.0
 41011,"Coos, OR",2019,2488741.0
 41013,"Crook, OR",2019,886296.0
 41015,"Curry, OR",2019,720621.0
 41017,"Deschutes, OR",2019,10913881.0
 41019,"Douglas, OR",2019,3922561.0
 41021,"Gilliam, OR",2019,250610.0
 41023,"Grant, OR",2019,269941.0
 41025,"Harney, OR",2019,280165.0
 41027,"Hood River, OR",2019,1294510.0
 41029,"Jackson, OR",2019,9782454.0
 41031,"Jefferson, OR",2019,792736.0
 41033,"Josephine, OR",2019,3079641.0
 41035,"Klamath, OR",2019,2506237.0
 41037,"Lake, OR",2019,326248.0
 41039,"Lane, OR",2019,17086353.0
 41041,"Lincoln, OR",2019,2031684.0
 41043,"Linn, OR",2019,5142195.0
 41045,"Malheur, OR",2019,1302712.0
 41047,"Marion, OR",2019,17275371.0
 41049,"Morrow, OR",2019,1484464.0
 41051,"Multnomah, OR",2019,71652744.0
 41053,"Polk, OR",2019,2180850.0
 41055,"Sherman, OR",2019,542962.0
 41057,"Tillamook, OR",2019,1236707.0
 41059,"Umatilla, OR",2019,3532340.0
 41061,"Union, OR",2019,1020690.0
 41063,"Wallowa, OR",2019,357538.0
 41065,"Wasco, OR",2019,1578422.0
 41067,"Washington, OR",2019,49825368.0
 41069,"Wheeler, OR",2019,34280.0
 41071,"Yamhill, OR",2019,3890235.0
 42000,Pennsylvania,2019,802233057.0
 42001,"Adams, PA",2019,4016988.0
 42003,"Allegheny, PA",2019,106988428.0
 42005,"Armstrong, PA",2019,2300541.0
 42007,"Beaver, PA",2019,7853806.0
 42009,"Bedford, PA",2019,1570715.0
 42011,"Berks, PA",2019,21166058.0
 42013,"Blair, PA",2019,6329804.0
 42015,"Bradford, PA",2019,3833118.0
 42017,"Bucks, PA",2019,37059605.0
 42019,"Butler, PA",2019,11095232.0
 42021,"Cambria, PA",2019,4878319.0
 42023,"Cameron, PA",2019,207212.0
 42025,"Carbon, PA",2019,2803263.0
 42027,"Centre, PA",2019,9230895.0
 42029,"Chester, PA",2019,47524245.0
 42031,"Clarion, PA",2019,1265024.0
 42033,"Clearfield, PA",2019,3004208.0
 42035,"Clinton, PA",2019,1708577.0
 42037,"Columbia, PA",2019,2603456.0
 42039,"Crawford, PA",2019,3124366.0
 42041,"Cumberland, PA",2019,17131995.0
 42043,"Dauphin, PA",2019,24096046.0
 42045,"Delaware, PA",2019,36229125.0
 42047,"Elk, PA",2019,1575088.0
 42049,"Erie, PA",2019,12167025.0
 42051,"Fayette, PA",2019,4836482.0
 42053,"Forest, PA",2019,250736.0
 42055,"Franklin, PA",2019,6504101.0
 42057,"Fulton, PA",2019,726022.0
 42059,"Greene, PA",2019,3030175.0
 42061,"Huntingdon, PA",2019,1363087.0
 42063,"Indiana, PA",2019,4345279.0
 42065,"Jefferson, PA",2019,1623692.0
 42067,"Juniata, PA",2019,790346.0
 42069,"Lackawanna, PA",2019,10429957.0
 42071,"Lancaster, PA",2019,30862240.0
 42073,"Lawrence, PA",2019,3238422.0
 42075,"Lebanon, PA",2019,6086984.0
 42077,"Lehigh, PA",2019,24690673.0
 42079,"Luzerne, PA",2019,16229102.0
 42081,"Lycoming, PA",2019,5979913.0
 42083,"McKean, PA",2019,1756189.0
 42085,"Mercer, PA",2019,4618632.0
 42087,"Mifflin, PA",2019,1812234.0
 42089,"Monroe, PA",2019,7960053.0
 42091,"Montgomery, PA",2019,83475231.0
 42093,"Montour, PA",2019,2047332.0
 42095,"Northampton, PA",2019,16498011.0
 42097,"Northumberland, PA",2019,3321329.0
 42099,"Perry, PA",2019,1033718.0
 42101,"Philadelphia, PA",2019,112417514.0
 42103,"Pike, PA",2019,1470189.0
 42105,"Potter, PA",2019,934541.0
 42107,"Schuylkill, PA",2019,5148201.0
 42109,"Snyder, PA",2019,1616711.0
 42111,"Somerset, PA",2019,2615897.0
 42113,"Sullivan, PA",2019,279313.0
 42115,"Susquehanna, PA",2019,2254526.0
 42117,"Tioga, PA",2019,1696572.0
 42119,"Union, PA",2019,1959831.0
 42121,"Venango, PA",2019,1873203.0
 42123,"Warren, PA",2019,1485771.0
 42125,"Washington, PA",2019,13509589.0
 42127,"Wayne, PA",2019,1957679.0
 42129,"Westmoreland, PA",2019,15584361.0
 42131,"Wyoming, PA",2019,1668305.0
 42133,"York, PA",2019,22487776.0
 44000,Rhode Island,2019,62814689.0
 44001,"Bristol, RI",2019,1905058.0
 44003,"Kent, RI",2019,10122580.0
 44005,"Newport, RI",2019,6476702.0
 44007,"Providence, RI",2019,37176684.0
 44009,"Washington, RI",2019,7133665.0
 45000,South Carolina,2019,249575709.0
 45001,"Abbeville, SC",2019,623424.0
 45003,"Aiken, SC",2019,7493551.0
 45005,"Allendale, SC",2019,289380.0
 45007,"Anderson, SC",2019,7588894.0
 45009,"Bamberg, SC",2019,357556.0
 45011,"Barnwell, SC",2019,542229.0
 45013,"Beaufort, SC",2019,8966447.0
 45015,"Berkeley, SC",2019,8838807.0
 45017,"Calhoun, SC",2019,659562.0
 45019,"Charleston, SC",2019,34359495.0
 45021,"Cherokee, SC",2019,1884185.0
 45023,"Chester, SC",2019,1236069.0
 45025,"Chesterfield, SC",2019,1574436.0
 45027,"Clarendon, SC",2019,648509.0
 45029,"Colleton, SC",2019,1006197.0
 45031,"Darlington, SC",2019,2844002.0
 45033,"Dillon, SC",2019,829438.0
 45035,"Dorchester, SC",2019,4222355.0
 45037,"Edgefield, SC",2019,634215.0
 45039,"Fairfield, SC",2019,1083508.0
 45041,"Florence, SC",2019,7471457.0
 45043,"Georgetown, SC",2019,2670733.0
 45045,"Greenville, SC",2019,34310615.0
 45047,"Greenwood, SC",2019,3098905.0
 45049,"Hampton, SC",2019,503355.0
 45051,"Horry, SC",2019,14589489.0
 45053,"Jasper, SC",2019,1285356.0
 45055,"Kershaw, SC",2019,1981522.0
 45057,"Lancaster, SC",2019,3987317.0
 45059,"Laurens, SC",2019,2357171.0
 45061,"Lee, SC",2019,360741.0
 45063,"Lexington, SC",2019,13806554.0
 45065,"McCormick, SC",2019,238453.0
 45067,"Marion, SC",2019,644823.0
 45069,"Marlboro, SC",2019,809822.0
 45071,"Newberry, SC",2019,1477169.0
 45073,"Oconee, SC",2019,3880238.0
 45075,"Orangeburg, SC",2019,2974046.0
 45077,"Pickens, SC",2019,4220394.0
 45079,"Richland, SC",2019,26570636.0
 45081,"Saluda, SC",2019,467032.0
 45083,"Spartanburg, SC",2019,16874820.0
 45085,"Sumter, SC",2019,4552837.0
 45087,"Union, SC",2019,814328.0
 45089,"Williamsburg, SC",2019,828039.0
 45091,"York, SC",2019,13117597.0
 46000,South Dakota,2019,55175756.0
 46003,"Aurora, SD",2019,86448.0
 46005,"Beadle, SD",2019,932831.0
 46007,"Bennett, SD",2019,99167.0
 46009,"Bon Homme, SD",2019,246551.0
 46011,"Brookings, SD",2019,2118060.0
 46013,"Brown, SD",2019,2216482.0
 46015,"Brule, SD",2019,235124.0
 46017,"Buffalo, SD",2019,106441.0
 46019,"Butte, SD",2019,311112.0
 46021,"Campbell, SD",2019,70880.0
 46023,"Charles Mix, SD",2019,470775.0
 46025,"Clark, SD",2019,156716.0
 46027,"Clay, SD",2019,622537.0
 46029,"Codington, SD",2019,1504336.0
 46031,"Corson, SD",2019,77040.0
 46033,"Custer, SD",2019,250897.0
 46035,"Davison, SD",2019,1245314.0
 46037,"Day, SD",2019,223142.0
 46039,"Deuel, SD",2019,289366.0
 46041,"Dewey, SD",2019,199821.0
 46043,"Douglas, SD",2019,229080.0
 46045,"Edmunds, SD",2019,206798.0
 46047,"Fall River, SD",2019,246142.0
 46049,"Faulk, SD",2019,145470.0
 46051,"Grant, SD",2019,529748.0
 46053,"Gregory, SD",2019,150822.0
 46055,"Haakon, SD",2019,88145.0
 46057,"Hamlin, SD",2019,229689.0
 46059,"Hand, SD",2019,159690.0
 46061,"Hanson, SD",2019,148652.0
 46063,"Harding, SD",2019,71113.0
 46065,"Hughes, SD",2019,1329802.0
 46067,"Hutchinson, SD",2019,445786.0
 46069,"Hyde, SD",2019,75096.0
 46071,"Jackson, SD",2019,59989.0
 46073,"Jerauld, SD",2019,135263.0
 46075,"Jones, SD",2019,55636.0
 46077,"Kingsbury, SD",2019,266922.0
 46079,"Lake, SD",2019,595770.0
 46081,"Lawrence, SD",2019,1196154.0
 46083,"Lincoln, SD",2019,3088533.0
 46085,"Lyman, SD",2019,152245.0
 46087,"McCook, SD",2019,275698.0
 46089,"McPherson, SD",2019,93990.0
 46091,"Marshall, SD",2019,248060.0
 46093,"Meade, SD",2019,872866.0
 46095,"Mellette, SD",2019,28194.0
 46097,"Miner, SD",2019,105906.0
 46099,"Minnehaha, SD",2019,20658468.0
 46101,"Moody, SD",2019,305443.0
 46102,"Oglala Lakota, SD*",2019,336010.0
 46103,"Pennington, SD",2019,5950444.0
 46105,"Perkins, SD",2019,120491.0
 46107,"Potter, SD",2019,153943.0
 46109,"Roberts, SD",2019,314848.0
 46111,"Sanborn, SD",2019,118542.0
 46115,"Spink, SD",2019,326423.0
 46117,"Stanley, SD",2019,132601.0
 46119,"Sully, SD",2019,96660.0
 46121,"Todd, SD",2019,225457.0
 46123,"Tripp, SD",2019,231504.0
 46125,"Turner, SD",2019,389357.0
 46127,"Union, SD",2019,1547494.0
 46129,"Walworth, SD",2019,228448.0
 46135,"Yankton, SD",2019,1312322.0
 46137,"Ziebach, SD",2019,33004.0
 47000,Tennessee,2019,385832988.0
 47001,"Anderson, TN",2019,5207385.0
 47003,"Bedford, TN",2019,2019835.0
 47005,"Benton, TN",2019,385243.0
 47007,"Bledsoe, TN",2019,210019.0
 47009,"Blount, TN",2019,6169663.0
 47011,"Bradley, TN",2019,4632406.0
 47013,"Campbell, TN",2019,1002403.0
 47015,"Cannon, TN",2019,275663.0
 47017,"Carroll, TN",2019,722364.0
 47019,"Carter, TN",2019,1118291.0
 47021,"Cheatham, TN",2019,1224046.0
 47023,"Chester, TN",2019,382436.0
 47025,"Claiborne, TN",2019,830444.0
 47027,"Clay, TN",2019,176738.0
 47029,"Cocke, TN",2019,807431.0
 47031,"Coffee, TN",2019,3061306.0
 47033,"Crockett, TN",2019,570575.0
 47035,"Cumberland, TN",2019,1825252.0
 47037,"Davidson, TN",2019,76530408.0
 47039,"Decatur, TN",2019,328786.0
 47041,"DeKalb, TN",2019,671296.0
 47043,"Dickson, TN",2019,2138968.0
 47045,"Dyer, TN",2019,1751843.0
 47047,"Fayette, TN",2019,1179142.0
 47049,"Fentress, TN",2019,496533.0
 47051,"Franklin, TN",2019,1235313.0
 47053,"Gibson, TN",2019,1554898.0
 47055,"Giles, TN",2019,1157225.0
 47057,"Grainger, TN",2019,447239.0
 47059,"Greene, TN",2019,2531607.0
 47061,"Grundy, TN",2019,245576.0
 47063,"Hamblen, TN",2019,3228484.0
 47065,"Hamilton, TN",2019,27073186.0
 47067,"Hancock, TN",2019,89397.0
 47069,"Hardeman, TN",2019,620521.0
 47071,"Hardin, TN",2019,960620.0
 47073,"Hawkins, TN",2019,1744190.0
 47075,"Haywood, TN",2019,731087.0
 47077,"Henderson, TN",2019,787678.0
 47079,"Henry, TN",2019,1279558.0
 47081,"Hickman, TN",2019,497070.0
 47083,"Houston, TN",2019,162507.0
 47085,"Humphreys, TN",2019,763608.0
 47087,"Jackson, TN",2019,219613.0
 47089,"Jefferson, TN",2019,1729153.0
 47091,"Johnson, TN",2019,449312.0
 47093,"Knox, TN",2019,28772411.0
 47095,"Lake, TN",2019,142187.0
 47097,"Lauderdale, TN",2019,757497.0
 47099,"Lawrence, TN",2019,1105884.0
 47101,"Lewis, TN",2019,303134.0
 47103,"Lincoln, TN",2019,1148316.0
 47105,"Loudon, TN",2019,2231078.0
 47107,"McMinn, TN",2019,2189048.0
 47109,"McNairy, TN",2019,566634.0
 47111,"Macon, TN",2019,552736.0
 47113,"Madison, TN",2019,6241554.0
 47115,"Marion, TN",2019,841040.0
 47117,"Marshall, TN",2019,1269075.0
 47119,"Maury, TN",2019,4359197.0
 47121,"Meigs, TN",2019,256668.0
 47123,"Monroe, TN",2019,1474914.0
 47125,"Montgomery, TN",2019,6005289.0
 47127,"Moore, TN",2019,506630.0
 47129,"Morgan, TN",2019,319748.0
 47131,"Obion, TN",2019,1217023.0
 47133,"Overton, TN",2019,603475.0
 47135,"Perry, TN",2019,202733.0
 47137,"Pickett, TN",2019,153851.0
 47139,"Polk, TN",2019,310930.0
 47141,"Putnam, TN",2019,3688786.0
 47143,"Rhea, TN",2019,2068568.0
 47145,"Roane, TN",2019,2749042.0
 47147,"Robertson, TN",2019,2569189.0
 47149,"Rutherford, TN",2019,17986549.0
 47151,"Scott, TN",2019,512114.0
 47153,"Sequatchie, TN",2019,297306.0
 47155,"Sevier, TN",2019,4851648.0
 47157,"Shelby, TN",2019,67834412.0
 47159,"Smith, TN",2019,733021.0
 47161,"Stewart, TN",2019,892385.0
 47163,"Sullivan, TN",2019,8071678.0
 47165,"Sumner, TN",2019,7457371.0
 47167,"Tipton, TN",2019,1261014.0
 47169,"Trousdale, TN",2019,215115.0
 47171,"Unicoi, TN",2019,567110.0
 47173,"Union, TN",2019,339961.0
 47175,"Van Buren, TN",2019,101444.0
 47177,"Warren, TN",2019,1510203.0
 47179,"Washington, TN",2019,6291624.0
 47181,"Wayne, TN",2019,348549.0
 47183,"Weakley, TN",2019,1151258.0
 47185,"White, TN",2019,773638.0
 47187,"Williamson, TN",2019,24976678.0
 47189,"Wilson, TN",2019,5826958.0
 48000,Texas,2019,1864872254.0
 48001,"Anderson, TX",2019,2070808.0
 48003,"Andrews, TX",2019,2778306.0
 48005,"Angelina, TX",2019,3418535.0
 48007,"Aransas, TX",2019,716907.0
 48009,"Archer, TX",2019,284171.0
 48011,"Armstrong, TX",2019,51547.0
 48013,"Atascosa, TX",2019,3159734.0
 48015,"Austin, TX",2019,1476216.0
 48017,"Bailey, TX",2019,387792.0
 48019,"Bandera, TX",2019,424251.0
 48021,"Bastrop, TX",2019,2566219.0
 48023,"Baylor, TX",2019,164712.0
 48025,"Bee, TX",2019,781378.0
 48027,"Bell, TX",2019,17580227.0
 48029,"Bexar, TX",2019,111111029.0
 48031,"Blanco, TX",2019,444475.0
 48033,"Borden, TX",2019,415894.0
 48035,"Bosque, TX",2019,599688.0
 48037,"Bowie, TX",2019,3768807.0
 48039,"Brazoria, TX",2019,16553562.0
 48041,"Brazos, TX",2019,10707012.0
 48043,"Brewster, TX",2019,402729.0
 48045,"Briscoe, TX",2019,95451.0
 48047,"Brooks, TX",2019,294440.0
 48049,"Brown, TX",2019,1515055.0
 48051,"Burleson, TX",2019,1177428.0
 48053,"Burnet, TX",2019,1777450.0
 48055,"Caldwell, TX",2019,967551.0
 48057,"Calhoun, TX",2019,3436523.0
 48059,"Callahan, TX",2019,319230.0
 48061,"Cameron, TX",2019,11810934.0
 48063,"Camp, TX",2019,366539.0
 48065,"Carson, TX",2019,1023982.0
 48067,"Cass, TX",2019,894695.0
 48069,"Castro, TX",2019,643065.0
 48071,"Chambers, TX",2019,2733285.0
 48073,"Cherokee, TX",2019,1382934.0
 48075,"Childress, TX",2019,221060.0
 48077,"Clay, TX",2019,224480.0
 48079,"Cochran, TX",2019,198743.0
 48081,"Coke, TX",2019,95813.0
 48083,"Coleman, TX",2019,217126.0
 48085,"Collin, TX",2019,70727393.0
 48087,"Collingsworth, TX",2019,79037.0
 48089,"Colorado, TX",2019,880773.0
 48091,"Comal, TX",2019,6934395.0
 48093,"Comanche, TX",2019,439790.0
 48095,"Concho, TX",2019,110483.0
 48097,"Cooke, TX",2019,2428578.0
 48099,"Coryell, TX",2019,1737414.0
 48101,"Cottle, TX",2019,52043.0
 48103,"Crane, TX",2019,534723.0
 48105,"Crockett, TX",2019,570061.0
 48107,"Crosby, TX",2019,240480.0
 48109,"Culberson, TX",2019,2043885.0
 48111,"Dallam, TX",2019,704447.0
 48113,"Dallas, TX",2019,279331053.0
 48115,"Dawson, TX",2019,640682.0
 48117,"Deaf Smith, TX",2019,1423943.0
 48119,"Delta, TX",2019,107147.0
 48121,"Denton, TX",2019,37825473.0
 48123,"DeWitt, TX",2019,3745970.0
 48125,"Dickens, TX",2019,93431.0
 48127,"Dimmit, TX",2019,3367270.0
 48129,"Donley, TX",2019,123774.0
 48131,"Duval, TX",2019,341725.0
 48133,"Eastland, TX",2019,788537.0
 48135,"Ector, TX",2019,13276799.0
 48137,"Edwards, TX",2019,68245.0
 48139,"Ellis, TX",2019,6828503.0
 48141,"El Paso, TX",2019,34334686.0
 48143,"Erath, TX",2019,1676313.0
 48145,"Falls, TX",2019,401833.0
 48147,"Fannin, TX",2019,1014037.0
 48149,"Fayette, TX",2019,1661584.0
 48151,"Fisher, TX",2019,199763.0
 48153,"Floyd, TX",2019,363623.0
 48155,"Foard, TX",2019,53200.0
 48157,"Fort Bend, TX",2019,32666692.0
 48159,"Franklin, TX",2019,389576.0
 48161,"Freestone, TX",2019,1035751.0
 48163,"Frio, TX",2019,1184378.0
 48165,"Gaines, TX",2019,1894402.0
 48167,"Galveston, TX",2019,16705510.0
 48169,"Garza, TX",2019,248702.0
 48171,"Gillespie, TX",2019,1179094.0
 48173,"Glasscock, TX",2019,2388579.0
 48175,"Goliad, TX",2019,319403.0
 48177,"Gonzales, TX",2019,2643019.0
 48179,"Gray, TX",2019,1043982.0
 48181,"Grayson, TX",2019,5222917.0
 48183,"Gregg, TX",2019,8151566.0
 48185,"Grimes, TX",2019,1114674.0
 48187,"Guadalupe, TX",2019,7728679.0
 48189,"Hale, TX",2019,1310975.0
 48191,"Hall, TX",2019,75697.0
 48193,"Hamilton, TX",2019,263491.0
 48195,"Hansford, TX",2019,502878.0
 48197,"Hardeman, TX",2019,169283.0
 48199,"Hardin, TX",2019,1395629.0
 48201,"Harris, TX",2019,399251991.0
 48203,"Harrison, TX",2019,4184712.0
 48205,"Hartley, TX",2019,718562.0
 48207,"Haskell, TX",2019,306238.0
 48209,"Hays, TX",2019,8852717.0
 48211,"Hemphill, TX",2019,558008.0
 48213,"Henderson, TX",2019,1910487.0
 48215,"Hidalgo, TX",2019,23024066.0
 48217,"Hill, TX",2019,1030479.0
 48219,"Hockley, TX",2019,1721605.0
 48221,"Hood, TX",2019,2568130.0
 48223,"Hopkins, TX",2019,1707622.0
 48225,"Houston, TX",2019,965388.0
 48227,"Howard, TX",2019,5382567.0
 48229,"Hudspeth, TX",2019,163423.0
 48231,"Hunt, TX",2019,4506895.0
 48233,"Hutchinson, TX",2019,3907603.0
 48235,"Irion, TX",2019,856604.0
 48237,"Jack, TX",2019,436623.0
 48239,"Jackson, TX",2019,731376.0
 48241,"Jasper, TX",2019,1029497.0
 48243,"Jeff Davis, TX",2019,69940.0
 48245,"Jefferson, TX",2019,21469002.0
 48247,"Jim Hogg, TX",2019,176265.0
 48249,"Jim Wells, TX",2019,1879104.0
 48251,"Johnson, TX",2019,6065159.0
 48253,"Jones, TX",2019,443932.0
 48255,"Karnes, TX",2019,6099081.0
 48257,"Kaufman, TX",2019,4079192.0
 48259,"Kendall, TX",2019,2307565.0
 48261,"Kenedy, TX",2019,274500.0
 48263,"Kent, TX",2019,165713.0
 48265,"Kerr, TX",2019,2256123.0
 48267,"Kimble, TX",2019,136727.0
 48269,"King, TX",2019,92792.0
 48271,"Kinney, TX",2019,117169.0
 48273,"Kleberg, TX",2019,1150175.0
 48275,"Knox, TX",2019,146164.0
 48277,"Lamar, TX",2019,2782667.0
 48279,"Lamb, TX",2019,741484.0
 48281,"Lampasas, TX",2019,526292.0
 48283,"La Salle, TX",2019,3488675.0
 48285,"Lavaca, TX",2019,1199802.0
 48287,"Lee, TX",2019,1015087.0
 48289,"Leon, TX",2019,703376.0
 48291,"Liberty, TX",2019,2325758.0
 48293,"Limestone, TX",2019,1448913.0
 48295,"Lipscomb, TX",2019,515238.0
 48297,"Live Oak, TX",2019,1441302.0
 48299,"Llano, TX",2019,796776.0
 48301,"Loving, TX",2019,5335687.0
 48303,"Lubbock, TX",2019,14628522.0
 48305,"Lynn, TX",2019,222514.0
 48307,"McCulloch, TX",2019,352807.0
 48309,"McLennan, TX",2019,13178914.0
 48311,"McMullen, TX",2019,1466777.0
 48313,"Madison, TX",2019,535618.0
 48315,"Marion, TX",2019,263240.0
 48317,"Martin, TX",2019,5716432.0
 48319,"Mason, TX",2019,124091.0
 48321,"Matagorda, TX",2019,2400533.0
 48323,"Maverick, TX",2019,1762255.0
 48325,"Medina, TX",2019,1152025.0
 48327,"Menard, TX",2019,50373.0
 48329,"Midland, TX",2019,26120279.0
 48331,"Milam, TX",2019,637262.0
 48333,"Mills, TX",2019,220510.0
 48335,"Mitchell, TX",2019,313556.0
 48337,"Montague, TX",2019,712329.0
 48339,"Montgomery, TX",2019,32418565.0
 48341,"Moore, TX",2019,2499450.0
 48343,"Morris, TX",2019,585564.0
 48345,"Motley, TX",2019,30139.0
 48347,"Nacogdoches, TX",2019,2489190.0
 48349,"Navarro, TX",2019,1702054.0
 48351,"Newton, TX",2019,509985.0
 48353,"Nolan, TX",2019,958801.0
 48355,"Nueces, TX",2019,20980101.0
 48357,"Ochiltree, TX",2019,960118.0
 48359,"Oldham, TX",2019,279287.0
 48361,"Orange, TX",2019,3678695.0
 48363,"Palo Pinto, TX",2019,1123528.0
 48365,"Panola, TX",2019,1826512.0
 48367,"Parker, TX",2019,4625247.0
 48369,"Parmer, TX",2019,927608.0
 48371,"Pecos, TX",2019,2282542.0
 48373,"Polk, TX",2019,1360587.0
 48375,"Potter, TX",2019,8819568.0
 48377,"Presidio, TX",2019,236640.0
 48379,"Rains, TX",2019,217045.0
 48381,"Randall, TX",2019,4202718.0
 48383,"Reagan, TX",2019,2786164.0
 48385,"Real, TX",2019,78938.0
 48387,"Red River, TX",2019,289849.0
 48389,"Reeves, TX",2019,10589697.0
 48391,"Refugio, TX",2019,335024.0
 48393,"Roberts, TX",2019,208325.0
 48395,"Robertson, TX",2019,2140879.0
 48397,"Rockwall, TX",2019,4712258.0
 48399,"Runnels, TX",2019,316499.0
 48401,"Rusk, TX",2019,2487981.0
 48403,"Sabine, TX",2019,237215.0
 48405,"San Augustine, TX",2019,617648.0
 48407,"San Jacinto, TX",2019,388160.0
 48409,"San Patricio, TX",2019,2641177.0
 48411,"San Saba, TX",2019,191452.0
 48413,"Schleicher, TX",2019,133468.0
 48415,"Scurry, TX",2019,1565777.0
 48417,"Shackelford, TX",2019,263289.0
 48419,"Shelby, TX",2019,1148414.0
 48421,"Sherman, TX",2019,419891.0
 48423,"Smith, TX",2019,11950480.0
 48425,"Somervell, TX",2019,1298949.0
 48427,"Starr, TX",2019,1318721.0
 48429,"Stephens, TX",2019,411123.0
 48431,"Sterling, TX",2019,226101.0
 48433,"Stonewall, TX",2019,137471.0
 48435,"Sutton, TX",2019,293633.0
 48437,"Swisher, TX",2019,449834.0
 48439,"Tarrant, TX",2019,124179194.0
 48441,"Taylor, TX",2019,7029047.0
 48443,"Terrell, TX",2019,68185.0
 48445,"Terry, TX",2019,566030.0
 48447,"Throckmorton, TX",2019,64715.0
 48449,"Titus, TX",2019,1908049.0
 48451,"Tom Green, TX",2019,6390322.0
 48453,"Travis, TX",2019,127192180.0
 48455,"Trinity, TX",2019,281016.0
 48457,"Tyler, TX",2019,421251.0
 48459,"Upshur, TX",2019,854862.0
 48461,"Upton, TX",2019,3479904.0
 48463,"Uvalde, TX",2019,903932.0
 48465,"Val Verde, TX",2019,1831772.0
 48467,"Van Zandt, TX",2019,1237994.0
 48469,"Victoria, TX",2019,4610698.0
 48471,"Walker, TX",2019,2350809.0
 48473,"Waller, TX",2019,3523170.0
 48475,"Ward, TX",2019,3221144.0
 48477,"Washington, TX",2019,1908113.0
 48479,"Webb, TX",2019,11668938.0
 48481,"Wharton, TX",2019,1970232.0
 48483,"Wheeler, TX",2019,482139.0
 48485,"Wichita, TX",2019,6008059.0
 48487,"Wilbarger, TX",2019,814010.0
 48489,"Willacy, TX",2019,485260.0
 48491,"Williamson, TX",2019,25155422.0
 48493,"Wilson, TX",2019,1137484.0
 48495,"Winkler, TX",2019,1467441.0
 48497,"Wise, TX",2019,3087209.0
 48499,"Wood, TX",2019,1461057.0
 48501,"Yoakum, TX",2019,1761747.0
 48503,"Young, TX",2019,822361.0
 48505,"Zapata, TX",2019,630246.0
 48507,"Zavala, TX",2019,577853.0
 49000,Utah,2019,201312214.0
 49001,"Beaver, UT",2019,424710.0
 49003,"Box Elder, UT",2019,2396890.0
 49005,"Cache, UT",2019,6135524.0
 49007,"Carbon, UT",2019,1113058.0
 49009,"Daggett, UT",2019,133645.0
 49011,"Davis, UT",2019,16139955.0
 49013,"Duchesne, UT",2019,1073113.0
 49015,"Emery, UT",2019,961385.0
 49017,"Garfield, UT",2019,281403.0
 49019,"Grand, UT",2019,692497.0
 49021,"Iron, UT",2019,1986750.0
 49023,"Juab, UT",2019,523609.0
 49025,"Kane, UT",2019,380498.0
 49027,"Millard, UT",2019,899928.0
 49029,"Morgan, UT",2019,331350.0
 49031,"Piute, UT",2019,68938.0
 49033,"Rich, UT",2019,141144.0
 49035,"Salt Lake, UT",2019,106081393.0
 49037,"San Juan, UT",2019,497944.0
 49039,"Sanpete, UT",2019,845918.0
 49041,"Sevier, UT",2019,1167499.0
 49043,"Summit, UT",2019,3780295.0
 49045,"Tooele, UT",2019,1910900.0
 49047,"Uintah, UT",2019,1791039.0
 49049,"Utah, UT",2019,30611727.0
 49051,"Wasatch, UT",2019,1198541.0
 49053,"Washington, UT",2019,7205335.0
 49055,"Wayne, UT",2019,109638.0
 49057,"Weber, UT",2019,12427588.0
 50000,Vermont,2019,34760298.0
 50001,"Addison, VT",2019,1764264.0
 50003,"Bennington, VT",2019,1794985.0
 50005,"Caledonia, VT",2019,1193147.0
 50007,"Chittenden, VT",2019,12254721.0
 50009,"Essex, VT",2019,154309.0
 50011,"Franklin, VT",2019,2291893.0
 50013,"Grand Isle, VT",2019,215684.0
 50015,"Lamoille, VT",2019,1205842.0
 50017,"Orange, VT",2019,867014.0
 50019,"Orleans, VT",2019,1131758.0
 50021,"Rutland, VT",2019,2746554.0
 50023,"Washington, VT",2019,3921965.0
 50025,"Windham, VT",2019,2448766.0
 50027,"Windsor, VT",2019,2769395.0
 51000,Virginia,2019,561701774.0
 51001,"Accomack, VA",2019,1870627.0
 51007,"Amelia, VA",2019,287671.0
 51009,"Amherst, VA",2019,833577.0
 51011,"Appomattox, VA",2019,313034.0
 51013,"Arlington, VA",2019,37999286.0
 51017,"Bath, VA",2019,233636.0
 51019,"Bedford, VA*",2019,2066429.0
 51021,"Bland, VA",2019,224312.0
 51023,"Botetourt, VA",2019,1347775.0
 51025,"Brunswick, VA",2019,865699.0
 51027,"Buchanan, VA",2019,1055378.0
 51029,"Buckingham, VA",2019,549091.0
 51033,"Caroline, VA",2019,774181.0
 51036,"Charles City, VA",2019,235888.0
 51037,"Charlotte, VA",2019,274144.0
 51041,"Chesterfield, VA",2019,16754836.0
 51043,"Clarke, VA",2019,485814.0
 51045,"Craig, VA",2019,106299.0
 51047,"Culpeper, VA",2019,1928471.0
 51049,"Cumberland, VA",2019,150636.0
 51051,"Dickenson, VA",2019,482107.0
 51057,"Essex, VA",2019,387694.0
 51061,"Fauquier, VA",2019,2946962.0
 51063,"Floyd, VA",2019,385694.0
 51065,"Fluvanna, VA",2019,962272.0
 51067,"Franklin, VA",2019,1598621.0
 51071,"Giles, VA",2019,526781.0
 51073,"Gloucester, VA",2019,934065.0
 51075,"Goochland, VA",2019,2972592.0
 51077,"Grayson, VA",2019,280320.0
 51079,"Greene, VA",2019,468298.0
 51083,"Halifax, VA",2019,1260307.0
 51085,"Hanover, VA",2019,6303570.0
 51087,"Henrico, VA",2019,31965360.0
 51091,"Highland, VA",2019,72009.0
 51093,"Isle of Wight, VA",2019,1428313.0
 51097,"King and Queen, VA",2019,148957.0
 51099,"King George, VA",2019,2028765.0
 51101,"King William, VA",2019,558419.0
 51103,"Lancaster, VA",2019,506581.0
 51105,"Lee, VA",2019,400983.0
 51107,"Loudoun, VA",2019,30358220.0
 51109,"Louisa, VA",2019,2321243.0
 51111,"Lunenburg, VA",2019,249881.0
 51113,"Madison, VA",2019,356411.0
 51115,"Mathews, VA",2019,201969.0
 51117,"Mecklenburg, VA",2019,1064758.0
 51119,"Middlesex, VA",2019,393791.0
 51125,"Nelson, VA",2019,525622.0
 51127,"New Kent, VA",2019,605576.0
 51131,"Northampton, VA",2019,495920.0
 51133,"Northumberland, VA",2019,409185.0
 51135,"Nottoway, VA",2019,553348.0
 51137,"Orange, VA",2019,1223135.0
 51139,"Page, VA",2019,624250.0
 51141,"Patrick, VA",2019,416608.0
 51145,"Powhatan, VA",2019,860348.0
 51147,"Prince Edward, VA",2019,772986.0
 51155,"Pulaski, VA",2019,1422646.0
 51157,"Rappahannock, VA",2019,293710.0
 51159,"Richmond, VA",2019,285297.0
 51167,"Russell, VA",2019,711483.0
 51169,"Scott, VA",2019,444803.0
 51171,"Shenandoah, VA",2019,1844328.0
 51173,"Smyth, VA",2019,1072157.0
 51179,"Stafford, VA",2019,6012549.0
 51181,"Surry, VA",2019,1220764.0
 51183,"Sussex, VA",2019,363246.0
 51185,"Tazewell, VA",2019,1239571.0
 51187,"Warren, VA",2019,1901071.0
 51193,"Westmoreland, VA",2019,487949.0
 51197,"Wythe, VA",2019,1493484.0
 51510,"Alexandria (Independent City), VA",2019,15564238.0
 51550,"Chesapeake (Independent City), VA",2019,10964768.0
 51650,"Hampton (Independent City), VA",2019,6946071.0
 51700,"Newport News (Independent City), VA",2019,14282873.0
 51710,"Norfolk (Independent City), VA",2019,20139023.0
 51740,"Portsmouth (Independent City), VA",2019,6437236.0
 51760,"Richmond (Independent City), VA",2019,24492545.0
 51770,"Roanoke (Independent City), VA",2019,7385787.0
 51800,"Suffolk (Independent City), VA",2019,4036286.0
 51810,"Virginia Beach (Independent City), VA",2019,23322544.0
 51901,"Albemarle + Charlottesville, VA*",2019,12362860.0
 51903,"Alleghany + Covington, VA*",2019,929116.0
 51907,"Augusta, Staunton + Waynesboro, VA*",2019,5369138.0
 51911,"Campbell + Lynchburg, VA*",2019,7710114.0
 51913,"Carroll + Galax, VA*",2019,982690.0
 51918,"Dinwiddie, Colonial Heights + Petersburg, VA*",2019,2964841.0
 51919,"Fairfax, Fairfax City + Falls Church, VA*",2019,128938275.0
 51921,"Frederick + Winchester, VA*",2019,7037388.0
 51923,"Greensville + Emporia, VA*",2019,1445239.0
 51929,"Henry + Martinsville, VA*",2019,2293466.0
 51931,"James City + Williamsburg, VA*",2019,5423042.0
 51933,"Montgomery + Radford, VA*",2019,5633921.0
 51939,"Pittsylvania + Danville, VA*",2019,3616873.0
 51941,"Prince George + Hopewell, VA*",2019,4050610.0
 51942,"Prince William, Manassas + Manassas Park, VA*",2019,22681808.0
 51944,"Roanoke + Salem, VA*",2019,6332567.0
 51945,"Rockbridge, Buena Vista + Lexington, VA*",2019,1349235.0
 51947,"Rockingham + Harrisonburg, VA*",2019,8267087.0
 51949,"Southampton + Franklin, VA*",2019,848549.0
 51951,"Spotsylvania + Fredericksburg, VA*",2019,6620244.0
 51953,"Washington + Bristol, VA*",2019,3544419.0
 51955,"Wise + Norton, VA*",2019,1518625.0
 51958,"York + Poquoson, VA*",2019,3008530.0
 53000,Washington,2019,608643403.0
 53001,"Adams, WA",2019,907549.0
 53003,"Asotin, WA",2019,684823.0
 53005,"Benton, WA",2019,12434311.0
 53007,"Chelan, WA",2019,4866780.0
 53009,"Clallam, WA",2019,2694231.0
 53011,"Clark, WA",2019,23209375.0
 53013,"Columbia, WA",2019,361817.0
 53015,"Cowlitz, WA",2019,5423911.0
 53017,"Douglas, WA",2019,1950436.0
 53019,"Ferry, WA",2019,180701.0
 53021,"Franklin, WA",2019,4032629.0
 53023,"Garfield, WA",2019,165691.0
 53025,"Grant, WA",2019,5907263.0
 53027,"Grays Harbor, WA",2019,2697837.0
 53029,"Island, WA",2019,3438601.0
 53031,"Jefferson, WA",2019,1303082.0
 53033,"King, WA",2019,329009849.0
 53035,"Kitsap, WA",2019,12978606.0
 53037,"Kittitas, WA",2019,1881316.0
 53039,"Klickitat, WA",2019,1813096.0
 53041,"Lewis, WA",2019,3678700.0
 53043,"Lincoln, WA",2019,456136.0
 53045,"Mason, WA",2019,1720702.0
 53047,"Okanogan, WA",2019,1455988.0
 53049,"Pacific, WA",2019,766300.0
 53051,"Pend Oreille, WA",2019,599111.0
 53053,"Pierce, WA",2019,46764534.0
 53055,"San Juan, WA",2019,826966.0
 53057,"Skagit, WA",2019,7072111.0
 53059,"Skamania, WA",2019,285286.0
 53061,"Snohomish, WA",2019,53710498.0
 53063,"Spokane, WA",2019,27690758.0
 53065,"Stevens, WA",2019,1150896.0
 53067,"Thurston, WA",2019,14722713.0
 53069,"Wahkiakum, WA",2019,96286.0
 53071,"Walla Walla, WA",2019,3610741.0
 53073,"Whatcom, WA",2019,14306280.0
 53075,"Whitman, WA",2019,2721496.0
 53077,"Yakima, WA",2019,11065996.0
 54000,West Virginia,2019,80242383.0
 54001,"Barbour, WV",2019,415691.0
 54003,"Berkeley, WV",2019,4250468.0
 54005,"Boone, WV",2019,671303.0
 54007,"Braxton, WV",2019,339567.0
 54009,"Brooke, WV",2019,980969.0
 54011,"Cabell, WV",2019,5218526.0
 54013,"Calhoun, WV",2019,123139.0
 54015,"Clay, WV",2019,134211.0
 54017,"Doddridge, WV",2019,644769.0
 54019,"Fayette, WV",2019,1145993.0
 54021,"Gilmer, WV",2019,185312.0
 54023,"Grant, WV",2019,466327.0
 54025,"Greenbrier, WV",2019,1254059.0
 54027,"Hampshire, WV",2019,474380.0
 54029,"Hancock, WV",2019,1109694.0
 54031,"Hardy, WV",2019,574281.0
 54033,"Harrison, WV",2019,4641224.0
 54035,"Jackson, WV",2019,1050228.0
 54037,"Jefferson, WV",2019,1941004.0
 54039,"Kanawha, WV",2019,11339689.0
 54041,"Lewis, WV",2019,723864.0
 54043,"Lincoln, WV",2019,263428.0
 54045,"Logan, WV",2019,1347252.0
 54047,"McDowell, WV",2019,596033.0
 54049,"Marion, WV",2019,2402674.0
 54051,"Marshall, WV",2019,2732314.0
 54053,"Mason, WV",2019,841136.0
 54055,"Mercer, WV",2019,1820717.0
 54057,"Mineral, WV",2019,832844.0
 54059,"Mingo, WV",2019,691792.0
 54061,"Monongalia, WV",2019,7168895.0
 54063,"Monroe, WV",2019,207021.0
 54065,"Morgan, WV",2019,372933.0
 54067,"Nicholas, WV",2019,670619.0
 54069,"Ohio, WV",2019,3889246.0
 54071,"Pendleton, WV",2019,158662.0
 54073,"Pleasants, WV",2019,507471.0
 54075,"Pocahontas, WV",2019,293341.0
 54077,"Preston, WV",2019,808745.0
 54079,"Putnam, WV",2019,3043196.0
 54081,"Raleigh, WV",2019,3238544.0
 54083,"Randolph, WV",2019,982243.0
 54085,"Ritchie, WV",2019,648636.0
 54087,"Roane, WV",2019,315549.0
 54089,"Summers, WV",2019,226582.0
 54091,"Taylor, WV",2019,547425.0
 54093,"Tucker, WV",2019,325775.0
 54095,"Tyler, WV",2019,756946.0
 54097,"Upshur, WV",2019,778032.0
 54099,"Wayne, WV",2019,1085993.0
 54101,"Webster, WV",2019,167631.0
 54103,"Wetzel, WV",2019,601070.0
 54105,"Wirt, WV",2019,68771.0
 54107,"Wood, WV",2019,3627942.0
 54109,"Wyoming, WV",2019,538227.0
 55000,Wisconsin,2019,346906632.0
 55001,"Adams, WI",2019,600480.0
 55003,"Ashland, WI",2019,771058.0
 55005,"Barron, WI",2019,2172924.0
 55007,"Bayfield, WI",2019,469727.0
 55009,"Brown, WI",2019,19562912.0
 55011,"Buffalo, WI",2019,503784.0
 55013,"Burnett, WI",2019,562810.0
 55015,"Calumet, WI",2019,1636185.0
 55017,"Chippewa, WI",2019,2922540.0
 55019,"Clark, WI",2019,1463143.0
 55021,"Columbia, WI",2019,2960186.0
 55023,"Crawford, WI",2019,749603.0
 55025,"Dane, WI",2019,46346661.0
 55027,"Dodge, WI",2019,3835229.0
 55029,"Door, WI",2019,1389807.0
 55031,"Douglas, WI",2019,1936194.0
 55033,"Dunn, WI",2019,1912670.0
 55035,"Eau Claire, WI",2019,6759131.0
 55037,"Florence, WI",2019,137378.0
 55039,"Fond du Lac, WI",2019,5496350.0
 55041,"Forest, WI",2019,333513.0
 55043,"Grant, WI",2019,2341600.0
 55045,"Green, WI",2019,1898354.0
 55047,"Green Lake, WI",2019,671227.0
 55049,"Iowa, WI",2019,1184669.0
 55051,"Iron, WI",2019,189754.0
 55053,"Jackson, WI",2019,906884.0
 55055,"Jefferson, WI",2019,3683933.0
 55057,"Juneau, WI",2019,981901.0
 55059,"Kenosha, WI",2019,7531262.0
 55061,"Kewaunee, WI",2019,874564.0
 55063,"La Crosse, WI",2019,8038873.0
 55065,"Lafayette, WI",2019,604656.0
 55067,"Langlade, WI",2019,756505.0
 55069,"Lincoln, WI",2019,1442883.0
 55071,"Manitowoc, WI",2019,4157410.0
 55073,"Marathon, WI",2019,9332122.0
 55075,"Marinette, WI",2019,2053377.0
 55077,"Marquette, WI",2019,446372.0
 55078,"Menominee, WI",2019,168605.0
 55079,"Milwaukee, WI",2019,61642332.0
 55081,"Monroe, WI",2019,2412340.0
 55083,"Oconto, WI",2019,1072194.0
 55085,"Oneida, WI",2019,1793192.0
 55087,"Outagamie, WI",2019,13555055.0
 55089,"Ozaukee, WI",2019,5654450.0
 55091,"Pepin, WI",2019,271092.0
 55093,"Pierce, WI",2019,1177132.0
 55095,"Polk, WI",2019,1624870.0
 55097,"Portage, WI",2019,4430703.0
 55099,"Price, WI",2019,633576.0
 55101,"Racine, WI",2019,8634640.0
 55103,"Richland, WI",2019,784517.0
 55105,"Rock, WI",2019,7817113.0
 55107,"Rusk, WI",2019,568457.0
 55109,"St. Croix, WI",2019,4200952.0
 55111,"Sauk, WI",2019,4175457.0
 55113,"Sawyer, WI",2019,730229.0
 55115,"Shawano, WI",2019,1411179.0
 55117,"Sheboygan, WI",2019,7280342.0
 55119,"Taylor, WI",2019,887808.0
 55121,"Trempealeau, WI",2019,1410246.0
 55123,"Vernon, WI",2019,1141471.0
 55125,"Vilas, WI",2019,969770.0
 55127,"Walworth, WI",2019,4713034.0
 55129,"Washburn, WI",2019,631174.0
 55131,"Washington, WI",2019,7125939.0
 55133,"Waukesha, WI",2019,32136636.0
 55135,"Waupaca, WI",2019,2058696.0
 55137,"Waushara, WI",2019,697395.0
 55139,"Winnebago, WI",2019,11161071.0
 55141,"Wood, WI",2019,4316333.0
 56000,Wyoming,2019,40029484.0
 56001,"Albany, WY",2019,1581223.0
 56003,"Big Horn, WY",2019,536565.0
 56005,"Campbell, WY",2019,5481970.0
 56007,"Carbon, WY",2019,1427591.0
 56009,"Converse, WY",2019,1757819.0
 56011,"Crook, WY",2019,310325.0
 56013,"Fremont, WY",2019,1658944.0
 56015,"Goshen, WY",2019,501803.0
 56017,"Hot Springs, WY",2019,224628.0
 56019,"Johnson, WY",2019,399706.0
 56021,"Laramie, WY",2019,6207893.0
 56023,"Lincoln, WY",2019,870455.0
 56025,"Natrona, WY",2019,5982002.0
 56027,"Niobrara, WY",2019,119863.0
 56029,"Park, WY",2019,1584998.0
 56031,"Platte, WY",2019,613029.0
 56033,"Sheridan, WY",2019,1523974.0
 56035,"Sublette, WY",2019,1087346.0
 56037,"Sweetwater, WY",2019,3796389.0
 56039,"Teton, WY",2019,2761710.0
 56041,"Uinta, WY",2019,924127.0
 56043,"Washakie, WY",2019,360514.0
 56045,"Weston, WY",2019,316611.0
 91000,New England,2019,1129673261.0
 92000,Mideast,2019,3876195193.0
 93000,Great Lakes,2019,2870499207.0
 94000,Plains,2019,1340848043.0
 95000,Southeast,2019,4611953719.0
 96000,Southwest,2019,2550062656.0
 97000,Rocky Mountain,2019,776330214.0
 98000,Far West,2019,4258455708.0
 00000,United States *,2020,21354105000.0
 01000,Alabama,2020,235325321.0
 01001,"Autauga, AL",2020,1841867.0
 01003,"Baldwin, AL",2020,8770138.0
 01005,"Barbour, AL",2020,787697.0
 01007,"Bibb, AL",2020,502089.0
 01009,"Blount, AL",2020,973485.0
 01011,"Bullock, AL",2020,285870.0
 01013,"Butler, AL",2020,634829.0
 01015,"Calhoun, AL",2020,4718287.0
 01017,"Chambers, AL",2020,924561.0
 01019,"Cherokee, AL",2020,565209.0
 01021,"Chilton, AL",2020,1145374.0
 01023,"Choctaw, AL",2020,568667.0
 01025,"Clarke, AL",2020,905197.0
 01027,"Clay, AL",2020,458097.0
 01029,"Cleburne, AL",2020,288257.0
 01031,"Coffee, AL",2020,1494459.0
 01033,"Colbert, AL",2020,2628287.0
 01035,"Conecuh, AL",2020,359013.0
 01037,"Coosa, AL",2020,192270.0
 01039,"Covington, AL",2020,1294696.0
 01041,"Crenshaw, AL",2020,385020.0
 01043,"Cullman, AL",2020,2988800.0
 01045,"Dale, AL",2020,2953578.0
 01047,"Dallas, AL",2020,1311987.0
 01049,"DeKalb, AL",2020,2002071.0
 01051,"Elmore, AL",2020,2112514.0
 01053,"Escambia, AL",2020,1251734.0
 01055,"Etowah, AL",2020,3030231.0
 01057,"Fayette, AL",2020,363545.0
 01059,"Franklin, AL",2020,966173.0
 01061,"Geneva, AL",2020,594427.0
 01063,"Greene, AL",2020,221598.0
 01065,"Hale, AL",2020,296287.0
 01067,"Henry, AL",2020,476045.0
 01069,"Houston, AL",2020,6042742.0
 01071,"Jackson, AL",2020,1550803.0
 01073,"Jefferson, AL",2020,48491643.0
 01075,"Lamar, AL",2020,359815.0
 01077,"Lauderdale, AL",2020,2840606.0
 01079,"Lawrence, AL",2020,611799.0
 01081,"Lee, AL",2020,6661911.0
 01083,"Limestone, AL",2020,4407750.0
 01085,"Lowndes, AL",2020,393414.0
 01087,"Macon, AL",2020,561268.0
 01089,"Madison, AL",2020,27870185.0
 01091,"Marengo, AL",2020,841282.0
 01093,"Marion, AL",2020,942612.0
 01095,"Marshall, AL",2020,3765875.0
 01097,"Mobile, AL",2020,21433585.0
 01099,"Monroe, AL",2020,681295.0
 01101,"Montgomery, AL",2020,14696032.0
 01103,"Morgan, AL",2020,6047103.0
 01105,"Perry, AL",2020,213333.0
 01107,"Pickens, AL",2020,467462.0
 01109,"Pike, AL",2020,1453362.0
 01111,"Randolph, AL",2020,492773.0
 01113,"Russell, AL",2020,1611190.0
 01115,"St. Clair, AL",2020,2140772.0
 01117,"Shelby, AL",2020,13016563.0
 01119,"Sumter, AL",2020,343651.0
 01121,"Talladega, AL",2020,3153323.0
 01123,"Tallapoosa, AL",2020,1418726.0
 01125,"Tuscaloosa, AL",2020,10554529.0
 01127,"Walker, AL",2020,1810531.0
 01129,"Washington, AL",2020,865119.0
 01131,"Wilcox, AL",2020,408890.0
 01133,"Winston, AL",2020,883019.0
 02000,Alaska,2020,51283445.0
 02013,"Aleutians East Borough, AK",2020,261702.0
 02016,"Aleutians West Census Area, AK",2020,954525.0
 02020,"Anchorage Municipality, AK",2020,23681886.0
 02050,"Bethel Census Area, AK",2020,729169.0
 02060,"Bristol Bay Borough, AK",2020,133352.0
 02063,"Chugach Census Area, AK*",2020,1291960.0
 02066,"Copper River Census Area, AK*",2020,108227.0
 02068,"Denali Borough, AK",2020,214071.0
 02070,"Dillingham Census Area, AK",2020,263920.0
 02090,"Fairbanks North Star Borough, AK",2020,5847708.0
 02100,"Haines Borough, AK",2020,95022.0
 02105,"Hoonah-Angoon Census Area, AK*",2020,84114.0
 02110,"Juneau City and Borough, AK",2020,2461510.0
 02122,"Kenai Peninsula Borough, AK",2020,2752203.0
 02130,"Ketchikan Gateway Borough, AK*",2020,870211.0
 02150,"Kodiak Island Borough, AK",2020,825023.0
 02158,"Kusilvak Census Area, AK*",2020,166818.0
 02164,"Lake and Peninsula Borough, AK",2020,83702.0
 02170,"Matanuska-Susitna Borough, AK",2020,3139496.0
 02180,"Nome Census Area, AK",2020,453914.0
 02185,"North Slope Borough, AK",2020,4117616.0
 02188,"Northwest Arctic Borough, AK",2020,661139.0
 02195,"Petersburg Borough, AK*",2020,177785.0
 02198,"Prince of Wales-Hyder Census Area, AK*",2020,258024.0
 02201,"Prince of Wales-Outer Ketchikan Census Area, AK*",2020,
 02220,"Sitka City and Borough, AK",2020,473690.0
 02230,"Skagway Municipality, AK*",2020,66167.0
 02232,"Skagway-Hoonah-Angoon Census Area, AK*",2020,
 02240,"Southeast Fairbanks Census Area, AK",2020,665404.0
 02261,"Valdez-Cordova Census Area, AK*",2020,
 02275,"Wrangell City and Borough, AK*",2020,89878.0
 02280,"Wrangell-Petersburg Census Area, AK*",2020,
 02282,"Yakutat City and Borough, AK*",2020,35905.0
 02290,"Yukon-Koyukuk Census Area, AK",2020,319303.0
 04000,Arizona,2020,388956687.0
 04001,"Apache, AZ",2020,2567397.0
 04003,"Cochise, AZ",2020,5348746.0
 04005,"Coconino, AZ",2020,7533522.0
 04007,"Gila, AZ",2020,1828681.0
 04009,"Graham, AZ",2020,1275028.0
 04011,"Greenlee, AZ",2020,1612251.0
 04012,"La Paz, AZ",2020,726422.0
 04013,"Maricopa, AZ",2020,282133113.0
 04015,"Mohave, AZ",2020,6305113.0
 04017,"Navajo, AZ",2020,3017961.0
 04019,"Pima, AZ",2020,48426650.0
 04021,"Pinal, AZ",2020,10053512.0
 04023,"Santa Cruz, AZ",2020,2090388.0
 04025,"Yavapai, AZ",2020,8054674.0
 04027,"Yuma, AZ",2020,7983228.0
 05000,Arkansas,2020,136198371.0
 05001,"Arkansas, AR",2020,1121695.0
 05003,"Ashley, AR",2020,836711.0
 05005,"Baxter, AR",2020,1678094.0
 05007,"Benton, AR",2020,17188118.0
 05009,"Boone, AR",2020,1382614.0
 05011,"Bradley, AR",2020,359892.0
 05013,"Calhoun, AR",2020,364284.0
 05015,"Carroll, AR",2020,876224.0
 05017,"Chicot, AR",2020,289031.0
 05019,"Clark, AR",2020,844037.0
 05021,"Clay, AR",2020,358883.0
 05023,"Cleburne, AR",2020,644868.0
 05025,"Cleveland, AR",2020,100938.0
 05027,"Columbia, AR",2020,900782.0
 05029,"Conway, AR",2020,708334.0
 05031,"Craighead, AR",2020,5250892.0
 05033,"Crawford, AR",2020,1839881.0
 05035,"Crittenden, AR",2020,1846920.0
 05037,"Cross, AR",2020,479028.0
 05039,"Dallas, AR",2020,268390.0
 05041,"Desha, AR",2020,568660.0
 05043,"Drew, AR",2020,630563.0
 05045,"Faulkner, AR",2020,4139749.0
 05047,"Franklin, AR",2020,456045.0
 05049,"Fulton, AR",2020,202791.0
 05051,"Garland, AR",2020,3665174.0
 05053,"Grant, AR",2020,444507.0
 05055,"Greene, AR",2020,1535232.0
 05057,"Hempstead, AR",2020,1009838.0
 05059,"Hot Spring, AR",2020,1051518.0
 05061,"Howard, AR",2020,586985.0
 05063,"Independence, AR",2020,1769487.0
 05065,"Izard, AR",2020,282867.0
 05067,"Jackson, AR",2020,672303.0
 05069,"Jefferson, AR",2020,3057328.0
 05071,"Johnson, AR",2020,687651.0
 05073,"Lafayette, AR",2020,121829.0
 05075,"Lawrence, AR",2020,473603.0
 05077,"Lee, AR",2020,173492.0
 05079,"Lincoln, AR",2020,242268.0
 05081,"Little River, AR",2020,526305.0
 05083,"Logan, AR",2020,442682.0
 05085,"Lonoke, AR",2020,1481761.0
 05087,"Madison, AR",2020,373612.0
 05089,"Marion, AR",2020,595975.0
 05091,"Miller, AR",2020,1446501.0
 05093,"Mississippi, AR",2020,2609818.0
 05095,"Monroe, AR",2020,215251.0
 05097,"Montgomery, AR",2020,145674.0
 05099,"Nevada, AR",2020,249077.0
 05101,"Newton, AR",2020,108013.0
 05103,"Ouachita, AR",2020,662705.0
 05105,"Perry, AR",2020,154493.0
 05107,"Phillips, AR",2020,571380.0
 05109,"Pike, AR",2020,269605.0
 05111,"Poinsett, AR",2020,621941.0
 05113,"Polk, AR",2020,541180.0
 05115,"Pope, AR",2020,3094139.0
 05117,"Prairie, AR",2020,206802.0
 05119,"Pulaski, AR",2020,31108300.0
 05121,"Randolph, AR",2020,542833.0
 05123,"St. Francis, AR",2020,775900.0
 05125,"Saline, AR",2020,2960333.0
 05127,"Scott, AR",2020,276628.0
 05129,"Searcy, AR",2020,185805.0
 05131,"Sebastian, AR",2020,7040290.0
 05133,"Sevier, AR",2020,442219.0
 05135,"Sharp, AR",2020,326598.0
 05137,"Stone, AR",2020,245199.0
 05139,"Union, AR",2020,2553897.0
 05141,"Van Buren, AR",2020,364594.0
 05143,"Washington, AR",2020,12837697.0
 05145,"White, AR",2020,2302675.0
 05147,"Woodruff, AR",2020,231848.0
 05149,"Yell, AR",2020,575135.0
 06000,California,2020,3076755114.0
 06001,"Alameda, CA",2020,143723062.0
 06003,"Alpine, CA",2020,115218.0
 06005,"Amador, CA",2020,1699836.0
 06007,"Butte, CA",2020,9567381.0
 06009,"Calaveras, CA",2020,1457768.0
 06011,"Colusa, CA",2020,1572332.0
 06013,"Contra Costa, CA",2020,73135724.0
 06015,"Del Norte, CA",2020,849810.0
 06017,"El Dorado, CA",2020,8435638.0
 06019,"Fresno, CA",2020,47136453.0
 06021,"Glenn, CA",2020,1105087.0
 06023,"Humboldt, CA",2020,5806518.0
 06025,"Imperial, CA",2020,9162415.0
 06027,"Inyo, CA",2020,1215804.0
 06029,"Kern, CA",2020,45790611.0
 06031,"Kings, CA",2020,6920103.0
 06033,"Lake, CA",2020,2023848.0
 06035,"Lassen, CA",2020,1267920.0
 06037,"Los Angeles, CA",2020,766764651.0
 06039,"Madera, CA",2020,6481748.0
 06041,"Marin, CA",2020,30915224.0
 06043,"Mariposa, CA",2020,703589.0
 06045,"Mendocino, CA",2020,3668193.0
 06047,"Merced, CA",2020,9611477.0
 06049,"Modoc, CA",2020,475721.0
 06051,"Mono, CA",2020,991320.0
 06053,"Monterey, CA",2020,28614009.0
 06055,"Napa, CA",2020,11201652.0
 06057,"Nevada, CA",2020,4644280.0
 06059,"Orange, CA",2020,269054188.0
 06061,"Placer, CA",2020,25663113.0
 06063,"Plumas, CA",2020,967991.0
 06065,"Riverside, CA",2020,96443902.0
 06067,"Sacramento, CA",2020,99165270.0
 06069,"San Benito, CA",2020,2369250.0
 06071,"San Bernardino, CA",2020,101109773.0
 06073,"San Diego, CA",2020,247245147.0
 06075,"San Francisco, CA",2020,215783334.0
 06077,"San Joaquin, CA",2020,33339056.0
 06079,"San Luis Obispo, CA",2020,18194808.0
 06081,"San Mateo, CA",2020,153330057.0
 06083,"Santa Barbara, CA",2020,31076043.0
 06085,"Santa Clara, CA",2020,341307606.0
 06087,"Santa Cruz, CA",2020,16328747.0
 06089,"Shasta, CA",2020,8774328.0
 06091,"Sierra, CA",2020,99046.0
 06093,"Siskiyou, CA",2020,1768605.0
 06095,"Solano, CA",2020,32538498.0
 06097,"Sonoma, CA",2020,31667436.0
 06099,"Stanislaus, CA",2020,24040070.0
 06101,"Sutter, CA",2020,3827251.0
 06103,"Tehama, CA",2020,2174139.0
 06105,"Trinity, CA",2020,434700.0
 06107,"Tulare, CA",2020,18990672.0
 06109,"Tuolumne, CA",2020,2492897.0
 06111,"Ventura, CA",2020,53957614.0
 06113,"Yolo, CA",2020,16120903.0
 06115,"Yuba, CA",2020,3433281.0
 08000,Colorado,2020,396741869.0
 08001,"Adams, CO*",2020,30217963.0
 08003,"Alamosa, CO",2020,722891.0
 08005,"Arapahoe, CO",2020,51942872.0
 08007,"Archuleta, CO",2020,537775.0
 08009,"Baca, CO",2020,115135.0
 08011,"Bent, CO",2020,132332.0
 08013,"Boulder, CO*",2020,30372746.0
 08014,"Broomfield, CO*",2020,8506559.0
 08015,"Chaffee, CO",2020,876210.0
 08017,"Cheyenne, CO",2020,150335.0
 08019,"Clear Creek, CO",2020,489475.0
 08021,"Conejos, CO",2020,202096.0
 08023,"Costilla, CO",2020,90297.0
 08025,"Crowley, CO",2020,121689.0
 08027,"Custer, CO",2020,145708.0
 08029,"Delta, CO",2020,927398.0
 08031,"Denver, CO",2020,84235070.0
 08033,"Dolores, CO",2020,83191.0
 08035,"Douglas, CO",2020,21833611.0
 08037,"Eagle, CO",2020,4333642.0
 08039,"Elbert, CO",2020,763583.0
 08041,"El Paso, CO",2020,40291816.0
 08043,"Fremont, CO",2020,1543431.0
 08045,"Garfield, CO",2020,3462707.0
 08047,"Gilpin, CO",2020,556382.0
 08049,"Grand, CO",2020,950494.0
 08051,"Gunnison, CO",2020,1074159.0
 08053,"Hinsdale, CO",2020,39620.0
 08055,"Huerfano, CO",2020,246541.0
 08057,"Jackson, CO",2020,96346.0
 08059,"Jefferson, CO*",2020,35203650.0
 08061,"Kiowa, CO",2020,64627.0
 08063,"Kit Carson, CO",2020,376130.0
 08065,"Lake, CO",2020,324151.0
 08067,"La Plata, CO",2020,3003413.0
 08069,"Larimer, CO",2020,21442067.0
 08071,"Las Animas, CO",2020,513198.0
 08073,"Lincoln, CO",2020,392298.0
 08075,"Logan, CO",2020,963867.0
 08077,"Mesa, CO",2020,7013128.0
 08079,"Mineral, CO",2020,56288.0
 08081,"Moffat, CO",2020,1083533.0
 08083,"Montezuma, CO",2020,1074230.0
 08085,"Montrose, CO",2020,1692712.0
 08087,"Morgan, CO",2020,1548601.0
 08089,"Otero, CO",2020,604542.0
 08091,"Ouray, CO",2020,227953.0
 08093,"Park, CO",2020,454409.0
 08095,"Phillips, CO",2020,192372.0
 08097,"Pitkin, CO",2020,2330276.0
 08099,"Prowers, CO",2020,462694.0
 08101,"Pueblo, CO",2020,6599701.0
 08103,"Rio Blanco, CO",2020,473204.0
 08105,"Rio Grande, CO",2020,485328.0
 08107,"Routt, CO",2020,2019949.0
 08109,"Saguache, CO",2020,192316.0
 08111,"San Juan, CO",2020,35793.0
 08113,"San Miguel, CO",2020,656826.0
 08115,"Sedgwick, CO",2020,71453.0
 08117,"Summit, CO",2020,2704332.0
 08119,"Teller, CO",2020,1061066.0
 08121,"Washington, CO",2020,133651.0
 08123,"Weld, CO*",2020,17805698.0
 08125,"Yuma, CO",2020,416339.0
 09000,Connecticut,2020,278029439.0
 09001,"Fairfield, CT",2020,90536889.0
 09003,"Hartford, CT",2020,85285330.0
 09005,"Litchfield, CT",2020,8844306.0
 09007,"Middlesex, CT",2020,9952766.0
 09009,"New Haven, CT",2020,53421543.0
 09011,"New London, CT",2020,19221092.0
 09013,"Tolland, CT",2020,5607354.0
 09015,"Windham, CT",2020,5160159.0
 10000,Delaware,2020,77520305.0
 10001,"Kent, DE",2020,8533519.0
 10003,"New Castle, DE",2020,54756946.0
 10005,"Sussex, DE",2020,14229839.0
 11000,District of Columbia,2020,146660128.0
 11001,"District of Columbia, DC",2020,146660128.0
 12000,Florida,2020,1142004410.0
 12001,"Alachua, FL",2020,15105667.0
 12003,"Baker, FL",2020,770090.0
 12005,"Bay, FL",2020,9311013.0
 12007,"Bradford, FL",2020,714476.0
 12009,"Brevard, FL",2020,28242750.0
 12011,"Broward, FL",2020,117003336.0
 12013,"Calhoun, FL",2020,307190.0
 12015,"Charlotte, FL",2020,6498409.0
 12017,"Citrus, FL",2020,4531043.0
 12019,"Clay, FL",2020,5917425.0
 12021,"Collier, FL",2020,21892843.0
 12023,"Columbia, FL",2020,2460592.0
 12027,"DeSoto, FL",2020,983707.0
 12029,"Dixie, FL",2020,327278.0
 12031,"Duval, FL",2020,72131731.0
 12033,"Escambia, FL",2020,17097145.0
 12035,"Flagler, FL",2020,3210953.0
 12037,"Franklin, FL",2020,386736.0
 12039,"Gadsden, FL",2020,1426319.0
 12041,"Gilchrist, FL",2020,433708.0
 12043,"Glades, FL",2020,324542.0
 12045,"Gulf, FL",2020,457799.0
 12047,"Hamilton, FL",2020,512220.0
 12049,"Hardee, FL",2020,1126519.0
 12051,"Hendry, FL",2020,1383110.0
 12053,"Hernando, FL",2020,4738128.0
 12055,"Highlands, FL",2020,2611552.0
 12057,"Hillsborough, FL",2020,101637747.0
 12059,"Holmes, FL",2020,391152.0
 12061,"Indian River, FL",2020,7471302.0
 12063,"Jackson, FL",2020,1429876.0
 12065,"Jefferson, FL",2020,268142.0
 12067,"Lafayette, FL",2020,151623.0
 12069,"Lake, FL",2020,11361974.0
 12071,"Lee, FL",2020,35709512.0
 12073,"Leon, FL",2020,16093108.0
 12075,"Levy, FL",2020,1057030.0
 12077,"Liberty, FL",2020,359984.0
 12079,"Madison, FL",2020,462710.0
 12081,"Manatee, FL",2020,16708786.0
 12083,"Marion, FL",2020,11552696.0
 12085,"Martin, FL",2020,9028189.0
 12086,"Miami-Dade, FL",2020,166930454.0
 12087,"Monroe, FL",2020,5318181.0
 12089,"Nassau, FL",2020,3233900.0
 12091,"Okaloosa, FL",2020,13685037.0
 12093,"Okeechobee, FL",2020,1744104.0
 12095,"Orange, FL",2020,101030292.0
 12097,"Osceola, FL",2020,12161257.0
 12099,"Palm Beach, FL",2020,93634728.0
 12101,"Pasco, FL",2020,15129841.0
 12103,"Pinellas, FL",2020,54512820.0
 12105,"Polk, FL",2020,30056140.0
 12107,"Putnam, FL",2020,2409261.0
 12109,"St. Johns, FL",2020,11468664.0
 12111,"St. Lucie, FL",2020,10883501.0
 12113,"Santa Rosa, FL",2020,5293687.0
 12115,"Sarasota, FL",2020,24033419.0
 12117,"Seminole, FL",2020,24714433.0
 12119,"Sumter, FL",2020,4186123.0
 12121,"Suwannee, FL",2020,1236352.0
 12123,"Taylor, FL",2020,748847.0
 12125,"Union, FL",2020,348255.0
 12127,"Volusia, FL",2020,20396195.0
 12129,"Wakulla, FL",2020,805560.0
 12131,"Walton, FL",2020,3794610.0
 12133,"Washington, FL",2020,658637.0
 13000,Georgia,2020,640223569.0
 13001,"Appling, GA",2020,1725439.0
 13003,"Atkinson, GA",2020,253191.0
 13005,"Bacon, GA",2020,373381.0
 13007,"Baker, GA",2020,69223.0
 13009,"Baldwin, GA",2020,1430908.0
 13011,"Banks, GA",2020,406796.0
 13013,"Barrow, GA",2020,2541684.0
 13015,"Bartow, GA",2020,5334709.0
 13017,"Ben Hill, GA",2020,573982.0
 13019,"Berrien, GA",2020,417200.0
 13021,"Bibb, GA",2020,8649429.0
 13023,"Bleckley, GA",2020,245318.0
 13025,"Brantley, GA",2020,284813.0
 13027,"Brooks, GA",2020,512557.0
 13029,"Bryan, GA",2020,1149357.0
 13031,"Bulloch, GA",2020,2607318.0
 13033,"Burke, GA",2020,3359070.0
 13035,"Butts, GA",2020,742855.0
 13037,"Calhoun, GA",2020,128897.0
 13039,"Camden, GA",2020,2001262.0
 13043,"Candler, GA",2020,296913.0
 13045,"Carroll, GA",2020,5730064.0
 13047,"Catoosa, GA",2020,1672537.0
 13049,"Charlton, GA",2020,208642.0
 13051,"Chatham, GA",2020,20370837.0
 13053,"Chattahoochee, GA",2020,1768268.0
 13055,"Chattooga, GA",2020,541068.0
 13057,"Cherokee, GA",2020,8916917.0
 13059,"Clarke, GA",2020,8154776.0
 13061,"Clay, GA",2020,92627.0
 13063,"Clayton, GA",2020,14885889.0
 13065,"Clinch, GA",2020,251401.0
 13067,"Cobb, GA",2020,58521089.0
 13069,"Coffee, GA",2020,1638947.0
 13071,"Colquitt, GA",2020,1592033.0
 13073,"Columbia, GA",2020,4523204.0
 13075,"Cook, GA",2020,394598.0
 13077,"Coweta, GA",2020,5428450.0
 13079,"Crawford, GA",2020,134718.0
 13081,"Crisp, GA",2020,959826.0
 13083,"Dade, GA",2020,429242.0
 13085,"Dawson, GA",2020,919852.0
 13087,"Decatur, GA",2020,896919.0
 13089,"DeKalb, GA",2020,43578162.0
 13091,"Dodge, GA",2020,451755.0
 13093,"Dooly, GA",2020,397847.0
 13095,"Dougherty, GA",2020,4782224.0
 13097,"Douglas, GA",2020,5193874.0
 13099,"Early, GA",2020,531218.0
 13101,"Echols, GA",2020,46091.0
 13103,"Effingham, GA",2020,2221157.0
 13105,"Elbert, GA",2020,688931.0
 13107,"Emanuel, GA",2020,730459.0
 13109,"Evans, GA",2020,399241.0
 13111,"Fannin, GA",2020,800523.0
 13113,"Fayette, GA",2020,5793246.0
 13115,"Floyd, GA",2020,4181338.0
 13117,"Forsyth, GA",2020,11083566.0
 13119,"Franklin, GA",2020,889438.0
 13121,"Fulton, GA",2020,188350830.0
 13123,"Gilmer, GA",2020,843244.0
 13125,"Glascock, GA",2020,39087.0
 13127,"Glynn, GA",2020,4280350.0
 13129,"Gordon, GA",2020,2294808.0
 13131,"Grady, GA",2020,685227.0
 13133,"Greene, GA",2020,803717.0
 13135,"Gwinnett, GA",2020,52536886.0
 13137,"Habersham, GA",2020,1523485.0
 13139,"Hall, GA",2020,12285660.0
 13141,"Hancock, GA",2020,186643.0
 13143,"Haralson, GA",2020,890977.0
 13145,"Harris, GA",2020,584941.0
 13147,"Hart, GA",2020,857922.0
 13149,"Heard, GA",2020,1304142.0
 13151,"Henry, GA",2020,7402569.0
 13153,"Houston, GA",2020,7594372.0
 13155,"Irwin, GA",2020,221251.0
 13157,"Jackson, GA",2020,3880457.0
 13159,"Jasper, GA",2020,292911.0
 13161,"Jeff Davis, GA",2020,444586.0
 13163,"Jefferson, GA",2020,588763.0
 13165,"Jenkins, GA",2020,166085.0
 13167,"Johnson, GA",2020,137709.0
 13169,"Jones, GA",2020,455126.0
 13171,"Lamar, GA",2020,439106.0
 13173,"Lanier, GA",2020,143050.0
 13175,"Laurens, GA",2020,1917385.0
 13177,"Lee, GA",2020,773901.0
 13179,"Liberty, GA",2020,3871185.0
 13181,"Lincoln, GA",2020,149653.0
 13183,"Long, GA",2020,173055.0
 13185,"Lowndes, GA",2020,5445522.0
 13187,"Lumpkin, GA",2020,912644.0
 13189,"McDuffie, GA",2020,708185.0
 13191,"McIntosh, GA",2020,271669.0
 13193,"Macon, GA",2020,386087.0
 13195,"Madison, GA",2020,501330.0
 13197,"Marion, GA",2020,128650.0
 13199,"Meriwether, GA",2020,618360.0
 13201,"Miller, GA",2020,227989.0
 13205,"Mitchell, GA",2020,778400.0
 13207,"Monroe, GA",2020,1287091.0
 13209,"Montgomery, GA",2020,152747.0
 13211,"Morgan, GA",2020,982184.0
 13213,"Murray, GA",2020,1270238.0
 13215,"Muscogee, GA",2020,11406376.0
 13217,"Newton, GA",2020,3297179.0
 13219,"Oconee, GA",2020,1672882.0
 13221,"Oglethorpe, GA",2020,260289.0
 13223,"Paulding, GA",2020,3382987.0
 13225,"Peach, GA",2020,920024.0
 13227,"Pickens, GA",2020,1048990.0
 13229,"Pierce, GA",2020,478506.0
 13231,"Pike, GA",2020,354756.0
 13233,"Polk, GA",2020,1304648.0
 13235,"Pulaski, GA",2020,288556.0
 13237,"Putnam, GA",2020,569606.0
 13239,"Quitman, GA",2020,42602.0
 13241,"Rabun, GA",2020,589679.0
 13243,"Randolph, GA",2020,194350.0
 13245,"Richmond, GA",2020,12968302.0
 13247,"Rockdale, GA",2020,4278186.0
 13249,"Schley, GA",2020,118167.0
 13251,"Screven, GA",2020,328824.0
 13253,"Seminole, GA",2020,325253.0
 13255,"Spalding, GA",2020,2149841.0
 13257,"Stephens, GA",2020,982610.0
 13259,"Stewart, GA",2020,141761.0
 13261,"Sumter, GA",2020,1105584.0
 13263,"Talbot, GA",2020,166611.0
 13265,"Taliaferro, GA",2020,27596.0
 13267,"Tattnall, GA",2020,550737.0
 13269,"Taylor, GA",2020,225578.0
 13271,"Telfair, GA",2020,279706.0
 13273,"Terrell, GA",2020,236788.0
 13275,"Thomas, GA",2020,2300319.0
 13277,"Tift, GA",2020,2062666.0
 13279,"Toombs, GA",2020,1033054.0
 13281,"Towns, GA",2020,379184.0
 13283,"Treutlen, GA",2020,109781.0
 13285,"Troup, GA",2020,3678318.0
 13287,"Turner, GA",2020,207901.0
 13289,"Twiggs, GA",2020,266311.0
 13291,"Union, GA",2020,864627.0
 13293,"Upson, GA",2020,680657.0
 13295,"Walker, GA",2020,1508394.0
 13297,"Walton, GA",2020,2871909.0
 13299,"Ware, GA",2020,1449183.0
 13301,"Warren, GA",2020,184873.0
 13303,"Washington, GA",2020,668880.0
 13305,"Wayne, GA",2020,1369516.0
 13307,"Webster, GA",2020,69382.0
 13309,"Wheeler, GA",2020,109002.0
 13311,"White, GA",2020,871248.0
 13313,"Whitfield, GA",2020,5765571.0
 13315,"Wilcox, GA",2020,147671.0
 13317,"Wilkes, GA",2020,288564.0
 13319,"Wilkinson, GA",2020,582965.0
 13321,"Worth, GA",2020,361165.0
 15000,Hawaii,2020,84885781.0
 15001,"Hawaii, HI",2020,8046011.0
 15003,"Honolulu, HI",2020,63886579.0
 15007,"Kauai, HI",2020,3870479.0
 15901,"Maui + Kalawao, HI*",2020,9082713.0
 16000,Idaho,2020,88099326.0
 16001,"Ada, ID",2020,31120227.0
 16003,"Adams, ID",2020,129908.0
 16005,"Bannock, ID",2020,3123110.0
 16007,"Bear Lake, ID",2020,196852.0
 16009,"Benewah, ID",2020,380260.0
 16011,"Bingham, ID",2020,1541289.0
 16013,"Blaine, ID",2020,1653439.0
 16015,"Boise, ID",2020,179135.0
 16017,"Bonner, ID",2020,1757360.0
 16019,"Bonneville, ID",2020,7408244.0
 16021,"Boundary, ID",2020,392552.0
 16023,"Butte, ID",2020,1335899.0
 16025,"Camas, ID",2020,75009.0
 16027,"Canyon, ID",2020,7243003.0
 16029,"Caribou, ID",2020,710786.0
 16031,"Cassia, ID",2020,1505764.0
 16033,"Clark, ID",2020,44717.0
 16035,"Clearwater, ID",2020,370984.0
 16037,"Custer, ID",2020,176188.0
 16039,"Elmore, ID",2020,1311375.0
 16041,"Franklin, ID",2020,427736.0
 16043,"Fremont (includes Yellowstone Park), ID",2020,416574.0
 16045,"Gem, ID",2020,454656.0
 16047,"Gooding, ID",2020,1233346.0
 16049,"Idaho, ID",2020,494298.0
 16051,"Jefferson, ID",2020,932885.0
 16053,"Jerome, ID",2020,1302809.0
 16055,"Kootenai, ID",2020,7383044.0
 16057,"Latah, ID",2020,1491533.0
 16059,"Lemhi, ID",2020,268733.0
 16061,"Lewis, ID",2020,162663.0
 16063,"Lincoln, ID",2020,251662.0
 16065,"Madison, ID",2020,1424736.0
 16067,"Minidoka, ID",2020,932846.0
 16069,"Nez Perce, ID",2020,2291977.0
 16071,"Oneida, ID",2020,138778.0
 16073,"Owyhee, ID",2020,402624.0
 16075,"Payette, ID",2020,858860.0
 16077,"Power, ID",2020,468784.0
 16079,"Shoshone, ID",2020,589157.0
 16081,"Teton, ID",2020,402808.0
 16083,"Twin Falls, ID",2020,4086929.0
 16085,"Valley, ID",2020,550723.0
 16087,"Washington, ID",2020,475062.0
 17000,Illinois,2020,860672796.0
 17001,"Adams, IL",2020,3476563.0
 17003,"Alexander, IL",2020,159799.0
 17005,"Bond, IL",2020,584925.0
 17007,"Boone, IL",2020,1772667.0
 17009,"Brown, IL",2020,523273.0
 17011,"Bureau, IL",2020,1271429.0
 17013,"Calhoun, IL",2020,97439.0
 17015,"Carroll, IL",2020,573748.0
 17017,"Cass, IL",2020,675862.0
 17019,"Champaign, IL",2020,11738522.0
 17021,"Christian, IL",2020,1431960.0
 17023,"Clark, IL",2020,500280.0
 17025,"Clay, IL",2020,559574.0
 17027,"Clinton, IL",2020,1143089.0
 17029,"Coles, IL",2020,2530664.0
 17031,"Cook, IL",2020,410666431.0
 17033,"Crawford, IL",2020,878052.0
 17035,"Cumberland, IL",2020,868547.0
 17037,"DeKalb, IL",2020,4487092.0
 17039,"De Witt, IL",2020,1254462.0
 17041,"Douglas, IL",2020,1021655.0
 17043,"DuPage, IL",2020,97762040.0
 17045,"Edgar, IL",2020,803872.0
 17047,"Edwards, IL",2020,279513.0
 17049,"Effingham, IL",2020,2197949.0
 17051,"Fayette, IL",2020,569966.0
 17053,"Ford, IL",2020,729922.0
 17055,"Franklin, IL",2020,962694.0
 17057,"Fulton, IL",2020,864588.0
 17059,"Gallatin, IL",2020,142360.0
 17061,"Greene, IL",2020,315225.0
 17063,"Grundy, IL",2020,4442099.0
 17065,"Hamilton, IL",2020,296262.0
 17067,"Hancock, IL",2020,552871.0
 17069,"Hardin, IL",2020,77242.0
 17071,"Henderson, IL",2020,168066.0
 17073,"Henry, IL",2020,1574403.0
 17075,"Iroquois, IL",2020,1041859.0
 17077,"Jackson, IL",2020,2660555.0
 17079,"Jasper, IL",2020,439242.0
 17081,"Jefferson, IL",2020,1867617.0
 17083,"Jersey, IL",2020,525201.0
 17085,"Jo Daviess, IL",2020,806463.0
 17087,"Johnson, IL",2020,233076.0
 17089,"Kane, IL",2020,27753333.0
 17091,"Kankakee, IL",2020,6511577.0
 17093,"Kendall, IL",2020,3820189.0
 17095,"Knox, IL",2020,1797521.0
 17097,"Lake, IL",2020,64907197.0
 17099,"LaSalle, IL",2020,5913179.0
 17101,"Lawrence, IL",2020,507879.0
 17103,"Lee, IL",2020,1615443.0
 17105,"Livingston, IL",2020,1970569.0
 17107,"Logan, IL",2020,1050249.0
 17109,"McDonough, IL",2020,1135167.0
 17111,"McHenry, IL",2020,11763523.0
 17113,"McLean, IL",2020,13309849.0
 17115,"Macon, IL",2020,6785889.0
 17117,"Macoupin, IL",2020,1212295.0
 17119,"Madison, IL",2020,10972323.0
 17121,"Marion, IL",2020,1336518.0
 17123,"Marshall, IL",2020,409749.0
 17125,"Mason, IL",2020,416213.0
 17127,"Massac, IL",2020,629819.0
 17129,"Menard, IL",2020,250541.0
 17131,"Mercer, IL",2020,413949.0
 17133,"Monroe, IL",2020,925928.0
 17135,"Montgomery, IL",2020,1099681.0
 17137,"Morgan, IL",2020,1601777.0
 17139,"Moultrie, IL",2020,826512.0
 17141,"Ogle, IL",2020,2917402.0
 17143,"Peoria, IL",2020,12948353.0
 17145,"Perry, IL",2020,607884.0
 17147,"Piatt, IL",2020,513645.0
 17149,"Pike, IL",2020,542911.0
 17151,"Pope, IL",2020,57127.0
 17153,"Pulaski, IL",2020,170387.0
 17155,"Putnam, IL",2020,291784.0
 17157,"Randolph, IL",2020,1418460.0
 17159,"Richland, IL",2020,587140.0
 17161,"Rock Island, IL",2020,10378195.0
 17163,"St. Clair, IL",2020,11992646.0
 17165,"Saline, IL",2020,771767.0
 17167,"Sangamon, IL",2020,11397251.0
 17169,"Schuyler, IL",2020,251111.0
 17171,"Scott, IL",2020,150681.0
 17173,"Shelby, IL",2020,789719.0
 17175,"Stark, IL",2020,225771.0
 17177,"Stephenson, IL",2020,1870409.0
 17179,"Tazewell, IL",2020,5712866.0
 17181,"Union, IL",2020,432973.0
 17183,"Vermilion, IL",2020,3238180.0
 17185,"Wabash, IL",2020,341829.0
 17187,"Warren, IL",2020,813985.0
 17189,"Washington, IL",2020,1058161.0
 17191,"Wayne, IL",2020,454260.0
 17193,"White, IL",2020,449089.0
 17195,"Whiteside, IL",2020,2172916.0
 17197,"Will, IL",2020,35659262.0
 17199,"Williamson, IL",2020,2968551.0
 17201,"Winnebago, IL",2020,13773183.0
 17203,"Woodford, IL",2020,1248907.0
 18000,Indiana,2020,378633554.0
 18001,"Adams, IN",2020,1754057.0
 18003,"Allen, IN",2020,21447632.0
 18005,"Bartholomew, IN",2020,6717957.0
 18007,"Benton, IN",2020,519823.0
 18009,"Blackford, IN",2020,340033.0
 18011,"Boone, IN",2020,4054806.0
 18013,"Brown, IN",2020,290549.0
 18015,"Carroll, IN",2020,719387.0
 18017,"Cass, IN",2020,1486262.0
 18019,"Clark, IN",2020,5784565.0
 18021,"Clay, IN",2020,800044.0
 18023,"Clinton, IN",2020,1542981.0
 18025,"Crawford, IN",2020,197851.0
 18027,"Daviess, IN",2020,1470085.0
 18029,"Dearborn, IN",2020,1962532.0
 18031,"Decatur, IN",2020,1649023.0
 18033,"DeKalb, IN",2020,2490312.0
 18035,"Delaware, IN",2020,4303498.0
 18037,"Dubois, IN",2020,2795034.0
 18039,"Elkhart, IN",2020,16106471.0
 18041,"Fayette, IN",2020,572413.0
 18043,"Floyd, IN",2020,2973577.0
 18045,"Fountain, IN",2020,474128.0
 18047,"Franklin, IN",2020,543910.0
 18049,"Fulton, IN",2020,707993.0
 18051,"Gibson, IN",2020,3420104.0
 18053,"Grant, IN",2020,2458189.0
 18055,"Greene, IN",2020,652654.0
 18057,"Hamilton, IN",2020,21346964.0
 18059,"Hancock, IN",2020,3456834.0
 18061,"Harrison, IN",2020,1222892.0
 18063,"Hendricks, IN",2020,7544250.0
 18065,"Henry, IN",2020,1454214.0
 18067,"Howard, IN",2020,4218662.0
 18069,"Huntington, IN",2020,1483697.0
 18071,"Jackson, IN",2020,2597462.0
 18073,"Jasper, IN",2020,1537337.0
 18075,"Jay, IN",2020,898631.0
 18077,"Jefferson, IN",2020,1566338.0
 18079,"Jennings, IN",2020,742297.0
 18081,"Johnson, IN",2020,5958892.0
 18083,"Knox, IN",2020,1933649.0
 18085,"Kosciusko, IN",2020,6178929.0
 18087,"Lagrange, IN",2020,1721104.0
 18089,"Lake, IN",2020,21965299.0
 18091,"LaPorte, IN",2020,4171122.0
 18093,"Lawrence, IN",2020,1331933.0
 18095,"Madison, IN",2020,4028418.0
 18097,"Marion, IN",2020,99692169.0
 18099,"Marshall, IN",2020,1708029.0
 18101,"Martin, IN",2020,1196810.0
 18103,"Miami, IN",2020,971894.0
 18105,"Monroe, IN",2020,7269168.0
 18107,"Montgomery, IN",2020,1645445.0
 18109,"Morgan, IN",2020,2000650.0
 18111,"Newton, IN",2020,373006.0
 18113,"Noble, IN",2020,1945105.0
 18115,"Ohio, IN",2020,131779.0
 18117,"Orange, IN",2020,634542.0
 18119,"Owen, IN",2020,564983.0
 18121,"Parke, IN",2020,399571.0
 18123,"Perry, IN",2020,692549.0
 18125,"Pike, IN",2020,686156.0
 18127,"Porter, IN",2020,7107822.0
 18129,"Posey, IN",2020,2725155.0
 18131,"Pulaski, IN",2020,671198.0
 18133,"Putnam, IN",2020,1159615.0
 18135,"Randolph, IN",2020,787184.0
 18137,"Ripley, IN",2020,1211891.0
 18139,"Rush, IN",2020,584403.0
 18141,"St. Joseph, IN",2020,14603337.0
 18143,"Scott, IN",2020,733337.0
 18145,"Shelby, IN",2020,2004065.0
 18147,"Spencer, IN",2020,922830.0
 18149,"Starke, IN",2020,570699.0
 18151,"Steuben, IN",2020,1475700.0
 18153,"Sullivan, IN",2020,851603.0
 18155,"Switzerland, IN",2020,236285.0
 18157,"Tippecanoe, IN",2020,10269568.0
 18159,"Tipton, IN",2020,638947.0
 18161,"Union, IN",2020,152600.0
 18163,"Vanderburgh, IN",2020,11555295.0
 18165,"Vermillion, IN",2020,923880.0
 18167,"Vigo, IN",2020,4816077.0
 18169,"Wabash, IN",2020,1195985.0
 18171,"Warren, IN",2020,236431.0
 18173,"Warrick, IN",2020,2433351.0
 18175,"Washington, IN",2020,650826.0
 18177,"Wayne, IN",2020,2877472.0
 18179,"Wells, IN",2020,1119241.0
 18181,"White, IN",2020,1085111.0
 18183,"Whitley, IN",2020,1527000.0
 19000,Iowa,2020,198609585.0
 19001,"Adair, IA",2020,469924.0
 19003,"Adams, IA",2020,203772.0
 19005,"Allamakee, IA",2020,628017.0
 19007,"Appanoose, IA",2020,433459.0
 19009,"Audubon, IA",2020,289211.0
 19011,"Benton, IA",2020,894992.0
 19013,"Black Hawk, IA",2020,8270428.0
 19015,"Boone, IA",2020,1079813.0
 19017,"Bremer, IA",2020,1156974.0
 19019,"Buchanan, IA",2020,785062.0
 19021,"Buena Vista, IA",2020,1295395.0
 19023,"Butler, IA",2020,426349.0
 19025,"Calhoun, IA",2020,390937.0
 19027,"Carroll, IA",2020,1359345.0
 19029,"Cass, IA",2020,676071.0
 19031,"Cedar, IA",2020,594406.0
 19033,"Cerro Gordo, IA",2020,2598033.0
 19035,"Cherokee, IA",2020,652249.0
 19037,"Chickasaw, IA",2020,622330.0
 19039,"Clarke, IA",2020,422953.0
 19041,"Clay, IA",2020,1060519.0
 19043,"Clayton, IA",2020,849525.0
 19045,"Clinton, IA",2020,2304064.0
 19047,"Crawford, IA",2020,761344.0
 19049,"Dallas, IA",2020,7009668.0
 19051,"Davis, IA",2020,263533.0
 19053,"Decatur, IA",2020,219868.0
 19055,"Delaware, IA",2020,917074.0
 19057,"Des Moines, IA",2020,2303670.0
 19059,"Dickinson, IA",2020,1022208.0
 19061,"Dubuque, IA",2020,7065775.0
 19063,"Emmet, IA",2020,356279.0
 19065,"Fayette, IA",2020,749562.0
 19067,"Floyd, IA",2020,787352.0
 19069,"Franklin, IA",2020,560654.0
 19071,"Fremont, IA",2020,314823.0
 19073,"Greene, IA",2020,489284.0
 19075,"Grundy, IA",2020,532619.0
 19077,"Guthrie, IA",2020,476241.0
 19079,"Hamilton, IA",2020,694639.0
 19081,"Hancock, IA",2020,744122.0
 19083,"Hardin, IA",2020,770837.0
 19085,"Harrison, IA",2020,448369.0
 19087,"Henry, IA",2020,969650.0
 19089,"Howard, IA",2020,453676.0
 19091,"Humboldt, IA",2020,443970.0
 19093,"Ida, IA",2020,619634.0
 19095,"Iowa, IA",2020,1030812.0
 19097,"Jackson, IA",2020,694860.0
 19099,"Jasper, IA",2020,1259570.0
 19101,"Jefferson, IA",2020,716649.0
 19103,"Johnson, IA",2020,10120081.0
 19105,"Jones, IA",2020,661781.0
 19107,"Keokuk, IA",2020,319249.0
 19109,"Kossuth, IA",2020,843025.0
 19111,"Lee, IA",2020,1949830.0
 19113,"Linn, IA",2020,17475787.0
 19115,"Louisa, IA",2020,679489.0
 19117,"Lucas, IA",2020,338234.0
 19119,"Lyon, IA",2020,853418.0
 19121,"Madison, IA",2020,451958.0
 19123,"Mahaska, IA",2020,873689.0
 19125,"Marion, IA",2020,2281647.0
 19127,"Marshall, IA",2020,1952680.0
 19129,"Mills, IA",2020,560587.0
 19131,"Mitchell, IA",2020,605127.0
 19133,"Monona, IA",2020,315858.0
 19135,"Monroe, IA",2020,432175.0
 19137,"Montgomery, IA",2020,439631.0
 19139,"Muscatine, IA",2020,2635606.0
 19141,"O'Brien, IA",2020,884471.0
 19143,"Osceola, IA",2020,331263.0
 19145,"Page, IA",2020,623736.0
 19147,"Palo Alto, IA",2020,468045.0
 19149,"Plymouth, IA",2020,1387053.0
 19151,"Pocahontas, IA",2020,472117.0
 19153,"Polk, IA",2020,49039181.0
 19155,"Pottawattamie, IA",2020,4365634.0
 19157,"Poweshiek, IA",2020,1216059.0
 19159,"Ringgold, IA",2020,178852.0
 19161,"Sac, IA",2020,482543.0
 19163,"Scott, IA",2020,9848676.0
 19165,"Shelby, IA",2020,695594.0
 19167,"Sioux, IA",2020,2543259.0
 19169,"Story, IA",2020,5869528.0
 19171,"Tama, IA",2020,682527.0
 19173,"Taylor, IA",2020,256711.0
 19175,"Union, IA",2020,710100.0
 19177,"Van Buren, IA",2020,228190.0
 19179,"Wapello, IA",2020,1743486.0
 19181,"Warren, IA",2020,1371403.0
 19183,"Washington, IA",2020,1050136.0
 19185,"Wayne, IA",2020,233490.0
 19187,"Webster, IA",2020,2064932.0
 19189,"Winnebago, IA",2020,458928.0
 19191,"Winneshiek, IA",2020,1055633.0
 19193,"Woodbury, IA",2020,5448877.0
 19195,"Worth, IA",2020,310716.0
 19197,"Wright, IA",2020,658018.0
 20000,Kansas,2020,177209634.0
 20001,"Allen, KS",2020,584556.0
 20003,"Anderson, KS",2020,319388.0
 20005,"Atchison, KS",2020,722357.0
 20007,"Barber, KS",2020,187634.0
 20009,"Barton, KS",2020,1300180.0
 20011,"Bourbon, KS",2020,620922.0
 20013,"Brown, KS",2020,559573.0
 20015,"Butler, KS",2020,2443708.0
 20017,"Chase, KS",2020,137898.0
 20019,"Chautauqua, KS",2020,74489.0
 20021,"Cherokee, KS",2020,858608.0
 20023,"Cheyenne, KS",2020,126937.0
 20025,"Clark, KS",2020,193839.0
 20027,"Clay, KS",2020,300511.0
 20029,"Cloud, KS",2020,419253.0
 20031,"Coffey, KS",2020,911677.0
 20033,"Comanche, KS",2020,54951.0
 20035,"Cowley, KS",2020,1331555.0
 20037,"Crawford, KS",2020,1791949.0
 20039,"Decatur, KS",2020,145210.0
 20041,"Dickinson, KS",2020,660239.0
 20043,"Doniphan, KS",2020,285709.0
 20045,"Douglas, KS",2020,5375168.0
 20047,"Edwards, KS",2020,166071.0
 20049,"Elk, KS",2020,81051.0
 20051,"Ellis, KS",2020,1660426.0
 20053,"Ellsworth, KS",2020,291105.0
 20055,"Finney, KS",2020,2282248.0
 20057,"Ford, KS",2020,2404416.0
 20059,"Franklin, KS",2020,937353.0
 20061,"Geary, KS",2020,3144046.0
 20063,"Gove, KS",2020,171160.0
 20065,"Graham, KS",2020,129070.0
 20067,"Grant, KS",2020,471051.0
 20069,"Gray, KS",2020,605030.0
 20071,"Greeley, KS",2020,138481.0
 20073,"Greenwood, KS",2020,158645.0
 20075,"Hamilton, KS",2020,238596.0
 20077,"Harper, KS",2020,291567.0
 20079,"Harvey, KS",2020,1388322.0
 20081,"Haskell, KS",2020,321152.0
 20083,"Hodgeman, KS",2020,114577.0
 20085,"Jackson, KS",2020,396545.0
 20087,"Jefferson, KS",2020,464231.0
 20089,"Jewell, KS",2020,112893.0
 20091,"Johnson, KS",2020,52572383.0
 20093,"Kearny, KS",2020,205621.0
 20095,"Kingman, KS",2020,369325.0
 20097,"Kiowa, KS",2020,139320.0
 20099,"Labette, KS",2020,879340.0
 20101,"Lane, KS",2020,111799.0
 20103,"Leavenworth, KS",2020,3116324.0
 20105,"Lincoln, KS",2020,139397.0
 20107,"Linn, KS",2020,543431.0
 20109,"Logan, KS",2020,161986.0
 20111,"Lyon, KS",2020,1516718.0
 20113,"McPherson, KS",2020,1943721.0
 20115,"Marion, KS",2020,411401.0
 20117,"Marshall, KS",2020,577445.0
 20119,"Meade, KS",2020,238799.0
 20121,"Miami, KS",2020,1062631.0
 20123,"Mitchell, KS",2020,522890.0
 20125,"Montgomery, KS",2020,1569647.0
 20127,"Morris, KS",2020,196884.0
 20129,"Morton, KS",2020,134608.0
 20131,"Nemaha, KS",2020,536195.0
 20133,"Neosho, KS",2020,603752.0
 20135,"Ness, KS",2020,180341.0
 20137,"Norton, KS",2020,260847.0
 20139,"Osage, KS",2020,346090.0
 20141,"Osborne, KS",2020,183552.0
 20143,"Ottawa, KS",2020,132059.0
 20145,"Pawnee, KS",2020,289583.0
 20147,"Phillips, KS",2020,303230.0
 20149,"Pottawatomie, KS",2020,1315692.0
 20151,"Pratt, KS",2020,591729.0
 20153,"Rawlins, KS",2020,146582.0
 20155,"Reno, KS",2020,2748662.0
 20157,"Republic, KS",2020,208523.0
 20159,"Rice, KS",2020,551286.0
 20161,"Riley, KS",2020,2902571.0
 20163,"Rooks, KS",2020,191583.0
 20165,"Rush, KS",2020,148954.0
 20167,"Russell, KS",2020,274342.0
 20169,"Saline, KS",2020,2910575.0
 20171,"Scott, KS",2020,349806.0
 20173,"Sedgwick, KS",2020,31893405.0
 20175,"Seward, KS",2020,1306667.0
 20177,"Shawnee, KS",2020,11187722.0
 20179,"Sheridan, KS",2020,155392.0
 20181,"Sherman, KS",2020,312337.0
 20183,"Smith, KS",2020,179674.0
 20185,"Stafford, KS",2020,176051.0
 20187,"Stanton, KS",2020,200376.0
 20189,"Stevens, KS",2020,312234.0
 20191,"Sumner, KS",2020,741556.0
 20193,"Thomas, KS",2020,616905.0
 20195,"Trego, KS",2020,162128.0
 20197,"Wabaunsee, KS",2020,154627.0
 20199,"Wallace, KS",2020,100255.0
 20201,"Washington, KS",2020,245787.0
 20203,"Wichita, KS",2020,207800.0
 20205,"Wilson, KS",2020,317070.0
 20207,"Woodson, KS",2020,77050.0
 20209,"Wyandotte, KS",2020,11898625.0
 21000,Kentucky,2020,218539716.0
 21001,"Adair, KY",2020,405648.0
 21003,"Allen, KY",2020,465266.0
 21005,"Anderson, KY",2020,583922.0
 21007,"Ballard, KY",2020,223080.0
 21009,"Barren, KY",2020,1465291.0
 21011,"Bath, KY",2020,209139.0
 21013,"Bell, KY",2020,750454.0
 21015,"Boone, KY",2020,12508865.0
 21017,"Bourbon, KY",2020,855063.0
 21019,"Boyd, KY",2020,2571695.0
 21021,"Boyle, KY",2020,1283246.0
 21023,"Bracken, KY",2020,166467.0
 21025,"Breathitt, KY",2020,220256.0
 21027,"Breckinridge, KY",2020,404759.0
 21029,"Bullitt, KY",2020,2741176.0
 21031,"Butler, KY",2020,301744.0
 21033,"Caldwell, KY",2020,414528.0
 21035,"Calloway, KY",2020,1523105.0
 21037,"Campbell, KY",2020,3597272.0
 21039,"Carlisle, KY",2020,166997.0
 21041,"Carroll, KY",2020,1882031.0
 21043,"Carter, KY",2020,532812.0
 21045,"Casey, KY",2020,369232.0
 21047,"Christian, KY",2020,6243292.0
 21049,"Clark, KY",2020,1566549.0
 21051,"Clay, KY",2020,386065.0
 21053,"Clinton, KY",2020,359305.0
 21055,"Crittenden, KY",2020,181418.0
 21057,"Cumberland, KY",2020,176251.0
 21059,"Daviess, KY",2020,4928529.0
 21061,"Edmonson, KY",2020,194627.0
 21063,"Elliott, KY",2020,83904.0
 21065,"Estill, KY",2020,228063.0
 21067,"Fayette, KY",2020,21113904.0
 21069,"Fleming, KY",2020,341277.0
 21071,"Floyd, KY",2020,1081904.0
 21073,"Franklin, KY",2020,3328825.0
 21075,"Fulton, KY",2020,199343.0
 21077,"Gallatin, KY",2020,336205.0
 21079,"Garrard, KY",2020,275432.0
 21081,"Grant, KY",2020,539533.0
 21083,"Graves, KY",2020,1259213.0
 21085,"Grayson, KY",2020,770349.0
 21087,"Green, KY",2020,188178.0
 21089,"Greenup, KY",2020,803374.0
 21091,"Hancock, KY",2020,698151.0
 21093,"Hardin, KY",2020,5504812.0
 21095,"Harlan, KY",2020,510308.0
 21097,"Harrison, KY",2020,525480.0
 21099,"Hart, KY",2020,602184.0
 21101,"Henderson, KY",2020,1987604.0
 21103,"Henry, KY",2020,324480.0
 21105,"Hickman, KY",2020,139395.0
 21107,"Hopkins, KY",2020,1801466.0
 21109,"Jackson, KY",2020,179715.0
 21111,"Jefferson, KY",2020,59808029.0
 21113,"Jessamine, KY",2020,2182239.0
 21115,"Johnson, KY",2020,460248.0
 21117,"Kenton, KY",2020,9600487.0
 21119,"Knott, KY",2020,230680.0
 21121,"Knox, KY",2020,646747.0
 21123,"Larue, KY",2020,248247.0
 21125,"Laurel, KY",2020,2305694.0
 21127,"Lawrence, KY",2020,377212.0
 21129,"Lee, KY",2020,130773.0
 21131,"Leslie, KY",2020,162177.0
 21133,"Letcher, KY",2020,356894.0
 21135,"Lewis, KY",2020,210961.0
 21137,"Lincoln, KY",2020,437173.0
 21139,"Livingston, KY",2020,324445.0
 21141,"Logan, KY",2020,1089370.0
 21143,"Lyon, KY",2020,242141.0
 21145,"McCracken, KY",2020,4568482.0
 21147,"McCreary, KY",2020,283690.0
 21149,"McLean, KY",2020,201251.0
 21151,"Madison, KY",2020,3071336.0
 21153,"Magoffin, KY",2020,159606.0
 21155,"Marion, KY",2020,941765.0
 21157,"Marshall, KY",2020,1500205.0
 21159,"Martin, KY",2020,201084.0
 21161,"Mason, KY",2020,1174257.0
 21163,"Meade, KY",2020,572465.0
 21165,"Menifee, KY",2020,96205.0
 21167,"Mercer, KY",2020,796614.0
 21169,"Metcalfe, KY",2020,182896.0
 21171,"Monroe, KY",2020,318227.0
 21173,"Montgomery, KY",2020,1037255.0
 21175,"Morgan, KY",2020,269574.0
 21177,"Muhlenberg, KY",2020,1136107.0
 21179,"Nelson, KY",2020,1719608.0
 21181,"Nicholas, KY",2020,95097.0
 21183,"Ohio, KY",2020,780840.0
 21185,"Oldham, KY",2020,1941403.0
 21187,"Owen, KY",2020,182939.0
 21189,"Owsley, KY",2020,52920.0
 21191,"Pendleton, KY",2020,300265.0
 21193,"Perry, KY",2020,962237.0
 21195,"Pike, KY",2020,2001090.0
 21197,"Powell, KY",2020,244760.0
 21199,"Pulaski, KY",2020,2257543.0
 21201,"Robertson, KY",2020,29096.0
 21203,"Rockcastle, KY",2020,355204.0
 21205,"Rowan, KY",2020,777351.0
 21207,"Russell, KY",2020,661429.0
 21209,"Scott, KY",2020,3550464.0
 21211,"Shelby, KY",2020,1701340.0
 21213,"Simpson, KY",2020,939321.0
 21215,"Spencer, KY",2020,331765.0
 21217,"Taylor, KY",2020,936649.0
 21219,"Todd, KY",2020,357456.0
 21221,"Trigg, KY",2020,284828.0
 21223,"Trimble, KY",2020,574582.0
 21225,"Union, KY",2020,770896.0
 21227,"Warren, KY",2020,7366637.0
 21229,"Washington, KY",2020,327211.0
 21231,"Wayne, KY",2020,466180.0
 21233,"Webster, KY",2020,389578.0
 21235,"Whitley, KY",2020,1109578.0
 21237,"Wolfe, KY",2020,111305.0
 21239,"Woodford, KY",2020,1134425.0
 22000,Louisiana,2020,236216320.0
 22001,"Acadia, LA",2020,1628503.0
 22003,"Allen, LA",2020,759217.0
 22005,"Ascension, LA",2020,8404607.0
 22007,"Assumption, LA",2020,493616.0
 22009,"Avoyelles, LA",2020,966907.0
 22011,"Beauregard, LA",2020,1491175.0
 22013,"Bienville, LA",2020,483718.0
 22015,"Bossier, LA",2020,5287393.0
 22017,"Caddo, LA",2020,12857561.0
 22019,"Calcasieu, LA",2020,12661389.0
 22021,"Caldwell, LA",2020,205834.0
 22023,"Cameron, LA",2020,1078392.0
 22025,"Catahoula, LA",2020,193289.0
 22027,"Claiborne, LA",2020,348495.0
 22029,"Concordia, LA",2020,589958.0
 22031,"De Soto, LA",2020,1620658.0
 22033,"East Baton Rouge, LA",2020,33872056.0
 22035,"East Carroll, LA",2020,171065.0
 22037,"East Feliciana, LA",2020,520004.0
 22039,"Evangeline, LA",2020,890654.0
 22041,"Franklin, LA",2020,506868.0
 22043,"Grant, LA",2020,416633.0
 22045,"Iberia, LA",2020,2958556.0
 22047,"Iberville, LA",2020,2595586.0
 22049,"Jackson, LA",2020,433376.0
 22051,"Jefferson, LA",2020,24043971.0
 22053,"Jefferson Davis, LA",2020,885255.0
 22055,"Lafayette, LA",2020,14376691.0
 22057,"Lafourche, LA",2020,3927363.0
 22059,"LaSalle, LA",2020,465422.0
 22061,"Lincoln, LA",2020,2051680.0
 22063,"Livingston, LA",2020,3376779.0
 22065,"Madison, LA",2020,340405.0
 22067,"Morehouse, LA",2020,625048.0
 22069,"Natchitoches, LA",2020,1484727.0
 22071,"Orleans, LA",2020,23401307.0
 22073,"Ouachita, LA",2020,7226132.0
 22075,"Plaquemines, LA",2020,2353819.0
 22077,"Pointe Coupee, LA",2020,749862.0
 22079,"Rapides, LA",2020,6031100.0
 22081,"Red River, LA",2020,427618.0
 22083,"Richland, LA",2020,674988.0
 22085,"Sabine, LA",2020,716127.0
 22087,"St. Bernard, LA",2020,1258624.0
 22089,"St. Charles, LA",2020,6991977.0
 22091,"St. Helena, LA",2020,203669.0
 22093,"St. James, LA",2020,2123620.0
 22095,"St. John the Baptist, LA",2020,2472466.0
 22097,"St. Landry, LA",2020,2499859.0
 22099,"St. Martin, LA",2020,1318812.0
 22101,"St. Mary, LA",2020,2485043.0
 22103,"St. Tammany, LA",2020,12777440.0
 22105,"Tangipahoa, LA",2020,4477917.0
 22107,"Tensas, LA",2020,120036.0
 22109,"Terrebonne, LA",2020,5233072.0
 22111,"Union, LA",2020,477383.0
 22113,"Vermilion, LA",2020,1432434.0
 22115,"Vernon, LA",2020,2158156.0
 22117,"Washington, LA",2020,1080938.0
 22119,"Webster, LA",2020,1179662.0
 22121,"West Baton Rouge, LA",2020,1575960.0
 22123,"West Carroll, LA",2020,210711.0
 22125,"West Feliciana, LA",2020,1023839.0
 22127,"Winn, LA",2020,520898.0
 23000,Maine,2020,72077093.0
 23001,"Androscoggin, ME",2020,5346444.0
 23003,"Aroostook, ME",2020,2770510.0
 23005,"Cumberland, ME",2020,24768474.0
 23007,"Franklin, ME",2020,1200330.0
 23009,"Hancock, ME",2020,2629301.0
 23011,"Kennebec, ME",2020,6293448.0
 23013,"Knox, ME",2020,1986085.0
 23015,"Lincoln, ME",2020,1274907.0
 23017,"Oxford, ME",2020,1899977.0
 23019,"Penobscot, ME",2020,7275744.0
 23021,"Piscataquis, ME",2020,657417.0
 23023,"Sagadahoc, ME",2020,1975923.0
 23025,"Somerset, ME",2020,1865003.0
 23027,"Waldo, ME",2020,1526360.0
 23029,"Washington, ME",2020,1174035.0
 23031,"York, ME",2020,9433134.0
 24000,Maryland,2020,413455358.0
 24001,"Allegany, MD",2020,3071071.0
 24003,"Anne Arundel, MD",2020,51531050.0
 24005,"Baltimore, MD",2020,55501227.0
 24009,"Calvert, MD",2020,4824933.0
 24011,"Caroline, MD",2020,1126788.0
 24013,"Carroll, MD",2020,6569570.0
 24015,"Cecil, MD",2020,5114697.0
 24017,"Charles, MD",2020,6196699.0
 24019,"Dorchester, MD",2020,1370446.0
 24021,"Frederick, MD",2020,14345687.0
 24023,"Garrett, MD",2020,1358093.0
 24025,"Harford, MD",2020,13869491.0
 24027,"Howard, MD",2020,28704159.0
 24029,"Kent, MD",2020,976595.0
 24031,"Montgomery, MD",2020,93830915.0
 24033,"Prince George's, MD",2020,47625162.0
 24035,"Queen Anne's, MD",2020,1898383.0
 24037,"St. Mary's, MD",2020,8368055.0
 24039,"Somerset, MD",2020,855438.0
 24041,"Talbot, MD",2020,2028516.0
 24043,"Washington, MD",2020,7093380.0
 24045,"Wicomico, MD",2020,5238988.0
 24047,"Worcester, MD",2020,2751819.0
 24510,"Baltimore (Independent City), MD",2020,49204196.0
 25000,Massachusetts,2020,592653028.0
 25001,"Barnstable, MA",2020,13698531.0
 25003,"Berkshire, MA",2020,7277627.0
 25005,"Bristol, MA",2020,27792387.0
 25007,"Dukes, MA",2020,1524578.0
 25009,"Essex, MA",2020,46871646.0
 25011,"Franklin, MA",2020,3152977.0
 25013,"Hampden, MA",2020,24108932.0
 25015,"Hampshire, MA",2020,8130621.0
 25017,"Middlesex, MA",2020,182479403.0
 25019,"Nantucket, MA",2020,1358799.0
 25021,"Norfolk, MA",2020,56293506.0
 25023,"Plymouth, MA",2020,27117735.0
 25025,"Suffolk, MA",2020,146582305.0
 25027,"Worcester, MA",2020,46263981.0
 26000,Michigan,2020,529675595.0
 26001,"Alcona, MI",2020,233971.0
 26003,"Alger, MI",2020,249113.0
 26005,"Allegan, MI",2020,4955089.0
 26007,"Alpena, MI",2020,1128840.0
 26009,"Antrim, MI",2020,608727.0
 26011,"Arenac, MI",2020,447878.0
 26013,"Baraga, MI",2020,290128.0
 26015,"Barry, MI",2020,1575898.0
 26017,"Bay, MI",2020,3767689.0
 26019,"Benzie, MI",2020,508290.0
 26021,"Berrien, MI",2020,7980891.0
 26023,"Branch, MI",2020,1445160.0
 26025,"Calhoun, MI",2020,6696111.0
 26027,"Cass, MI",2020,1142941.0
 26029,"Charlevoix, MI",2020,1161531.0
 26031,"Cheboygan, MI",2020,626875.0
 26033,"Chippewa, MI",2020,1158319.0
 26035,"Clare, MI",2020,1193397.0
 26037,"Clinton, MI",2020,2326296.0
 26039,"Crawford, MI",2020,443167.0
 26041,"Delta, MI",2020,1266267.0
 26043,"Dickinson, MI",2020,1375151.0
 26045,"Eaton, MI",2020,5463428.0
 26047,"Emmet, MI",2020,1783406.0
 26049,"Genesee, MI",2020,16086955.0
 26051,"Gladwin, MI",2020,515941.0
 26053,"Gogebic, MI",2020,489392.0
 26055,"Grand Traverse, MI",2020,5305722.0
 26057,"Gratiot, MI",2020,1516124.0
 26059,"Hillsdale, MI",2020,1593225.0
 26061,"Houghton, MI",2020,1147375.0
 26063,"Huron, MI",2020,1477604.0
 26065,"Ingham, MI",2020,18392174.0
 26067,"Ionia, MI",2020,1538454.0
 26069,"Iosco, MI",2020,936629.0
 26071,"Iron, MI",2020,335841.0
 26073,"Isabella, MI",2020,2542510.0
 26075,"Jackson, MI",2020,6778695.0
 26077,"Kalamazoo, MI",2020,15910076.0
 26079,"Kalkaska, MI",2020,564280.0
 26081,"Kent, MI",2020,45268429.0
 26083,"Keweenaw, MI",2020,51902.0
 26085,"Lake, MI",2020,254411.0
 26087,"Lapeer, MI",2020,2392106.0
 26089,"Leelanau, MI",2020,788003.0
 26091,"Lenawee, MI",2020,3200350.0
 26093,"Livingston, MI",2020,7431832.0
 26095,"Luce, MI",2020,157764.0
 26097,"Mackinac, MI",2020,427646.0
 26099,"Macomb, MI",2020,39896166.0
 26101,"Manistee, MI",2020,876820.0
 26103,"Marquette, MI",2020,2779311.0
 26105,"Mason, MI",2020,1052100.0
 26107,"Mecosta, MI",2020,1280513.0
 26109,"Menominee, MI",2020,691109.0
 26111,"Midland, MI",2020,5876141.0
 26113,"Missaukee, MI",2020,430705.0
 26115,"Monroe, MI",2020,5900133.0
 26117,"Montcalm, MI",2020,1670587.0
 26119,"Montmorency, MI",2020,264699.0
 26121,"Muskegon, MI",2020,6175054.0
 26123,"Newaygo, MI",2020,1430333.0
 26125,"Oakland, MI",2020,109657056.0
 26127,"Oceana, MI",2020,655437.0
 26129,"Ogemaw, MI",2020,575664.0
 26131,"Ontonagon, MI",2020,133916.0
 26133,"Osceola, MI",2020,783551.0
 26135,"Oscoda, MI",2020,199754.0
 26137,"Otsego, MI",2020,1122804.0
 26139,"Ottawa, MI",2020,15328468.0
 26141,"Presque Isle, MI",2020,359214.0
 26143,"Roscommon, MI",2020,642359.0
 26145,"Saginaw, MI",2020,8717058.0
 26147,"St. Clair, MI",2020,5703636.0
 26149,"St. Joseph, MI",2020,2114867.0
 26151,"Sanilac, MI",2020,1219649.0
 26153,"Schoolcraft, MI",2020,286649.0
 26155,"Shiawassee, MI",2020,1723498.0
 26157,"Tuscola, MI",2020,1348699.0
 26159,"Van Buren, MI",2020,3105063.0
 26161,"Washtenaw, MI",2020,26576769.0
 26163,"Wayne, MI",2020,96874025.0
 26165,"Wexford, MI",2020,1291785.0
 27000,Minnesota,2020,378746614.0
 27001,"Aitkin, MN",2020,505035.0
 27003,"Anoka, MN",2020,16395578.0
 27005,"Becker, MN",2020,1470452.0
 27007,"Beltrami, MN",2020,1951917.0
 27009,"Benton, MN",2020,1878988.0
 27011,"Big Stone, MN",2020,238534.0
 27013,"Blue Earth, MN",2020,4191063.0
 27015,"Brown, MN",2020,1423856.0
 27017,"Carlton, MN",2020,1421883.0
 27019,"Carver, MN",2020,5556299.0
 27021,"Cass, MN",2020,1021161.0
 27023,"Chippewa, MN",2020,579504.0
 27025,"Chisago, MN",2020,1671213.0
 27027,"Clay, MN",2020,2201630.0
 27029,"Clearwater, MN",2020,283938.0
 27031,"Cook, MN",2020,256389.0
 27033,"Cottonwood, MN",2020,678018.0
 27035,"Crow Wing, MN",2020,3025324.0
 27037,"Dakota, MN",2020,26828859.0
 27039,"Dodge, MN",2020,762534.0
 27041,"Douglas, MN",2020,2094421.0
 27043,"Faribault, MN",2020,520958.0
 27045,"Fillmore, MN",2020,689153.0
 27047,"Freeborn, MN",2020,1295645.0
 27049,"Goodhue, MN",2020,3000335.0
 27051,"Grant, MN",2020,284054.0
 27053,"Hennepin, MN",2020,144420996.0
 27055,"Houston, MN",2020,583912.0
 27057,"Hubbard, MN",2020,851037.0
 27059,"Isanti, MN",2020,1171282.0
 27061,"Itasca, MN",2020,2076686.0
 27063,"Jackson, MN",2020,650217.0
 27065,"Kanabec, MN",2020,449714.0
 27067,"Kandiyohi, MN",2020,2290941.0
 27069,"Kittson, MN",2020,235453.0
 27071,"Koochiching, MN",2020,506982.0
 27073,"Lac qui Parle, MN",2020,298360.0
 27075,"Lake, MN",2020,539059.0
 27077,"Lake of the Woods, MN",2020,202725.0
 27079,"Le Sueur, MN",2020,994837.0
 27081,"Lincoln, MN",2020,341908.0
 27083,"Lyon, MN",2020,1563226.0
 27085,"McLeod, MN",2020,1800010.0
 27087,"Mahnomen, MN",2020,170133.0
 27089,"Marshall, MN",2020,448004.0
 27091,"Martin, MN",2020,1008677.0
 27093,"Meeker, MN",2020,1164499.0
 27095,"Mille Lacs, MN",2020,838587.0
 27097,"Morrison, MN",2020,1168670.0
 27099,"Mower, MN",2020,2175510.0
 27101,"Murray, MN",2020,514302.0
 27103,"Nicollet, MN",2020,1543042.0
 27105,"Nobles, MN",2020,1293353.0
 27107,"Norman, MN",2020,243826.0
 27109,"Olmsted, MN",2020,12135904.0
 27111,"Otter Tail, MN",2020,2491907.0
 27113,"Pennington, MN",2020,1800233.0
 27115,"Pine, MN",2020,755566.0
 27117,"Pipestone, MN",2020,647683.0
 27119,"Polk, MN",2020,1468462.0
 27121,"Pope, MN",2020,557136.0
 27123,"Ramsey, MN",2020,44037037.0
 27125,"Red Lake, MN",2020,158899.0
 27127,"Redwood, MN",2020,864731.0
 27129,"Renville, MN",2020,758703.0
 27131,"Rice, MN",2020,2965407.0
 27133,"Rock, MN",2020,597620.0
 27135,"Roseau, MN",2020,1113154.0
 27137,"St. Louis, MN",2020,10477575.0
 27139,"Scott, MN",2020,6998604.0
 27141,"Sherburne, MN",2020,3648731.0
 27143,"Sibley, MN",2020,438261.0
 27145,"Stearns, MN",2020,9194222.0
 27147,"Steele, MN",2020,2298585.0
 27149,"Stevens, MN",2020,656382.0
 27151,"Swift, MN",2020,502074.0
 27153,"Todd, MN",2020,806872.0
 27155,"Traverse, MN",2020,215955.0
 27157,"Wabasha, MN",2020,811793.0
 27159,"Wadena, MN",2020,547124.0
 27161,"Waseca, MN",2020,755265.0
 27163,"Washington, MN",2020,12084102.0
 27165,"Watonwan, MN",2020,451327.0
 27167,"Wilkin, MN",2020,306152.0
 27169,"Winona, MN",2020,2461489.0
 27171,"Wright, MN",2020,5420483.0
 27173,"Yellow Medicine, MN",2020,546484.0
 28000,Mississippi,2020,116709381.0
 28001,"Adams, MS",2020,949957.0
 28003,"Alcorn, MS",2020,1345135.0
 28005,"Amite, MS",2020,263440.0
 28007,"Attala, MS",2020,539184.0
 28009,"Benton, MS",2020,322470.0
 28011,"Bolivar, MS",2020,1072306.0
 28013,"Calhoun, MS",2020,331089.0
 28015,"Carroll, MS",2020,119765.0
 28017,"Chickasaw, MS",2020,534928.0
 28019,"Choctaw, MS",2020,698376.0
 28021,"Claiborne, MS",2020,634032.0
 28023,"Clarke, MS",2020,297588.0
 28025,"Clay, MS",2020,536381.0
 28027,"Coahoma, MS",2020,710943.0
 28029,"Copiah, MS",2020,687087.0
 28031,"Covington, MS",2020,602327.0
 28033,"DeSoto, MS",2020,6708076.0
 28035,"Forrest, MS",2020,3720044.0
 28037,"Franklin, MS",2020,208666.0
 28039,"George, MS",2020,526192.0
 28041,"Greene, MS",2020,171845.0
 28043,"Grenada, MS",2020,970812.0
 28045,"Hancock, MS",2020,1713887.0
 28047,"Harrison, MS",2020,9443930.0
 28049,"Hinds, MS",2020,12855268.0
 28051,"Holmes, MS",2020,299385.0
 28053,"Humphreys, MS",2020,202073.0
 28055,"Issaquena, MS",2020,27341.0
 28057,"Itawamba, MS",2020,607039.0
 28059,"Jackson, MS",2020,6859845.0
 28061,"Jasper, MS",2020,473944.0
 28063,"Jefferson, MS",2020,99414.0
 28065,"Jefferson Davis, MS",2020,168344.0
 28067,"Jones, MS",2020,2576766.0
 28069,"Kemper, MS",2020,351227.0
 28071,"Lafayette, MS",2020,2274849.0
 28073,"Lamar, MS",2020,1867135.0
 28075,"Lauderdale, MS",2020,3552817.0
 28077,"Lawrence, MS",2020,337171.0
 28079,"Leake, MS",2020,524844.0
 28081,"Lee, MS",2020,4976427.0
 28083,"Leflore, MS",2020,1278038.0
 28085,"Lincoln, MS",2020,1182978.0
 28087,"Lowndes, MS",2020,3075093.0
 28089,"Madison, MS",2020,6731079.0
 28091,"Marion, MS",2020,863864.0
 28093,"Marshall, MS",2020,865629.0
 28095,"Monroe, MS",2020,1011739.0
 28097,"Montgomery, MS",2020,208189.0
 28099,"Neshoba, MS",2020,1048691.0
 28101,"Newton, MS",2020,511568.0
 28103,"Noxubee, MS",2020,252047.0
 28105,"Oktibbeha, MS",2020,1897036.0
 28107,"Panola, MS",2020,1153261.0
 28109,"Pearl River, MS",2020,1150249.0
 28111,"Perry, MS",2020,314507.0
 28113,"Pike, MS",2020,1179478.0
 28115,"Pontotoc, MS",2020,995402.0
 28117,"Prentiss, MS",2020,647027.0
 28119,"Quitman, MS",2020,102359.0
 28121,"Rankin, MS",2020,7225555.0
 28123,"Scott, MS",2020,1114821.0
 28125,"Sharkey, MS",2020,105760.0
 28127,"Simpson, MS",2020,619820.0
 28129,"Smith, MS",2020,363361.0
 28131,"Stone, MS",2020,413569.0
 28133,"Sunflower, MS",2020,720948.0
 28135,"Tallahatchie, MS",2020,299204.0
 28137,"Tate, MS",2020,534530.0
 28139,"Tippah, MS",2020,745772.0
 28141,"Tishomingo, MS",2020,624604.0
 28143,"Tunica, MS",2020,512410.0
 28145,"Union, MS",2020,1136345.0
 28147,"Walthall, MS",2020,270285.0
 28149,"Warren, MS",2020,2333311.0
 28151,"Washington, MS",2020,1542854.0
 28153,"Wayne, MS",2020,544438.0
 28155,"Webster, MS",2020,201182.0
 28157,"Wilkinson, MS",2020,156143.0
 28159,"Winston, MS",2020,499915.0
 28161,"Yalobusha, MS",2020,339466.0
 28163,"Yazoo, MS",2020,774504.0
 29000,Missouri,2020,335285051.0
 29001,"Adair, MO",2020,850303.0
 29003,"Andrew, MO",2020,336443.0
 29005,"Atchison, MO",2020,329813.0
 29007,"Audrain, MO",2020,906094.0
 29009,"Barry, MO",2020,1512935.0
 29011,"Barton, MO",2020,364613.0
 29013,"Bates, MO",2020,511808.0
 29015,"Benton, MO",2020,422654.0
 29017,"Bollinger, MO",2020,201515.0
 29019,"Boone, MO",2020,10164440.0
 29021,"Buchanan, MO",2020,5272202.0
 29023,"Butler, MO",2020,1553727.0
 29025,"Caldwell, MO",2020,237357.0
 29027,"Callaway, MO",2020,1880148.0
 29029,"Camden, MO",2020,1679240.0
 29031,"Cape Girardeau, MO",2020,4176613.0
 29033,"Carroll, MO",2020,334583.0
 29035,"Carter, MO",2020,129071.0
 29037,"Cass, MO",2020,3021526.0
 29039,"Cedar, MO",2020,303744.0
 29041,"Chariton, MO",2020,293833.0
 29043,"Christian, MO",2020,1943662.0
 29045,"Clark, MO",2020,157479.0
 29047,"Clay, MO",2020,13303946.0
 29049,"Clinton, MO",2020,423669.0
 29051,"Cole, MO",2020,5664828.0
 29053,"Cooper, MO",2020,470852.0
 29055,"Crawford, MO",2020,683622.0
 29057,"Dade, MO",2020,191894.0
 29059,"Dallas, MO",2020,275558.0
 29061,"Daviess, MO",2020,204963.0
 29063,"DeKalb, MO",2020,358720.0
 29065,"Dent, MO",2020,383225.0
 29067,"Douglas, MO",2020,227373.0
 29069,"Dunklin, MO",2020,715787.0
 29071,"Franklin, MO",2020,5077473.0
 29073,"Gasconade, MO",2020,479339.0
 29075,"Gentry, MO",2020,239549.0
 29077,"Greene, MO",2020,17887423.0
 29079,"Grundy, MO",2020,328297.0
 29081,"Harrison, MO",2020,276201.0
 29083,"Henry, MO",2020,740847.0
 29085,"Hickory, MO",2020,164943.0
 29087,"Holt, MO",2020,219402.0
 29089,"Howard, MO",2020,236409.0
 29091,"Howell, MO",2020,1331572.0
 29093,"Iron, MO",2020,422882.0
 29095,"Jackson, MO",2020,49522158.0
 29097,"Jasper, MO",2020,5571215.0
 29099,"Jefferson, MO",2020,5655276.0
 29101,"Johnson, MO",2020,2008233.0
 29103,"Knox, MO",2020,132668.0
 29105,"Laclede, MO",2020,1370619.0
 29107,"Lafayette, MO",2020,912505.0
 29109,"Lawrence, MO",2020,876489.0
 29111,"Lewis, MO",2020,246510.0
 29113,"Lincoln, MO",2020,1330930.0
 29115,"Linn, MO",2020,422845.0
 29117,"Livingston, MO",2020,597684.0
 29119,"McDonald, MO",2020,751633.0
 29121,"Macon, MO",2020,565971.0
 29123,"Madison, MO",2020,286529.0
 29125,"Maries, MO",2020,185983.0
 29127,"Marion, MO",2020,1274441.0
 29129,"Mercer, MO",2020,104855.0
 29131,"Miller, MO",2020,723493.0
 29133,"Mississippi, MO",2020,363851.0
 29135,"Moniteau, MO",2020,465039.0
 29137,"Monroe, MO",2020,201437.0
 29139,"Montgomery, MO",2020,365717.0
 29141,"Morgan, MO",2020,529141.0
 29143,"New Madrid, MO",2020,1041066.0
 29145,"Newton, MO",2020,2172911.0
 29147,"Nodaway, MO",2020,784200.0
 29149,"Oregon, MO",2020,214732.0
 29151,"Osage, MO",2020,433707.0
 29153,"Ozark, MO",2020,148230.0
 29155,"Pemiscot, MO",2020,464199.0
 29157,"Perry, MO",2020,1068930.0
 29159,"Pettis, MO",2020,2100201.0
 29161,"Phelps, MO",2020,1656719.0
 29163,"Pike, MO",2020,533453.0
 29165,"Platte, MO",2020,7212510.0
 29167,"Polk, MO",2020,827566.0
 29169,"Pulaski, MO",2020,2575702.0
 29171,"Putnam, MO",2020,126911.0
 29173,"Ralls, MO",2020,643629.0
 29175,"Randolph, MO",2020,1268680.0
 29177,"Ray, MO",2020,499703.0
 29179,"Reynolds, MO",2020,253696.0
 29181,"Ripley, MO",2020,221825.0
 29183,"St. Charles, MO",2020,18888798.0
 29185,"St. Clair, MO",2020,169034.0
 29186,"Ste. Genevieve, MO",2020,698747.0
 29187,"St. Francois, MO",2020,1846306.0
 29189,"St. Louis, MO",2020,85826199.0
 29195,"Saline, MO",2020,952608.0
 29197,"Schuyler, MO",2020,89065.0
 29199,"Scotland, MO",2020,158981.0
 29201,"Scott, MO",2020,1685646.0
 29203,"Shannon, MO",2020,138504.0
 29205,"Shelby, MO",2020,182963.0
 29207,"Stoddard, MO",2020,1071055.0
 29209,"Stone, MO",2020,737131.0
 29211,"Sullivan, MO",2020,486631.0
 29213,"Taney, MO",2020,2406872.0
 29215,"Texas, MO",2020,544559.0
 29217,"Vernon, MO",2020,824776.0
 29219,"Warren, MO",2020,906998.0
 29221,"Washington, MO",2020,425099.0
 29223,"Wayne, MO",2020,221948.0
 29225,"Webster, MO",2020,842894.0
 29227,"Worth, MO",2020,52166.0
 29229,"Wright, MO",2020,382368.0
 29510,"St. Louis (Independent City), MO",2020,30139332.0
 30000,Montana,2020,52958799.0
 30001,"Beaverhead, MT",2020,431394.0
 30003,"Big Horn, MT",2020,842973.0
 30005,"Blaine, MT",2020,175182.0
 30007,"Broadwater, MT",2020,193771.0
 30009,"Carbon, MT",2020,367401.0
 30011,"Carter, MT",2020,46194.0
 30013,"Cascade, MT",2020,3910051.0
 30015,"Chouteau, MT",2020,284261.0
 30017,"Custer, MT",2020,492592.0
 30019,"Daniels, MT",2020,116632.0
 30021,"Dawson, MT",2020,422776.0
 30023,"Deer Lodge, MT",2020,292356.0
 30025,"Fallon, MT",2020,178215.0
 30027,"Fergus, MT",2020,525411.0
 30029,"Flathead, MT",2020,4708064.0
 30031,"Gallatin, MT",2020,7109407.0
 30033,"Garfield, MT",2020,40100.0
 30035,"Glacier, MT",2020,462458.0
 30037,"Golden Valley, MT",2020,27009.0
 30039,"Granite, MT",2020,99584.0
 30041,"Hill, MT",2020,778153.0
 30043,"Jefferson, MT",2020,267722.0
 30045,"Judith Basin, MT",2020,107958.0
 30047,"Lake, MT",2020,936986.0
 30049,"Lewis and Clark, MT",2020,3878226.0
 30051,"Liberty, MT",2020,209036.0
 30053,"Lincoln, MT",2020,628084.0
 30055,"McCone, MT",2020,103595.0
 30057,"Madison, MT",2020,539072.0
 30059,"Meagher, MT",2020,56573.0
 30061,"Mineral, MT",2020,107602.0
 30063,"Missoula, MT",2020,6144895.0
 30065,"Musselshell, MT",2020,292536.0
 30067,"Park, MT",2020,645018.0
 30069,"Petroleum, MT",2020,12544.0
 30071,"Phillips, MT",2020,136522.0
 30073,"Pondera, MT",2020,265932.0
 30075,"Powder River, MT",2020,108870.0
 30077,"Powell, MT",2020,231517.0
 30079,"Prairie, MT",2020,40463.0
 30081,"Ravalli, MT",2020,1276338.0
 30083,"Richland, MT",2020,785267.0
 30085,"Roosevelt, MT",2020,418015.0
 30087,"Rosebud, MT",2020,729561.0
 30089,"Sanders, MT",2020,392824.0
 30091,"Sheridan, MT",2020,192117.0
 30093,"Silver Bow, MT",2020,1607171.0
 30095,"Stillwater, MT",2020,759663.0
 30097,"Sweet Grass, MT",2020,285168.0
 30099,"Teton, MT",2020,277997.0
 30101,"Toole, MT",2020,365710.0
 30103,"Treasure, MT",2020,84410.0
 30105,"Valley, MT",2020,336166.0
 30107,"Wheatland, MT",2020,90073.0
 30109,"Wibaux, MT",2020,40651.0
 30111,"Yellowstone, MT",2020,9100529.0
 31000,Nebraska,2020,135149414.0
 31001,"Adams, NE",2020,1918237.0
 31003,"Antelope, NE",2020,610370.0
 31005,"Arthur, NE",2020,19421.0
 31007,"Banner, NE",2020,37727.0
 31009,"Blaine, NE",2020,28035.0
 31011,"Boone, NE",2020,454982.0
 31013,"Box Butte, NE",2020,599542.0
 31015,"Boyd, NE",2020,110640.0
 31017,"Brown, NE",2020,214991.0
 31019,"Buffalo, NE",2020,3257052.0
 31021,"Burt, NE",2020,295375.0
 31023,"Butler, NE",2020,354183.0
 31025,"Cass, NE",2020,833741.0
 31027,"Cedar, NE",2020,453146.0
 31029,"Chase, NE",2020,344491.0
 31031,"Cherry, NE",2020,309152.0
 31033,"Cheyenne, NE",2020,549618.0
 31035,"Clay, NE",2020,355153.0
 31037,"Colfax, NE",2020,749934.0
 31039,"Cuming, NE",2020,771543.0
 31041,"Custer, NE",2020,721730.0
 31043,"Dakota, NE",2020,1607802.0
 31045,"Dawes, NE",2020,317947.0
 31047,"Dawson, NE",2020,1620058.0
 31049,"Deuel, NE",2020,79684.0
 31051,"Dixon, NE",2020,302075.0
 31053,"Dodge, NE",2020,2253623.0
 31055,"Douglas, NE",2020,51439075.0
 31057,"Dundy, NE",2020,194313.0
 31059,"Fillmore, NE",2020,377279.0
 31061,"Franklin, NE",2020,101479.0
 31063,"Frontier, NE",2020,101764.0
 31065,"Furnas, NE",2020,288765.0
 31067,"Gage, NE",2020,1025131.0
 31069,"Garden, NE",2020,78066.0
 31071,"Garfield, NE",2020,92773.0
 31073,"Gosper, NE",2020,86859.0
 31075,"Grant, NE",2020,28041.0
 31077,"Greeley, NE",2020,107216.0
 31079,"Hall, NE",2020,3752658.0
 31081,"Hamilton, NE",2020,678321.0
 31083,"Harlan, NE",2020,173646.0
 31085,"Hayes, NE",2020,89469.0
 31087,"Hitchcock, NE",2020,141950.0
 31089,"Holt, NE",2020,703510.0
 31091,"Hooker, NE",2020,30853.0
 31093,"Howard, NE",2020,232328.0
 31095,"Jefferson, NE",2020,472891.0
 31097,"Johnson, NE",2020,192350.0
 31099,"Kearney, NE",2020,348378.0
 31101,"Keith, NE",2020,415193.0
 31103,"Keya Paha, NE",2020,37866.0
 31105,"Kimball, NE",2020,183701.0
 31107,"Knox, NE",2020,516674.0
 31109,"Lancaster, NE",2020,20927978.0
 31111,"Lincoln, NE",2020,2265463.0
 31113,"Logan, NE",2020,32722.0
 31115,"Loup, NE",2020,31594.0
 31117,"McPherson, NE",2020,26590.0
 31119,"Madison, NE",2020,2534345.0
 31121,"Merrick, NE",2020,380222.0
 31123,"Morrill, NE",2020,546326.0
 31125,"Nance, NE",2020,125269.0
 31127,"Nemaha, NE",2020,640650.0
 31129,"Nuckolls, NE",2020,249009.0
 31131,"Otoe, NE",2020,1319538.0
 31133,"Pawnee, NE",2020,117051.0
 31135,"Perkins, NE",2020,315858.0
 31137,"Phelps, NE",2020,821364.0
 31139,"Pierce, NE",2020,330190.0
 31141,"Platte, NE",2020,2791215.0
 31143,"Polk, NE",2020,267931.0
 31145,"Red Willow, NE",2020,573261.0
 31147,"Richardson, NE",2020,372391.0
 31149,"Rock, NE",2020,95988.0
 31151,"Saline, NE",2020,1067394.0
 31153,"Sarpy, NE",2020,9938710.0
 31155,"Saunders, NE",2020,783987.0
 31157,"Scotts Bluff, NE",2020,1838011.0
 31159,"Seward, NE",2020,757105.0
 31161,"Sheridan, NE",2020,320453.0
 31163,"Sherman, NE",2020,111432.0
 31165,"Sioux, NE",2020,64590.0
 31167,"Stanton, NE",2020,269050.0
 31169,"Thayer, NE",2020,375575.0
 31171,"Thomas, NE",2020,34412.0
 31173,"Thurston, NE",2020,428859.0
 31175,"Valley, NE",2020,304343.0
 31177,"Washington, NE",2020,1343643.0
 31179,"Wayne, NE",2020,488576.0
 31181,"Webster, NE",2020,212870.0
 31183,"Wheeler, NE",2020,80900.0
 31185,"York, NE",2020,903748.0
 32000,Nevada,2020,176296282.0
 32001,"Churchill, NV",2020,1226927.0
 32003,"Clark, NV",2020,124255821.0
 32005,"Douglas, NV",2020,2631286.0
 32007,"Elko, NV",2020,2919945.0
 32009,"Esmeralda, NV",2020,41123.0
 32011,"Eureka, NV",2020,1592230.0
 32013,"Humboldt, NV",2020,1498587.0
 32015,"Lander, NV",2020,912519.0
 32017,"Lincoln, NV",2020,174774.0
 32019,"Lyon, NV",2020,1684171.0
 32021,"Mineral, NV",2020,240563.0
 32023,"Nye, NV",2020,1873978.0
 32027,"Pershing, NV",2020,374957.0
 32029,"Storey, NV",2020,2202202.0
 32031,"Washoe, NV",2020,30089965.0
 32033,"White Pine, NV",2020,786543.0
 32510,"Carson City (Independent City), NV",2020,3790688.0
 33000,New Hampshire,2020,88527655.0
 33001,"Belknap, NH",2020,3103821.0
 33003,"Carroll, NH",2020,2461832.0
 33005,"Cheshire, NH",2020,4130912.0
 33007,"Coos, NH",2020,1331297.0
 33009,"Grafton, NH",2020,7188680.0
 33011,"Hillsborough, NH",2020,28628021.0
 33013,"Merrimack, NH",2020,10297585.0
 33015,"Rockingham, NH",2020,23501115.0
 33017,"Strafford, NH",2020,6169259.0
 33019,"Sullivan, NH",2020,1715134.0
 34000,New Jersey,2020,631552251.0
 34001,"Atlantic, NJ",2020,13821698.0
 34003,"Bergen, NJ",2020,81603187.0
 34005,"Burlington, NJ",2020,30352457.0
 34007,"Camden, NJ",2020,25922982.0
 34009,"Cape May, NJ",2020,5667326.0
 34011,"Cumberland, NJ",2020,6664339.0
 34013,"Essex, NJ",2020,54388130.0
 34015,"Gloucester, NJ",2020,14256431.0
 34017,"Hudson, NJ",2020,48455125.0
 34019,"Hunterdon, NJ",2020,7826146.0
 34021,"Mercer, NJ",2020,40124295.0
 34023,"Middlesex, NJ",2020,65167146.0
 34025,"Monmouth, NJ",2020,38770870.0
 34027,"Morris, NJ",2020,57418800.0
 34029,"Ocean, NJ",2020,24003819.0
 34031,"Passaic, NJ",2020,21620517.0
 34033,"Salem, NJ",2020,5768964.0
 34035,"Somerset, NJ",2020,41706382.0
 34037,"Sussex, NJ",2020,5215848.0
 34039,"Union, NJ",2020,38682038.0
 34041,"Warren, NJ",2020,4115750.0
 35000,New Mexico,2020,100656362.0
 35001,"Bernalillo, NM",2020,40175735.0
 35003,"Catron, NM",2020,96198.0
 35005,"Chaves, NM",2020,2177845.0
 35006,"Cibola, NM",2020,685048.0
 35007,"Colfax, NM",2020,461250.0
 35009,"Curry, NM",2020,3306820.0
 35011,"De Baca, NM",2020,80702.0
 35013,"Doña Ana, NM",2020,7997018.0
 35015,"Eddy, NM",2020,5904338.0
 35017,"Grant, NM",2020,1063366.0
 35019,"Guadalupe, NM",2020,158892.0
 35021,"Harding, NM",2020,36639.0
 35023,"Hidalgo, NM",2020,212307.0
 35025,"Lea, NM",2020,5221038.0
 35027,"Lincoln, NM",2020,740414.0
 35028,"Los Alamos, NM",2020,2478939.0
 35029,"Luna, NM",2020,913839.0
 35031,"McKinley, NM",2020,2502608.0
 35033,"Mora, NM",2020,105959.0
 35035,"Otero, NM",2020,2984341.0
 35037,"Quay, NM",2020,308603.0
 35039,"Rio Arriba, NM",2020,1018331.0
 35041,"Roosevelt, NM",2020,672399.0
 35043,"Sandoval, NM",2020,3944546.0
 35045,"San Juan, NM",2020,5311398.0
 35047,"San Miguel, NM",2020,681976.0
 35049,"Santa Fe, NM",2020,7252660.0
 35051,"Sierra, NM",2020,330216.0
 35053,"Socorro, NM",2020,512225.0
 35055,"Taos, NM",2020,996592.0
 35057,"Torrance, NM",2020,450631.0
 35059,"Union, NM",2020,159163.0
 35061,"Valencia, NM",2020,1714326.0
 36000,New York,2020,1773369808.0
 36001,"Albany, NY",2020,34839217.0
 36003,"Allegany, NY",2020,1615836.0
 36005,"Bronx, NY",2020,46521964.0
 36007,"Broome, NY",2020,9423111.0
 36009,"Cattaraugus, NY",2020,2890652.0
 36011,"Cayuga, NY",2020,3065808.0
 36013,"Chautauqua, NY",2020,4748315.0
 36015,"Chemung, NY",2020,3793888.0
 36017,"Chenango, NY",2020,2313610.0
 36019,"Clinton, NY",2020,3795031.0
 36021,"Columbia, NY",2020,2718204.0
 36023,"Cortland, NY",2020,1872296.0
 36025,"Delaware, NY",2020,2108604.0
 36027,"Dutchess, NY",2020,14677035.0
 36029,"Erie, NY",2020,61569552.0
 36031,"Essex, NY",2020,1716949.0
 36033,"Franklin, NY",2020,2008303.0
 36035,"Fulton, NY",2020,1985266.0
 36037,"Genesee, NY",2020,2514756.0
 36039,"Greene, NY",2020,2493547.0
 36041,"Hamilton, NY",2020,252123.0
 36043,"Herkimer, NY",2020,1940778.0
 36045,"Jefferson, NY",2020,6653499.0
 36047,"Kings, NY",2020,108153075.0
 36049,"Lewis, NY",2020,1123040.0
 36051,"Livingston, NY",2020,2243733.0
 36053,"Madison, NY",2020,2420442.0
 36055,"Monroe, NY",2020,49660908.0
 36057,"Montgomery, NY",2020,1980213.0
 36059,"Nassau, NY",2020,106188381.0
 36061,"New York, NY",2020,770394618.0
 36063,"Niagara, NY",2020,10364605.0
 36065,"Oneida, NY",2020,11670697.0
 36067,"Onondaga, NY",2020,33315754.0
 36069,"Ontario, NY",2020,6630803.0
 36071,"Orange, NY",2020,21130899.0
 36073,"Orleans, NY",2020,1464226.0
 36075,"Oswego, NY",2020,7076931.0
 36077,"Otsego, NY",2020,2796457.0
 36079,"Putnam, NY",2020,4012462.0
 36081,"Queens, NY",2020,103095329.0
 36083,"Rensselaer, NY",2020,10072998.0
 36085,"Richmond, NY",2020,18076848.0
 36087,"Rockland, NY",2020,18457963.0
 36089,"St. Lawrence, NY",2020,5000184.0
 36091,"Saratoga, NY",2020,12298675.0
 36093,"Schenectady, NY",2020,8791227.0
 36095,"Schoharie, NY",2020,1054414.0
 36097,"Schuyler, NY",2020,567629.0
 36099,"Seneca, NY",2020,1535008.0
 36101,"Steuben, NY",2020,4655061.0
 36103,"Suffolk, NY",2020,107487532.0
 36105,"Sullivan, NY",2020,3257000.0
 36107,"Tioga, NY",2020,1637763.0
 36109,"Tompkins, NY",2020,6200960.0
 36111,"Ulster, NY",2020,7871278.0
 36113,"Warren, NY",2020,5606254.0
 36115,"Washington, NY",2020,2105586.0
 36117,"Wayne, NY",2020,4054705.0
 36119,"Westchester, NY",2020,92535252.0
 36121,"Wyoming, NY",2020,1848461.0
 36123,"Yates, NY",2020,1014092.0
 37000,North Carolina,2020,600683341.0
 37001,"Alamance, NC",2020,6755550.0
 37003,"Alexander, NC",2020,863981.0
 37005,"Alleghany, NC",2020,319111.0
 37007,"Anson, NC",2020,761001.0
 37009,"Ashe, NC",2020,825089.0
 37011,"Avery, NC",2020,661599.0
 37013,"Beaufort, NC",2020,1876546.0
 37015,"Bertie, NC",2020,626075.0
 37017,"Bladen, NC",2020,1419131.0
 37019,"Brunswick, NC",2020,5711073.0
 37021,"Buncombe, NC",2020,14839611.0
 37023,"Burke, NC",2020,2721991.0
 37025,"Cabarrus, NC",2020,8466358.0
 37027,"Caldwell, NC",2020,2613731.0
 37029,"Camden, NC",2020,168880.0
 37031,"Carteret, NC",2020,2557637.0
 37033,"Caswell, NC",2020,368692.0
 37035,"Catawba, NC",2020,9229629.0
 37037,"Chatham, NC",2020,1936439.0
 37039,"Cherokee, NC",2020,864528.0
 37041,"Chowan, NC",2020,528536.0
 37043,"Clay, NC",2020,235097.0
 37045,"Cleveland, NC",2020,4399962.0
 37047,"Columbus, NC",2020,1547386.0
 37049,"Craven, NC",2020,5249032.0
 37051,"Cumberland, NC",2020,18728248.0
 37053,"Currituck, NC",2020,817955.0
 37055,"Dare, NC",2020,2342635.0
 37057,"Davidson, NC",2020,5134397.0
 37059,"Davie, NC",2020,1477795.0
 37061,"Duplin, NC",2020,2019354.0
 37063,"Durham, NC",2020,37907097.0
 37065,"Edgecombe, NC",2020,1585030.0
 37067,"Forsyth, NC",2020,26320451.0
 37069,"Franklin, NC",2020,1966848.0
 37071,"Gaston, NC",2020,7948491.0
 37073,"Gates, NC",2020,215583.0
 37075,"Graham, NC",2020,256358.0
 37077,"Granville, NC",2020,3636013.0
 37079,"Greene, NC",2020,424447.0
 37081,"Guilford, NC",2020,34740955.0
 37083,"Halifax, NC",2020,1507852.0
 37085,"Harnett, NC",2020,2799995.0
 37087,"Haywood, NC",2020,2021696.0
 37089,"Henderson, NC",2020,4347028.0
 37091,"Hertford, NC",2020,834835.0
 37093,"Hoke, NC",2020,1217749.0
 37095,"Hyde, NC",2020,182405.0
 37097,"Iredell, NC",2020,10201277.0
 37099,"Jackson, NC",2020,1678650.0
 37101,"Johnston, NC",2020,7763606.0
 37103,"Jones, NC",2020,166167.0
 37105,"Lee, NC",2020,2903360.0
 37107,"Lenoir, NC",2020,2803354.0
 37109,"Lincoln, NC",2020,3142235.0
 37111,"McDowell, NC",2020,2051572.0
 37113,"Macon, NC",2020,1689190.0
 37115,"Madison, NC",2020,429383.0
 37117,"Martin, NC",2020,689447.0
 37119,"Mecklenburg, NC",2020,127283215.0
 37121,"Mitchell, NC",2020,573935.0
 37123,"Montgomery, NC",2020,1079528.0
 37125,"Moore, NC",2020,4024054.0
 37127,"Nash, NC",2020,5290641.0
 37129,"New Hanover, NC",2020,14565497.0
 37131,"Northampton, NC",2020,537696.0
 37133,"Onslow, NC",2020,9326698.0
 37135,"Orange, NC",2020,9569101.0
 37137,"Pamlico, NC",2020,306248.0
 37139,"Pasquotank, NC",2020,1652548.0
 37141,"Pender, NC",2020,1616015.0
 37143,"Perquimans, NC",2020,286158.0
 37145,"Person, NC",2020,1565886.0
 37147,"Pitt, NC",2020,9649518.0
 37149,"Polk, NC",2020,517019.0
 37151,"Randolph, NC",2020,4338794.0
 37153,"Richmond, NC",2020,1959773.0
 37155,"Robeson, NC",2020,4054665.0
 37157,"Rockingham, NC",2020,2979848.0
 37159,"Rowan, NC",2020,5743736.0
 37161,"Rutherford, NC",2020,1881698.0
 37163,"Sampson, NC",2020,1831571.0
 37165,"Scotland, NC",2020,1175964.0
 37167,"Stanly, NC",2020,1879727.0
 37169,"Stokes, NC",2020,1046924.0
 37171,"Surry, NC",2020,2587157.0
 37173,"Swain, NC",2020,730487.0
 37175,"Transylvania, NC",2020,1869641.0
 37177,"Tyrrell, NC",2020,116572.0
 37179,"Union, NC",2020,8279454.0
 37181,"Vance, NC",2020,1264284.0
 37183,"Wake, NC",2020,87595765.0
 37185,"Warren, NC",2020,325838.0
 37187,"Washington, NC",2020,277430.0
 37189,"Watauga, NC",2020,2349468.0
 37191,"Wayne, NC",2020,5105174.0
 37193,"Wilkes, NC",2020,2502608.0
 37195,"Wilson, NC",2020,4059934.0
 37197,"Yadkin, NC",2020,923710.0
 37199,"Yancey, NC",2020,461245.0
 38000,North Dakota,2020,55568538.0
 38001,"Adams, ND",2020,116859.0
 38003,"Barnes, ND",2020,659541.0
 38005,"Benson, ND",2020,258914.0
 38007,"Billings, ND",2020,246262.0
 38009,"Bottineau, ND",2020,425163.0
 38011,"Bowman, ND",2020,218982.0
 38013,"Burke, ND",2020,206561.0
 38015,"Burleigh, ND",2020,5867070.0
 38017,"Cass, ND",2020,13742571.0
 38019,"Cavalier, ND",2020,395490.0
 38021,"Dickey, ND",2020,314205.0
 38023,"Divide, ND",2020,167193.0
 38025,"Dunn, ND",2020,776348.0
 38027,"Eddy, ND",2020,124570.0
 38029,"Emmons, ND",2020,196790.0
 38031,"Foster, ND",2020,268206.0
 38033,"Golden Valley, ND",2020,76465.0
 38035,"Grand Forks, ND",2020,4246179.0
 38037,"Grant, ND",2020,110262.0
 38039,"Griggs, ND",2020,145264.0
 38041,"Hettinger, ND",2020,120608.0
 38043,"Kidder, ND",2020,131893.0
 38045,"LaMoure, ND",2020,260850.0
 38047,"Logan, ND",2020,103206.0
 38049,"McHenry, ND",2020,275639.0
 38051,"McIntosh, ND",2020,156554.0
 38053,"McKenzie, ND",2020,2667133.0
 38055,"McLean, ND",2020,833744.0
 38057,"Mercer, ND",2020,1017476.0
 38059,"Morton, ND",2020,1490225.0
 38061,"Mountrail, ND",2020,1330929.0
 38063,"Nelson, ND",2020,151337.0
 38065,"Oliver, ND",2020,275618.0
 38067,"Pembina, ND",2020,490344.0
 38069,"Pierce, ND",2020,234819.0
 38071,"Ramsey, ND",2020,642632.0
 38073,"Ransom, ND",2020,254569.0
 38075,"Renville, ND",2020,168350.0
 38077,"Richland, ND",2020,791130.0
 38079,"Rolette, ND",2020,410307.0
 38081,"Sargent, ND",2020,795803.0
 38083,"Sheridan, ND",2020,55981.0
 38085,"Sioux, ND",2020,149323.0
 38087,"Slope, ND",2020,34090.0
 38089,"Stark, ND",2020,2621544.0
 38091,"Steele, ND",2020,161711.0
 38093,"Stutsman, ND",2020,1274275.0
 38095,"Towner, ND",2020,191694.0
 38097,"Traill, ND",2020,477026.0
 38099,"Walsh, ND",2020,637100.0
 38101,"Ward, ND",2020,4067195.0
 38103,"Wells, ND",2020,283118.0
 38105,"Williams, ND",2020,4449421.0
 39000,Ohio,2020,692683719.0
 39001,"Adams, OH",2020,776407.0
 39003,"Allen, OH",2020,7899551.0
 39005,"Ashland, OH",2020,1921334.0
 39007,"Ashtabula, OH",2020,3264442.0
 39009,"Athens, OH",2020,2214044.0
 39011,"Auglaize, OH",2020,2317052.0
 39013,"Belmont, OH",2020,2861479.0
 39015,"Brown, OH",2020,908736.0
 39017,"Butler, OH",2020,22471572.0
 39019,"Carroll, OH",2020,1141190.0
 39021,"Champaign, OH",2020,1277990.0
 39023,"Clark, OH",2020,4780555.0
 39025,"Clermont, OH",2020,9391135.0
 39027,"Clinton, OH",2020,2347069.0
 39029,"Columbiana, OH",2020,3188984.0
 39031,"Coshocton, OH",2020,1239397.0
 39033,"Crawford, OH",2020,1385818.0
 39035,"Cuyahoga, OH",2020,102127675.0
 39037,"Darke, OH",2020,2126612.0
 39039,"Defiance, OH",2020,1656610.0
 39041,"Delaware, OH",2020,13451326.0
 39043,"Erie, OH",2020,3831207.0
 39045,"Fairfield, OH",2020,4950970.0
 39047,"Fayette, OH",2020,1780904.0
 39049,"Franklin, OH",2020,105941168.0
 39051,"Fulton, OH",2020,2121672.0
 39053,"Gallia, OH",2020,2132134.0
 39055,"Geauga, OH",2020,4378176.0
 39057,"Greene, OH",2020,10814470.0
 39059,"Guernsey, OH",2020,2063977.0
 39061,"Hamilton, OH",2020,82986753.0
 39063,"Hancock, OH",2020,5516038.0
 39065,"Hardin, OH",2020,907495.0
 39067,"Harrison, OH",2020,869103.0
 39069,"Henry, OH",2020,1511581.0
 39071,"Highland, OH",2020,1445791.0
 39073,"Hocking, OH",2020,661881.0
 39075,"Holmes, OH",2020,2627785.0
 39077,"Huron, OH",2020,2421433.0
 39079,"Jackson, OH",2020,1116759.0
 39081,"Jefferson, OH",2020,3676643.0
 39083,"Knox, OH",2020,2152085.0
 39085,"Lake, OH",2020,11961585.0
 39087,"Lawrence, OH",2020,1893112.0
 39089,"Licking, OH",2020,7682368.0
 39091,"Logan, OH",2020,1950673.0
 39093,"Lorain, OH",2020,11129635.0
 39095,"Lucas, OH",2020,24569875.0
 39097,"Madison, OH",2020,2007618.0
 39099,"Mahoning, OH",2020,9657645.0
 39101,"Marion, OH",2020,2764959.0
 39103,"Medina, OH",2020,7639167.0
 39105,"Meigs, OH",2020,444820.0
 39107,"Mercer, OH",2020,2306671.0
 39109,"Miami, OH",2020,4626554.0
 39111,"Monroe, OH",2020,940031.0
 39113,"Montgomery, OH",2020,31238933.0
 39115,"Morgan, OH",2020,366072.0
 39117,"Morrow, OH",2020,700237.0
 39119,"Muskingum, OH",2020,3898198.0
 39121,"Noble, OH",2020,390056.0
 39123,"Ottawa, OH",2020,2085239.0
 39125,"Paulding, OH",2020,601803.0
 39127,"Perry, OH",2020,774338.0
 39129,"Pickaway, OH",2020,1980681.0
 39131,"Pike, OH",2020,1181550.0
 39133,"Portage, OH",2020,6704754.0
 39135,"Preble, OH",2020,1211340.0
 39137,"Putnam, OH",2020,1312382.0
 39139,"Richland, OH",2020,4663354.0
 39141,"Ross, OH",2020,2997712.0
 39143,"Sandusky, OH",2020,2934799.0
 39145,"Scioto, OH",2020,2554595.0
 39147,"Seneca, OH",2020,2112856.0
 39149,"Shelby, OH",2020,3239889.0
 39151,"Stark, OH",2020,16925210.0
 39153,"Summit, OH",2020,31702561.0
 39155,"Trumbull, OH",2020,6980575.0
 39157,"Tuscarawas, OH",2020,3925280.0
 39159,"Union, OH",2020,4581951.0
 39161,"Van Wert, OH",2020,1306135.0
 39163,"Vinton, OH",2020,307928.0
 39165,"Warren, OH",2020,12923935.0
 39167,"Washington, OH",2020,3598443.0
 39169,"Wayne, OH",2020,6751566.0
 39171,"Williams, OH",2020,1808708.0
 39173,"Wood, OH",2020,7588861.0
 39175,"Wyandot, OH",2020,1102061.0
 40000,Oklahoma,2020,192516203.0
 40001,"Adair, OK",2020,423568.0
 40003,"Alfalfa, OK",2020,328368.0
 40005,"Atoka, OK",2020,376438.0
 40007,"Beaver, OK",2020,346675.0
 40009,"Beckham, OK",2020,911296.0
 40011,"Blaine, OK",2020,1045063.0
 40013,"Bryan, OK",2020,1932060.0
 40015,"Caddo, OK",2020,899388.0
 40017,"Canadian, OK",2020,5053414.0
 40019,"Carter, OK",2020,2521050.0
 40021,"Cherokee, OK",2020,1412143.0
 40023,"Choctaw, OK",2020,378169.0
 40025,"Cimarron, OK",2020,171637.0
 40027,"Cleveland, OK",2020,9355024.0
 40029,"Coal, OK",2020,216842.0
 40031,"Comanche, OK",2020,5345533.0
 40033,"Cotton, OK",2020,151860.0
 40035,"Craig, OK",2020,469034.0
 40037,"Creek, OK",2020,2038833.0
 40039,"Custer, OK",2020,1378210.0
 40041,"Delaware, OK",2020,885669.0
 40043,"Dewey, OK",2020,452900.0
 40045,"Ellis, OK",2020,403132.0
 40047,"Garfield, OK",2020,2727076.0
 40049,"Garvin, OK",2020,1423027.0
 40051,"Grady, OK",2020,2226385.0
 40053,"Grant, OK",2020,271979.0
 40055,"Greer, OK",2020,101842.0
 40057,"Harmon, OK",2020,79083.0
 40059,"Harper, OK",2020,192005.0
 40061,"Haskell, OK",2020,322777.0
 40063,"Hughes, OK",2020,573335.0
 40065,"Jackson, OK",2020,1141922.0
 40067,"Jefferson, OK",2020,124204.0
 40069,"Johnston, OK",2020,462064.0
 40071,"Kay, OK",2020,1876574.0
 40073,"Kingfisher, OK",2020,1946903.0
 40075,"Kiowa, OK",2020,257789.0
 40077,"Latimer, OK",2020,279929.0
 40079,"Le Flore, OK",2020,1365457.0
 40081,"Lincoln, OK",2020,885479.0
 40083,"Logan, OK",2020,855115.0
 40085,"Love, OK",2020,589888.0
 40087,"McClain, OK",2020,1386455.0
 40089,"McCurtain, OK",2020,1159835.0
 40091,"McIntosh, OK",2020,417646.0
 40093,"Major, OK",2020,357092.0
 40095,"Marshall, OK",2020,502668.0
 40097,"Mayes, OK",2020,1999527.0
 40099,"Murray, OK",2020,532599.0
 40101,"Muskogee, OK",2020,2940702.0
 40103,"Noble, OK",2020,651303.0
 40105,"Nowata, OK",2020,192641.0
 40107,"Okfuskee, OK",2020,238109.0
 40109,"Oklahoma, OK",2020,57227726.0
 40111,"Okmulgee, OK",2020,927799.0
 40113,"Osage, OK",2020,859553.0
 40115,"Ottawa, OK",2020,1081978.0
 40117,"Pawnee, OK",2020,355345.0
 40119,"Payne, OK",2020,3421515.0
 40121,"Pittsburg, OK",2020,1889638.0
 40123,"Pontotoc, OK",2020,2108583.0
 40125,"Pottawatomie, OK",2020,2314905.0
 40127,"Pushmataha, OK",2020,261341.0
 40129,"Roger Mills, OK",2020,270923.0
 40131,"Rogers, OK",2020,3573913.0
 40133,"Seminole, OK",2020,767910.0
 40135,"Sequoyah, OK",2020,816399.0
 40137,"Stephens, OK",2020,1735380.0
 40139,"Texas, OK",2020,1684276.0
 40141,"Tillman, OK",2020,169789.0
 40143,"Tulsa, OK",2020,42415894.0
 40145,"Wagoner, OK",2020,1514543.0
 40147,"Washington, OK",2020,2628339.0
 40149,"Washita, OK",2020,297267.0
 40151,"Woods, OK",2020,486305.0
 40153,"Woodward, OK",2020,1129173.0
 41000,Oregon,2020,251577719.0
 41001,"Baker, OR",2020,598374.0
 41003,"Benton, OR",2020,4806137.0
 41005,"Clackamas, OR",2020,22371813.0
 41007,"Clatsop, OR",2020,2048189.0
 41009,"Columbia, OR",2020,1478672.0
 41011,"Coos, OR",2020,2474415.0
 41013,"Crook, OR",2020,961088.0
 41015,"Curry, OR",2020,725773.0
 41017,"Deschutes, OR",2020,11147603.0
 41019,"Douglas, OR",2020,4060097.0
 41021,"Gilliam, OR",2020,340054.0
 41023,"Grant, OR",2020,278391.0
 41025,"Harney, OR",2020,294115.0
 41027,"Hood River, OR",2020,1254556.0
 41029,"Jackson, OR",2020,10039379.0
 41031,"Jefferson, OR",2020,808186.0
 41033,"Josephine, OR",2020,3137397.0
 41035,"Klamath, OR",2020,2553152.0
 41037,"Lake, OR",2020,327811.0
 41039,"Lane, OR",2020,17481966.0
 41041,"Lincoln, OR",2020,2060771.0
 41043,"Linn, OR",2020,5080986.0
 41045,"Malheur, OR",2020,1331199.0
 41047,"Marion, OR",2020,17866893.0
 41049,"Morrow, OR",2020,1393486.0
 41051,"Multnomah, OR",2020,70781554.0
 41053,"Polk, OR",2020,2160343.0
 41055,"Sherman, OR",2020,577714.0
 41057,"Tillamook, OR",2020,1336396.0
 41059,"Umatilla, OR",2020,3602635.0
 41061,"Union, OR",2020,1040362.0
 41063,"Wallowa, OR",2020,338564.0
 41065,"Wasco, OR",2020,1635495.0
 41067,"Washington, OR",2020,51256279.0
 41069,"Wheeler, OR",2020,35729.0
 41071,"Yamhill, OR",2020,3892145.0
 42000,Pennsylvania,2020,777000805.0
 42001,"Adams, PA",2020,3909520.0
 42003,"Allegheny, PA",2020,103116402.0
 42005,"Armstrong, PA",2020,2137212.0
 42007,"Beaver, PA",2020,7346310.0
 42009,"Bedford, PA",2020,1496236.0
 42011,"Berks, PA",2020,20672554.0
 42013,"Blair, PA",2020,6279352.0
 42015,"Bradford, PA",2020,3702219.0
 42017,"Bucks, PA",2020,36281503.0
 42019,"Butler, PA",2020,10681226.0
 42021,"Cambria, PA",2020,4938469.0
 42023,"Cameron, PA",2020,190807.0
 42025,"Carbon, PA",2020,2643442.0
 42027,"Centre, PA",2020,9224495.0
 42029,"Chester, PA",2020,46583797.0
 42031,"Clarion, PA",2020,1226898.0
 42033,"Clearfield, PA",2020,2907112.0
 42035,"Clinton, PA",2020,1556659.0
 42037,"Columbia, PA",2020,2526706.0
 42039,"Crawford, PA",2020,2940983.0
 42041,"Cumberland, PA",2020,17088856.0
 42043,"Dauphin, PA",2020,22959132.0
 42045,"Delaware, PA",2020,33524025.0
 42047,"Elk, PA",2020,1429576.0
 42049,"Erie, PA",2020,11748759.0
 42051,"Fayette, PA",2020,4433867.0
 42053,"Forest, PA",2020,249222.0
 42055,"Franklin, PA",2020,6356985.0
 42057,"Fulton, PA",2020,675623.0
 42059,"Greene, PA",2020,2597984.0
 42061,"Huntingdon, PA",2020,1324797.0
 42063,"Indiana, PA",2020,3849215.0
 42065,"Jefferson, PA",2020,1511046.0
 42067,"Juniata, PA",2020,763747.0
 42069,"Lackawanna, PA",2020,10411118.0
 42071,"Lancaster, PA",2020,30174812.0
 42073,"Lawrence, PA",2020,3305737.0
 42075,"Lebanon, PA",2020,6033431.0
 42077,"Lehigh, PA",2020,24363156.0
 42079,"Luzerne, PA",2020,15571039.0
 42081,"Lycoming, PA",2020,5804545.0
 42083,"McKean, PA",2020,1462411.0
 42085,"Mercer, PA",2020,4267648.0
 42087,"Mifflin, PA",2020,1743582.0
 42089,"Monroe, PA",2020,7266452.0
 42091,"Montgomery, PA",2020,85110390.0
 42093,"Montour, PA",2020,1995526.0
 42095,"Northampton, PA",2020,16028530.0
 42097,"Northumberland, PA",2020,3382306.0
 42099,"Perry, PA",2020,1081330.0
 42101,"Philadelphia, PA",2020,107312408.0
 42103,"Pike, PA",2020,1526908.0
 42105,"Potter, PA",2020,911584.0
 42107,"Schuylkill, PA",2020,5027149.0
 42109,"Snyder, PA",2020,1556663.0
 42111,"Somerset, PA",2020,2427159.0
 42113,"Sullivan, PA",2020,236296.0
 42115,"Susquehanna, PA",2020,1935713.0
 42117,"Tioga, PA",2020,1472547.0
 42119,"Union, PA",2020,1916612.0
 42121,"Venango, PA",2020,1716134.0
 42123,"Warren, PA",2020,1353174.0
 42125,"Washington, PA",2020,12411111.0
 42127,"Wayne, PA",2020,2014195.0
 42129,"Westmoreland, PA",2020,14914842.0
 42131,"Wyoming, PA",2020,1540736.0
 42133,"York, PA",2020,21850823.0
 44000,Rhode Island,2020,62124888.0
 44001,"Bristol, RI",2020,1828240.0
 44003,"Kent, RI",2020,10105656.0
 44005,"Newport, RI",2020,6395772.0
 44007,"Providence, RI",2020,36505237.0
 44009,"Washington, RI",2020,7289983.0
 45000,South Carolina,2020,249430208.0
 45001,"Abbeville, SC",2020,610992.0
 45003,"Aiken, SC",2020,7577816.0
 45005,"Allendale, SC",2020,301526.0
 45007,"Anderson, SC",2020,7631740.0
 45009,"Bamberg, SC",2020,353414.0
 45011,"Barnwell, SC",2020,511559.0
 45013,"Beaufort, SC",2020,9338229.0
 45015,"Berkeley, SC",2020,8925120.0
 45017,"Calhoun, SC",2020,620574.0
 45019,"Charleston, SC",2020,33759695.0
 45021,"Cherokee, SC",2020,1799992.0
 45023,"Chester, SC",2020,1190892.0
 45025,"Chesterfield, SC",2020,1438129.0
 45027,"Clarendon, SC",2020,667714.0
 45029,"Colleton, SC",2020,1009908.0
 45031,"Darlington, SC",2020,2710484.0
 45033,"Dillon, SC",2020,803476.0
 45035,"Dorchester, SC",2020,4341845.0
 45037,"Edgefield, SC",2020,663687.0
 45039,"Fairfield, SC",2020,1062148.0
 45041,"Florence, SC",2020,7496580.0
 45043,"Georgetown, SC",2020,2749334.0
 45045,"Greenville, SC",2020,33807690.0
 45047,"Greenwood, SC",2020,3124976.0
 45049,"Hampton, SC",2020,501763.0
 45051,"Horry, SC",2020,14675578.0
 45053,"Jasper, SC",2020,1403234.0
 45055,"Kershaw, SC",2020,1971823.0
 45057,"Lancaster, SC",2020,3622313.0
 45059,"Laurens, SC",2020,2397297.0
 45061,"Lee, SC",2020,364088.0
 45063,"Lexington, SC",2020,14382453.0
 45065,"McCormick, SC",2020,251393.0
 45067,"Marion, SC",2020,648557.0
 45069,"Marlboro, SC",2020,778340.0
 45071,"Newberry, SC",2020,1470320.0
 45073,"Oconee, SC",2020,3863739.0
 45075,"Orangeburg, SC",2020,2907465.0
 45077,"Pickens, SC",2020,4234359.0
 45079,"Richland, SC",2020,26751295.0
 45081,"Saluda, SC",2020,489320.0
 45083,"Spartanburg, SC",2020,16727170.0
 45085,"Sumter, SC",2020,4488062.0
 45087,"Union, SC",2020,742548.0
 45089,"Williamsburg, SC",2020,808556.0
 45091,"York, SC",2020,13453017.0
 46000,South Dakota,2020,56254403.0
 46003,"Aurora, SD",2020,103287.0
 46005,"Beadle, SD",2020,925712.0
 46007,"Bennett, SD",2020,99356.0
 46009,"Bon Homme, SD",2020,229578.0
 46011,"Brookings, SD",2020,2247962.0
 46013,"Brown, SD",2020,2445919.0
 46015,"Brule, SD",2020,247156.0
 46017,"Buffalo, SD",2020,91146.0
 46019,"Butte, SD",2020,330128.0
 46021,"Campbell, SD",2020,110474.0
 46023,"Charles Mix, SD",2020,462610.0
 46025,"Clark, SD",2020,267586.0
 46027,"Clay, SD",2020,615193.0
 46029,"Codington, SD",2020,1591603.0
 46031,"Corson, SD",2020,88597.0
 46033,"Custer, SD",2020,250773.0
 46035,"Davison, SD",2020,1249452.0
 46037,"Day, SD",2020,307724.0
 46039,"Deuel, SD",2020,316342.0
 46041,"Dewey, SD",2020,237486.0
 46043,"Douglas, SD",2020,194303.0
 46045,"Edmunds, SD",2020,254039.0
 46047,"Fall River, SD",2020,242758.0
 46049,"Faulk, SD",2020,132433.0
 46051,"Grant, SD",2020,515747.0
 46053,"Gregory, SD",2020,171010.0
 46055,"Haakon, SD",2020,127730.0
 46057,"Hamlin, SD",2020,275761.0
 46059,"Hand, SD",2020,188569.0
 46061,"Hanson, SD",2020,148808.0
 46063,"Harding, SD",2020,50396.0
 46065,"Hughes, SD",2020,1271200.0
 46067,"Hutchinson, SD",2020,369243.0
 46069,"Hyde, SD",2020,97006.0
 46071,"Jackson, SD",2020,68226.0
 46073,"Jerauld, SD",2020,160546.0
 46075,"Jones, SD",2020,49247.0
 46077,"Kingsbury, SD",2020,295933.0
 46079,"Lake, SD",2020,608173.0
 46081,"Lawrence, SD",2020,1242166.0
 46083,"Lincoln, SD",2020,5333398.0
 46085,"Lyman, SD",2020,154033.0
 46087,"McCook, SD",2020,248501.0
 46089,"McPherson, SD",2020,115334.0
 46091,"Marshall, SD",2020,289291.0
 46093,"Meade, SD",2020,949906.0
 46095,"Mellette, SD",2020,34099.0
 46097,"Miner, SD",2020,108373.0
 46099,"Minnehaha, SD",2020,17786120.0
 46101,"Moody, SD",2020,351335.0
 46102,"Oglala Lakota, SD*",2020,367789.0
 46103,"Pennington, SD",2020,6204766.0
 46105,"Perkins, SD",2020,137990.0
 46107,"Potter, SD",2020,183407.0
 46109,"Roberts, SD",2020,390848.0
 46111,"Sanborn, SD",2020,119358.0
 46115,"Spink, SD",2020,425671.0
 46117,"Stanley, SD",2020,115476.0
 46119,"Sully, SD",2020,126675.0
 46121,"Todd, SD",2020,242291.0
 46123,"Tripp, SD",2020,237611.0
 46125,"Turner, SD",2020,367505.0
 46127,"Union, SD",2020,1673898.0
 46129,"Walworth, SD",2020,264250.0
 46135,"Yankton, SD",2020,1305651.0
 46137,"Ziebach, SD",2020,39449.0
 47000,Tennessee,2020,391563211.0
 47001,"Anderson, TN",2020,5323041.0
 47003,"Bedford, TN",2020,2008769.0
 47005,"Benton, TN",2020,402761.0
 47007,"Bledsoe, TN",2020,217164.0
 47009,"Blount, TN",2020,6119488.0
 47011,"Bradley, TN",2020,4906000.0
 47013,"Campbell, TN",2020,1028513.0
 47015,"Cannon, TN",2020,295610.0
 47017,"Carroll, TN",2020,694620.0
 47019,"Carter, TN",2020,1157026.0
 47021,"Cheatham, TN",2020,1259529.0
 47023,"Chester, TN",2020,387478.0
 47025,"Claiborne, TN",2020,846597.0
 47027,"Clay, TN",2020,182330.0
 47029,"Cocke, TN",2020,801464.0
 47031,"Coffee, TN",2020,3072040.0
 47033,"Crockett, TN",2020,607986.0
 47035,"Cumberland, TN",2020,1850067.0
 47037,"Davidson, TN",2020,75915663.0
 47039,"Decatur, TN",2020,325946.0
 47041,"DeKalb, TN",2020,701517.0
 47043,"Dickson, TN",2020,2149162.0
 47045,"Dyer, TN",2020,1803679.0
 47047,"Fayette, TN",2020,1287464.0
 47049,"Fentress, TN",2020,508976.0
 47051,"Franklin, TN",2020,1229105.0
 47053,"Gibson, TN",2020,1614541.0
 47055,"Giles, TN",2020,1174193.0
 47057,"Grainger, TN",2020,474025.0
 47059,"Greene, TN",2020,2508177.0
 47061,"Grundy, TN",2020,243995.0
 47063,"Hamblen, TN",2020,3302424.0
 47065,"Hamilton, TN",2020,27894388.0
 47067,"Hancock, TN",2020,92437.0
 47069,"Hardeman, TN",2020,639075.0
 47071,"Hardin, TN",2020,995902.0
 47073,"Hawkins, TN",2020,1724964.0
 47075,"Haywood, TN",2020,733459.0
 47077,"Henderson, TN",2020,765494.0
 47079,"Henry, TN",2020,1277039.0
 47081,"Hickman, TN",2020,524113.0
 47083,"Houston, TN",2020,163116.0
 47085,"Humphreys, TN",2020,814604.0
 47087,"Jackson, TN",2020,230049.0
 47089,"Jefferson, TN",2020,1812151.0
 47091,"Johnson, TN",2020,467282.0
 47093,"Knox, TN",2020,29961062.0
 47095,"Lake, TN",2020,134353.0
 47097,"Lauderdale, TN",2020,761545.0
 47099,"Lawrence, TN",2020,1118596.0
 47101,"Lewis, TN",2020,317491.0
 47103,"Lincoln, TN",2020,1120908.0
 47105,"Loudon, TN",2020,2318228.0
 47107,"McMinn, TN",2020,2232199.0
 47109,"McNairy, TN",2020,565335.0
 47111,"Macon, TN",2020,559610.0
 47113,"Madison, TN",2020,6168307.0
 47115,"Marion, TN",2020,840520.0
 47117,"Marshall, TN",2020,1264514.0
 47119,"Maury, TN",2020,4515270.0
 47121,"Meigs, TN",2020,265301.0
 47123,"Monroe, TN",2020,1451086.0
 47125,"Montgomery, TN",2020,6406425.0
 47127,"Moore, TN",2020,553939.0
 47129,"Morgan, TN",2020,321746.0
 47131,"Obion, TN",2020,1291636.0
 47133,"Overton, TN",2020,585562.0
 47135,"Perry, TN",2020,184472.0
 47137,"Pickett, TN",2020,152029.0
 47139,"Polk, TN",2020,332566.0
 47141,"Putnam, TN",2020,3849789.0
 47143,"Rhea, TN",2020,1957860.0
 47145,"Roane, TN",2020,2675892.0
 47147,"Robertson, TN",2020,2635284.0
 47149,"Rutherford, TN",2020,18753199.0
 47151,"Scott, TN",2020,509055.0
 47153,"Sequatchie, TN",2020,316971.0
 47155,"Sevier, TN",2020,4489573.0
 47157,"Shelby, TN",2020,67912195.0
 47159,"Smith, TN",2020,738785.0
 47161,"Stewart, TN",2020,813713.0
 47163,"Sullivan, TN",2020,8386329.0
 47165,"Sumner, TN",2020,7692952.0
 47167,"Tipton, TN",2020,1344280.0
 47169,"Trousdale, TN",2020,207284.0
 47171,"Unicoi, TN",2020,600187.0
 47173,"Union, TN",2020,344495.0
 47175,"Van Buren, TN",2020,108871.0
 47177,"Warren, TN",2020,1500146.0
 47179,"Washington, TN",2020,6467957.0
 47181,"Wayne, TN",2020,373614.0
 47183,"Weakley, TN",2020,1162199.0
 47185,"White, TN",2020,791292.0
 47187,"Williamson, TN",2020,25858963.0
 47189,"Wilson, TN",2020,6116205.0
 48000,Texas,2020,1802143711.0
 48001,"Anderson, TX",2020,2081041.0
 48003,"Andrews, TX",2020,1804344.0
 48005,"Angelina, TX",2020,3362198.0
 48007,"Aransas, TX",2020,733642.0
 48009,"Archer, TX",2020,277861.0
 48011,"Armstrong, TX",2020,56569.0
 48013,"Atascosa, TX",2020,2237840.0
 48015,"Austin, TX",2020,1512115.0
 48017,"Bailey, TX",2020,402220.0
 48019,"Bandera, TX",2020,407401.0
 48021,"Bastrop, TX",2020,2732571.0
 48023,"Baylor, TX",2020,177944.0
 48025,"Bee, TX",2020,755673.0
 48027,"Bell, TX",2020,18263419.0
 48029,"Bexar, TX",2020,111792718.0
 48031,"Blanco, TX",2020,459369.0
 48033,"Borden, TX",2020,275671.0
 48035,"Bosque, TX",2020,608454.0
 48037,"Bowie, TX",2020,3845831.0
 48039,"Brazoria, TX",2020,16195301.0
 48041,"Brazos, TX",2020,10852404.0
 48043,"Brewster, TX",2020,394507.0
 48045,"Briscoe, TX",2020,81560.0
 48047,"Brooks, TX",2020,265065.0
 48049,"Brown, TX",2020,1495676.0
 48051,"Burleson, TX",2020,861144.0
 48053,"Burnet, TX",2020,1884464.0
 48055,"Caldwell, TX",2020,1024614.0
 48057,"Calhoun, TX",2020,3247066.0
 48059,"Callahan, TX",2020,314584.0
 48061,"Cameron, TX",2020,11793000.0
 48063,"Camp, TX",2020,380029.0
 48065,"Carson, TX",2020,962981.0
 48067,"Cass, TX",2020,960325.0
 48069,"Castro, TX",2020,649904.0
 48071,"Chambers, TX",2020,2678645.0
 48073,"Cherokee, TX",2020,1435592.0
 48075,"Childress, TX",2020,251697.0
 48077,"Clay, TX",2020,223166.0
 48079,"Cochran, TX",2020,158817.0
 48081,"Coke, TX",2020,95062.0
 48083,"Coleman, TX",2020,216688.0
 48085,"Collin, TX",2020,73859122.0
 48087,"Collingsworth, TX",2020,81255.0
 48089,"Colorado, TX",2020,854878.0
 48091,"Comal, TX",2020,7570658.0
 48093,"Comanche, TX",2020,470674.0
 48095,"Concho, TX",2020,123186.0
 48097,"Cooke, TX",2020,2079470.0
 48099,"Coryell, TX",2020,1762231.0
 48101,"Cottle, TX",2020,54425.0
 48103,"Crane, TX",2020,361449.0
 48105,"Crockett, TX",2020,401597.0
 48107,"Crosby, TX",2020,213178.0
 48109,"Culberson, TX",2020,1308158.0
 48111,"Dallam, TX",2020,700400.0
 48113,"Dallas, TX",2020,276817411.0
 48115,"Dawson, TX",2020,602326.0
 48117,"Deaf Smith, TX",2020,1392147.0
 48119,"Delta, TX",2020,107222.0
 48121,"Denton, TX",2020,42157989.0
 48123,"DeWitt, TX",2020,2206354.0
 48125,"Dickens, TX",2020,84995.0
 48127,"Dimmit, TX",2020,1700414.0
 48129,"Donley, TX",2020,128979.0
 48131,"Duval, TX",2020,301345.0
 48133,"Eastland, TX",2020,710245.0
 48135,"Ector, TX",2020,10755525.0
 48137,"Edwards, TX",2020,78605.0
 48139,"Ellis, TX",2020,6701374.0
 48141,"El Paso, TX",2020,34485408.0
 48143,"Erath, TX",2020,1687100.0
 48145,"Falls, TX",2020,426831.0
 48147,"Fannin, TX",2020,1017164.0
 48149,"Fayette, TX",2020,1568491.0
 48151,"Fisher, TX",2020,183502.0
 48153,"Floyd, TX",2020,291149.0
 48155,"Foard, TX",2020,93354.0
 48157,"Fort Bend, TX",2020,32405483.0
 48159,"Franklin, TX",2020,377137.0
 48161,"Freestone, TX",2020,877646.0
 48163,"Frio, TX",2020,902929.0
 48165,"Gaines, TX",2020,1382994.0
 48167,"Galveston, TX",2020,15563073.0
 48169,"Garza, TX",2020,179053.0
 48171,"Gillespie, TX",2020,1224373.0
 48173,"Glasscock, TX",2020,1341705.0
 48175,"Goliad, TX",2020,267305.0
 48177,"Gonzales, TX",2020,1738699.0
 48179,"Gray, TX",2020,972056.0
 48181,"Grayson, TX",2020,5225328.0
 48183,"Gregg, TX",2020,7539385.0
 48185,"Grimes, TX",2020,1052587.0
 48187,"Guadalupe, TX",2020,8020505.0
 48189,"Hale, TX",2020,1319900.0
 48191,"Hall, TX",2020,75507.0
 48193,"Hamilton, TX",2020,287636.0
 48195,"Hansford, TX",2020,439534.0
 48197,"Hardeman, TX",2020,190539.0
 48199,"Hardin, TX",2020,1338478.0
 48201,"Harris, TX",2020,387310504.0
 48203,"Harrison, TX",2020,3781043.0
 48205,"Hartley, TX",2020,676614.0
 48207,"Haskell, TX",2020,269551.0
 48209,"Hays, TX",2020,9043203.0
 48211,"Hemphill, TX",2020,361046.0
 48213,"Henderson, TX",2020,1979221.0
 48215,"Hidalgo, TX",2020,23167379.0
 48217,"Hill, TX",2020,1009189.0
 48219,"Hockley, TX",2020,1224851.0
 48221,"Hood, TX",2020,2312648.0
 48223,"Hopkins, TX",2020,1647238.0
 48225,"Houston, TX",2020,947456.0
 48227,"Howard, TX",2020,3686430.0
 48229,"Hudspeth, TX",2020,162924.0
 48231,"Hunt, TX",2020,4480752.0
 48233,"Hutchinson, TX",2020,2402025.0
 48235,"Irion, TX",2020,485599.0
 48237,"Jack, TX",2020,404343.0
 48239,"Jackson, TX",2020,598567.0
 48241,"Jasper, TX",2020,1006484.0
 48243,"Jeff Davis, TX",2020,69099.0
 48245,"Jefferson, TX",2020,16528757.0
 48247,"Jim Hogg, TX",2020,171994.0
 48249,"Jim Wells, TX",2020,1384282.0
 48251,"Johnson, TX",2020,5993285.0
 48253,"Jones, TX",2020,451051.0
 48255,"Karnes, TX",2020,3158923.0
 48257,"Kaufman, TX",2020,4238384.0
 48259,"Kendall, TX",2020,2241982.0
 48261,"Kenedy, TX",2020,175376.0
 48263,"Kent, TX",2020,94465.0
 48265,"Kerr, TX",2020,2267196.0
 48267,"Kimble, TX",2020,144389.0
 48269,"King, TX",2020,52042.0
 48271,"Kinney, TX",2020,122794.0
 48273,"Kleberg, TX",2020,1117552.0
 48275,"Knox, TX",2020,145611.0
 48277,"Lamar, TX",2020,2598267.0
 48279,"Lamb, TX",2020,709593.0
 48281,"Lampasas, TX",2020,549935.0
 48283,"La Salle, TX",2020,1677951.0
 48285,"Lavaca, TX",2020,948225.0
 48287,"Lee, TX",2020,888534.0
 48289,"Leon, TX",2020,645203.0
 48291,"Liberty, TX",2020,2226800.0
 48293,"Limestone, TX",2020,1294733.0
 48295,"Lipscomb, TX",2020,415939.0
 48297,"Live Oak, TX",2020,860513.0
 48299,"Llano, TX",2020,812626.0
 48301,"Loving, TX",2020,3039085.0
 48303,"Lubbock, TX",2020,15051299.0
 48305,"Lynn, TX",2020,268095.0
 48307,"McCulloch, TX",2020,335093.0
 48309,"McLennan, TX",2020,13137466.0
 48311,"McMullen, TX",2020,714935.0
 48313,"Madison, TX",2020,465569.0
 48315,"Marion, TX",2020,259885.0
 48317,"Martin, TX",2020,3380550.0
 48319,"Mason, TX",2020,122884.0
 48321,"Matagorda, TX",2020,2328018.0
 48323,"Maverick, TX",2020,1680487.0
 48325,"Medina, TX",2020,1162476.0
 48327,"Menard, TX",2020,53270.0
 48329,"Midland, TX",2020,19437644.0
 48331,"Milam, TX",2020,580023.0
 48333,"Mills, TX",2020,226630.0
 48335,"Mitchell, TX",2020,259009.0
 48337,"Montague, TX",2020,578082.0
 48339,"Montgomery, TX",2020,32906392.0
 48341,"Moore, TX",2020,1729523.0
 48343,"Morris, TX",2020,481152.0
 48345,"Motley, TX",2020,35953.0
 48347,"Nacogdoches, TX",2020,2507881.0
 48349,"Navarro, TX",2020,1635556.0
 48351,"Newton, TX",2020,437518.0
 48353,"Nolan, TX",2020,920016.0
 48355,"Nueces, TX",2020,18505113.0
 48357,"Ochiltree, TX",2020,693325.0
 48359,"Oldham, TX",2020,303988.0
 48361,"Orange, TX",2020,3672562.0
 48363,"Palo Pinto, TX",2020,1040794.0
 48365,"Panola, TX",2020,1465380.0
 48367,"Parker, TX",2020,4664149.0
 48369,"Parmer, TX",2020,973601.0
 48371,"Pecos, TX",2020,1544993.0
 48373,"Polk, TX",2020,1332816.0
 48375,"Potter, TX",2020,9058926.0
 48377,"Presidio, TX",2020,239934.0
 48379,"Rains, TX",2020,237294.0
 48381,"Randall, TX",2020,4374726.0
 48383,"Reagan, TX",2020,1512960.0
 48385,"Real, TX",2020,84005.0
 48387,"Red River, TX",2020,314772.0
 48389,"Reeves, TX",2020,5672488.0
 48391,"Refugio, TX",2020,264402.0
 48393,"Roberts, TX",2020,131832.0
 48395,"Robertson, TX",2020,2105068.0
 48397,"Rockwall, TX",2020,4536837.0
 48399,"Runnels, TX",2020,297431.0
 48401,"Rusk, TX",2020,2403612.0
 48403,"Sabine, TX",2020,247963.0
 48405,"San Augustine, TX",2020,421816.0
 48407,"San Jacinto, TX",2020,376573.0
 48409,"San Patricio, TX",2020,3340221.0
 48411,"San Saba, TX",2020,166807.0
 48413,"Schleicher, TX",2020,123725.0
 48415,"Scurry, TX",2020,1143113.0
 48417,"Shackelford, TX",2020,228353.0
 48419,"Shelby, TX",2020,1036483.0
 48421,"Sherman, TX",2020,350217.0
 48423,"Smith, TX",2020,11748808.0
 48425,"Somervell, TX",2020,1252906.0
 48427,"Starr, TX",2020,1340792.0
 48429,"Stephens, TX",2020,348067.0
 48431,"Sterling, TX",2020,200344.0
 48433,"Stonewall, TX",2020,96080.0
 48435,"Sutton, TX",2020,222924.0
 48437,"Swisher, TX",2020,394635.0
 48439,"Tarrant, TX",2020,120335158.0
 48441,"Taylor, TX",2020,7126186.0
 48443,"Terrell, TX",2020,46508.0
 48445,"Terry, TX",2020,465888.0
 48447,"Throckmorton, TX",2020,47573.0
 48449,"Titus, TX",2020,1798553.0
 48451,"Tom Green, TX",2020,6580803.0
 48453,"Travis, TX",2020,131870162.0
 48455,"Trinity, TX",2020,274035.0
 48457,"Tyler, TX",2020,419672.0
 48459,"Upshur, TX",2020,840402.0
 48461,"Upton, TX",2020,2131020.0
 48463,"Uvalde, TX",2020,928453.0
 48465,"Val Verde, TX",2020,1850608.0
 48467,"Van Zandt, TX",2020,1306570.0
 48469,"Victoria, TX",2020,4455226.0
 48471,"Walker, TX",2020,2374571.0
 48473,"Waller, TX",2020,3582864.0
 48475,"Ward, TX",2020,1819863.0
 48477,"Washington, TX",2020,1921109.0
 48479,"Webb, TX",2020,10651693.0
 48481,"Wharton, TX",2020,1875559.0
 48483,"Wheeler, TX",2020,327303.0
 48485,"Wichita, TX",2020,6002010.0
 48487,"Wilbarger, TX",2020,752881.0
 48489,"Willacy, TX",2020,459530.0
 48491,"Williamson, TX",2020,27376949.0
 48493,"Wilson, TX",2020,1051919.0
 48495,"Winkler, TX",2020,1038000.0
 48497,"Wise, TX",2020,2758140.0
 48499,"Wood, TX",2020,1423424.0
 48501,"Yoakum, TX",2020,1101332.0
 48503,"Young, TX",2020,801523.0
 48505,"Zapata, TX",2020,489638.0
 48507,"Zavala, TX",2020,441056.0
 49000,Utah,2020,205647901.0
 49001,"Beaver, UT",2020,427251.0
 49003,"Box Elder, UT",2020,2465240.0
 49005,"Cache, UT",2020,6342438.0
 49007,"Carbon, UT",2020,1150203.0
 49009,"Daggett, UT",2020,126839.0
 49011,"Davis, UT",2020,16480033.0
 49013,"Duchesne, UT",2020,963171.0
 49015,"Emery, UT",2020,1024538.0
 49017,"Garfield, UT",2020,270570.0
 49019,"Grand, UT",2020,654105.0
 49021,"Iron, UT",2020,2074142.0
 49023,"Juab, UT",2020,536754.0
 49025,"Kane, UT",2020,399857.0
 49027,"Millard, UT",2020,937625.0
 49029,"Morgan, UT",2020,377544.0
 49031,"Piute, UT",2020,63510.0
 49033,"Rich, UT",2020,149074.0
 49035,"Salt Lake, UT",2020,106458910.0
 49037,"San Juan, UT",2020,464321.0
 49039,"Sanpete, UT",2020,899262.0
 49041,"Sevier, UT",2020,1173011.0
 49043,"Summit, UT",2020,3754300.0
 49045,"Tooele, UT",2020,2101019.0
 49047,"Uintah, UT",2020,1683653.0
 49049,"Utah, UT",2020,32684598.0
 49051,"Wasatch, UT",2020,1210452.0
 49053,"Washington, UT",2020,7744429.0
 49055,"Wayne, UT",2020,112280.0
 49057,"Weber, UT",2020,12918771.0
 50000,Vermont,2020,34414894.0
 50001,"Addison, VT",2020,1664423.0
 50003,"Bennington, VT",2020,1741621.0
 50005,"Caledonia, VT",2020,1219430.0
 50007,"Chittenden, VT",2020,11969154.0
 50009,"Essex, VT",2020,147173.0
 50011,"Franklin, VT",2020,2319274.0
 50013,"Grand Isle, VT",2020,202012.0
 50015,"Lamoille, VT",2020,1173269.0
 50017,"Orange, VT",2020,891201.0
 50019,"Orleans, VT",2020,1138109.0
 50021,"Rutland, VT",2020,2690447.0
 50023,"Washington, VT",2020,3954828.0
 50025,"Windham, VT",2020,2462604.0
 50027,"Windsor, VT",2020,2841351.0
 51000,Virginia,2020,565466761.0
 51001,"Accomack, VA",2020,1902520.0
 51007,"Amelia, VA",2020,277875.0
 51009,"Amherst, VA",2020,814831.0
 51011,"Appomattox, VA",2020,319991.0
 51013,"Arlington, VA",2020,38110434.0
 51017,"Bath, VA",2020,207121.0
 51019,"Bedford, VA*",2020,2029972.0
 51021,"Bland, VA",2020,217252.0
 51023,"Botetourt, VA",2020,1339727.0
 51025,"Brunswick, VA",2020,927070.0
 51027,"Buchanan, VA",2020,920847.0
 51029,"Buckingham, VA",2020,584470.0
 51033,"Caroline, VA",2020,845945.0
 51036,"Charles City, VA",2020,244145.0
 51037,"Charlotte, VA",2020,283830.0
 51041,"Chesterfield, VA",2020,17015237.0
 51043,"Clarke, VA",2020,462304.0
 51045,"Craig, VA",2020,107430.0
 51047,"Culpeper, VA",2020,1954134.0
 51049,"Cumberland, VA",2020,139004.0
 51051,"Dickenson, VA",2020,483429.0
 51057,"Essex, VA",2020,383774.0
 51061,"Fauquier, VA",2020,3033111.0
 51063,"Floyd, VA",2020,407308.0
 51065,"Fluvanna, VA",2020,866893.0
 51067,"Franklin, VA",2020,1651516.0
 51071,"Giles, VA",2020,558962.0
 51073,"Gloucester, VA",2020,975014.0
 51075,"Goochland, VA",2020,3128605.0
 51077,"Grayson, VA",2020,294953.0
 51079,"Greene, VA",2020,464079.0
 51083,"Halifax, VA",2020,1217024.0
 51085,"Hanover, VA",2020,6323448.0
 51087,"Henrico, VA",2020,31029798.0
 51091,"Highland, VA",2020,64637.0
 51093,"Isle of Wight, VA",2020,1396812.0
 51097,"King and Queen, VA",2020,159757.0
 51099,"King George, VA",2020,2136391.0
 51101,"King William, VA",2020,547009.0
 51103,"Lancaster, VA",2020,516056.0
 51105,"Lee, VA",2020,427831.0
 51107,"Loudoun, VA",2020,29877377.0
 51109,"Louisa, VA",2020,2290996.0
 51111,"Lunenburg, VA",2020,255760.0
 51113,"Madison, VA",2020,376528.0
 51115,"Mathews, VA",2020,208806.0
 51117,"Mecklenburg, VA",2020,1158268.0
 51119,"Middlesex, VA",2020,392648.0
 51125,"Nelson, VA",2020,532899.0
 51127,"New Kent, VA",2020,669120.0
 51131,"Northampton, VA",2020,520836.0
 51133,"Northumberland, VA",2020,400945.0
 51135,"Nottoway, VA",2020,528011.0
 51137,"Orange, VA",2020,1209338.0
 51139,"Page, VA",2020,572957.0
 51141,"Patrick, VA",2020,402799.0
 51145,"Powhatan, VA",2020,882550.0
 51147,"Prince Edward, VA",2020,764805.0
 51155,"Pulaski, VA",2020,1333724.0
 51157,"Rappahannock, VA",2020,293595.0
 51159,"Richmond, VA",2020,309039.0
 51167,"Russell, VA",2020,724903.0
 51169,"Scott, VA",2020,445096.0
 51171,"Shenandoah, VA",2020,1801816.0
 51173,"Smyth, VA",2020,1038580.0
 51179,"Stafford, VA",2020,6471200.0
 51181,"Surry, VA",2020,1188959.0
 51183,"Sussex, VA",2020,366604.0
 51185,"Tazewell, VA",2020,1211492.0
 51187,"Warren, VA",2020,1881041.0
 51193,"Westmoreland, VA",2020,516832.0
 51197,"Wythe, VA",2020,1508143.0
 51510,"Alexandria (Independent City), VA",2020,15362443.0
 51550,"Chesapeake (Independent City), VA",2020,11445533.0
 51650,"Hampton (Independent City), VA",2020,7051572.0
 51700,"Newport News (Independent City), VA",2020,14509057.0
 51710,"Norfolk (Independent City), VA",2020,20205788.0
 51740,"Portsmouth (Independent City), VA",2020,6511488.0
 51760,"Richmond (Independent City), VA",2020,25279598.0
 51770,"Roanoke (Independent City), VA",2020,7488083.0
 51800,"Suffolk (Independent City), VA",2020,4313107.0
 51810,"Virginia Beach (Independent City), VA",2020,23650125.0
 51901,"Albemarle + Charlottesville, VA*",2020,12331659.0
 51903,"Alleghany + Covington, VA*",2020,865531.0
 51907,"Augusta, Staunton + Waynesboro, VA*",2020,5293091.0
 51911,"Campbell + Lynchburg, VA*",2020,7601182.0
 51913,"Carroll + Galax, VA*",2020,985401.0
 51918,"Dinwiddie, Colonial Heights + Petersburg, VA*",2020,2980977.0
 51919,"Fairfax, Fairfax City + Falls Church, VA*",2020,130155585.0
 51921,"Frederick + Winchester, VA*",2020,7322681.0
 51923,"Greensville + Emporia, VA*",2020,1478432.0
 51929,"Henry + Martinsville, VA*",2020,2309467.0
 51931,"James City + Williamsburg, VA*",2020,5620808.0
 51933,"Montgomery + Radford, VA*",2020,5734519.0
 51939,"Pittsylvania + Danville, VA*",2020,3577635.0
 51941,"Prince George + Hopewell, VA*",2020,4130213.0
 51942,"Prince William, Manassas + Manassas Park, VA*",2020,23118725.0
 51944,"Roanoke + Salem, VA*",2020,6265091.0
 51945,"Rockbridge, Buena Vista + Lexington, VA*",2020,1314272.0
 51947,"Rockingham + Harrisonburg, VA*",2020,8098717.0
 51949,"Southampton + Franklin, VA*",2020,807364.0
 51951,"Spotsylvania + Fredericksburg, VA*",2020,6804432.0
 51953,"Washington + Bristol, VA*",2020,3565653.0
 51955,"Wise + Norton, VA*",2020,1533325.0
 51958,"York + Poquoson, VA*",2020,2848991.0
 53000,Washington,2020,620132884.0
 53001,"Adams, WA",2020,937969.0
 53003,"Asotin, WA",2020,710679.0
 53005,"Benton, WA",2020,12290760.0
 53007,"Chelan, WA",2020,4865292.0
 53009,"Clallam, WA",2020,2734613.0
 53011,"Clark, WA",2020,23775514.0
 53013,"Columbia, WA",2020,347807.0
 53015,"Cowlitz, WA",2020,5617522.0
 53017,"Douglas, WA",2020,1990740.0
 53019,"Ferry, WA",2020,208676.0
 53021,"Franklin, WA",2020,4179905.0
 53023,"Garfield, WA",2020,178702.0
 53025,"Grant, WA",2020,6022806.0
 53027,"Grays Harbor, WA",2020,2642030.0
 53029,"Island, WA",2020,3587332.0
 53031,"Jefferson, WA",2020,1297813.0
 53033,"King, WA",2020,342062651.0
 53035,"Kitsap, WA",2020,13718529.0
 53037,"Kittitas, WA",2020,1969364.0
 53039,"Klickitat, WA",2020,1585747.0
 53041,"Lewis, WA",2020,3674521.0
 53043,"Lincoln, WA",2020,509545.0
 53045,"Mason, WA",2020,1733891.0
 53047,"Okanogan, WA",2020,1566689.0
 53049,"Pacific, WA",2020,790949.0
 53051,"Pend Oreille, WA",2020,519969.0
 53053,"Pierce, WA",2020,48267930.0
 53055,"San Juan, WA",2020,839622.0
 53057,"Skagit, WA",2020,6861431.0
 53059,"Skamania, WA",2020,292457.0
 53061,"Snohomish, WA",2020,48423724.0
 53063,"Spokane, WA",2020,28485537.0
 53065,"Stevens, WA",2020,1185374.0
 53067,"Thurston, WA",2020,14884761.0
 53069,"Wahkiakum, WA",2020,107735.0
 53071,"Walla Walla, WA",2020,3442935.0
 53073,"Whatcom, WA",2020,13879356.0
 53075,"Whitman, WA",2020,2777500.0
 53077,"Yakima, WA",2020,11164509.0
 54000,West Virginia,2020,77430879.0
 54001,"Barbour, WV",2020,399514.0
 54003,"Berkeley, WV",2020,4286841.0
 54005,"Boone, WV",2020,615656.0
 54007,"Braxton, WV",2020,344979.0
 54009,"Brooke, WV",2020,906384.0
 54011,"Cabell, WV",2020,5067939.0
 54013,"Calhoun, WV",2020,119894.0
 54015,"Clay, WV",2020,131022.0
 54017,"Doddridge, WV",2020,531689.0
 54019,"Fayette, WV",2020,1054715.0
 54021,"Gilmer, WV",2020,184220.0
 54023,"Grant, WV",2020,498044.0
 54025,"Greenbrier, WV",2020,1217604.0
 54027,"Hampshire, WV",2020,487533.0
 54029,"Hancock, WV",2020,972473.0
 54031,"Hardy, WV",2020,640385.0
 54033,"Harrison, WV",2020,4479788.0
 54035,"Jackson, WV",2020,937150.0
 54037,"Jefferson, WV",2020,1880830.0
 54039,"Kanawha, WV",2020,10944780.0
 54041,"Lewis, WV",2020,574072.0
 54043,"Lincoln, WV",2020,247058.0
 54045,"Logan, WV",2020,1186769.0
 54047,"McDowell, WV",2020,547540.0
 54049,"Marion, WV",2020,2057617.0
 54051,"Marshall, WV",2020,2431068.0
 54053,"Mason, WV",2020,797792.0
 54055,"Mercer, WV",2020,1777285.0
 54057,"Mineral, WV",2020,897903.0
 54059,"Mingo, WV",2020,522720.0
 54061,"Monongalia, WV",2020,7207164.0
 54063,"Monroe, WV",2020,244146.0
 54065,"Morgan, WV",2020,360905.0
 54067,"Nicholas, WV",2020,683095.0
 54069,"Ohio, WV",2020,3587198.0
 54071,"Pendleton, WV",2020,157697.0
 54073,"Pleasants, WV",2020,487336.0
 54075,"Pocahontas, WV",2020,298560.0
 54077,"Preston, WV",2020,810792.0
 54079,"Putnam, WV",2020,2972767.0
 54081,"Raleigh, WV",2020,3134209.0
 54083,"Randolph, WV",2020,962180.0
 54085,"Ritchie, WV",2020,565685.0
 54087,"Roane, WV",2020,315642.0
 54089,"Summers, WV",2020,233217.0
 54091,"Taylor, WV",2020,586548.0
 54093,"Tucker, WV",2020,326570.0
 54095,"Tyler, WV",2020,770479.0
 54097,"Upshur, WV",2020,750075.0
 54099,"Wayne, WV",2020,1018611.0
 54101,"Webster, WV",2020,166333.0
 54103,"Wetzel, WV",2020,755629.0
 54105,"Wirt, WV",2020,70220.0
 54107,"Wood, WV",2020,3690550.0
 54109,"Wyoming, WV",2020,534005.0
 55000,Wisconsin,2020,343272231.0
 55001,"Adams, WI",2020,621602.0
 55003,"Ashland, WI",2020,748013.0
 55005,"Barron, WI",2020,2209628.0
 55007,"Bayfield, WI",2020,445433.0
 55009,"Brown, WI",2020,19534066.0
 55011,"Buffalo, WI",2020,551996.0
 55013,"Burnett, WI",2020,550869.0
 55015,"Calumet, WI",2020,1650750.0
 55017,"Chippewa, WI",2020,2890258.0
 55019,"Clark, WI",2020,1407379.0
 55021,"Columbia, WI",2020,2944967.0
 55023,"Crawford, WI",2020,756752.0
 55025,"Dane, WI",2020,46392393.0
 55027,"Dodge, WI",2020,3817933.0
 55029,"Door, WI",2020,1389636.0
 55031,"Douglas, WI",2020,1908358.0
 55033,"Dunn, WI",2020,1961222.0
 55035,"Eau Claire, WI",2020,6498024.0
 55037,"Florence, WI",2020,127657.0
 55039,"Fond du Lac, WI",2020,5360278.0
 55041,"Forest, WI",2020,327516.0
 55043,"Grant, WI",2020,2270087.0
 55045,"Green, WI",2020,1812025.0
 55047,"Green Lake, WI",2020,656003.0
 55049,"Iowa, WI",2020,1173614.0
 55051,"Iron, WI",2020,181218.0
 55053,"Jackson, WI",2020,878612.0
 55055,"Jefferson, WI",2020,3627331.0
 55057,"Juneau, WI",2020,966393.0
 55059,"Kenosha, WI",2020,7763314.0
 55061,"Kewaunee, WI",2020,774488.0
 55063,"La Crosse, WI",2020,7895105.0
 55065,"Lafayette, WI",2020,617116.0
 55067,"Langlade, WI",2020,785165.0
 55069,"Lincoln, WI",2020,1409673.0
 55071,"Manitowoc, WI",2020,4090201.0
 55073,"Marathon, WI",2020,9053666.0
 55075,"Marinette, WI",2020,1973986.0
 55077,"Marquette, WI",2020,443524.0
 55078,"Menominee, WI",2020,162736.0
 55079,"Milwaukee, WI",2020,60135194.0
 55081,"Monroe, WI",2020,2387463.0
 55083,"Oconto, WI",2020,1067791.0
 55085,"Oneida, WI",2020,1840782.0
 55087,"Outagamie, WI",2020,13181532.0
 55089,"Ozaukee, WI",2020,5439945.0
 55091,"Pepin, WI",2020,293460.0
 55093,"Pierce, WI",2020,1227728.0
 55095,"Polk, WI",2020,1668466.0
 55097,"Portage, WI",2020,4310673.0
 55099,"Price, WI",2020,609180.0
 55101,"Racine, WI",2020,8880771.0
 55103,"Richland, WI",2020,711686.0
 55105,"Rock, WI",2020,7919606.0
 55107,"Rusk, WI",2020,579369.0
 55109,"St. Croix, WI",2020,4282487.0
 55111,"Sauk, WI",2020,3991092.0
 55113,"Sawyer, WI",2020,731581.0
 55115,"Shawano, WI",2020,1387359.0
 55117,"Sheboygan, WI",2020,7295618.0
 55119,"Taylor, WI",2020,908130.0
 55121,"Trempealeau, WI",2020,1379076.0
 55123,"Vernon, WI",2020,1184459.0
 55125,"Vilas, WI",2020,955643.0
 55127,"Walworth, WI",2020,4660340.0
 55129,"Washburn, WI",2020,619652.0
 55131,"Washington, WI",2020,6786446.0
 55133,"Waukesha, WI",2020,32090117.0
 55135,"Waupaca, WI",2020,1969427.0
 55137,"Waushara, WI",2020,665583.0
 55139,"Winnebago, WI",2020,11122585.0
 55141,"Wood, WI",2020,4360003.0
 56000,Wyoming,2020,36709641.0
 56001,"Albany, WY",2020,1660889.0
 56003,"Big Horn, WY",2020,510374.0
 56005,"Campbell, WY",2020,5188845.0
 56007,"Carbon, WY",2020,1008168.0
 56009,"Converse, WY",2020,1343978.0
 56011,"Crook, WY",2020,331185.0
 56013,"Fremont, WY",2020,1597537.0
 56015,"Goshen, WY",2020,478310.0
 56017,"Hot Springs, WY",2020,285138.0
 56019,"Johnson, WY",2020,391306.0
 56021,"Laramie, WY",2020,5848945.0
 56023,"Lincoln, WY",2020,855794.0
 56025,"Natrona, WY",2020,5200869.0
 56027,"Niobrara, WY",2020,134032.0
 56029,"Park, WY",2020,1400730.0
 56031,"Platte, WY",2020,579343.0
 56033,"Sheridan, WY",2020,1429897.0
 56035,"Sublette, WY",2020,747388.0
 56037,"Sweetwater, WY",2020,3403365.0
 56039,"Teton, WY",2020,2851799.0
 56041,"Uinta, WY",2020,820273.0
 56043,"Washakie, WY",2020,362761.0
 56045,"Weston, WY",2020,278716.0
 91000,New England,2020,1127826998.0
 92000,Mideast,2020,3819558655.0
 93000,Great Lakes,2020,2804937896.0
 94000,Plains,2020,1336823238.0
 95000,Southeast,2020,4609791490.0
 96000,Southwest,2020,2484272963.0
 97000,Rocky Mountain,2020,780157535.0
 98000,Far West,2020,4260931225.0
 00000,United States *,2021,23681171000.0
 01000,Alabama,2021,260018429.0
 01001,"Autauga, AL",2021,1954645.0
 01003,"Baldwin, AL",2021,9847424.0
 01005,"Barbour, AL",2021,868828.0
 01007,"Bibb, AL",2021,530401.0
 01009,"Blount, AL",2021,1162103.0
 01011,"Bullock, AL",2021,295659.0
 01013,"Butler, AL",2021,739464.0
 01015,"Calhoun, AL",2021,5235064.0
 01017,"Chambers, AL",2021,950573.0
 01019,"Cherokee, AL",2021,666059.0
 01021,"Chilton, AL",2021,1257119.0
 01023,"Choctaw, AL",2021,624392.0
 01025,"Clarke, AL",2021,1001885.0
 01027,"Clay, AL",2021,480937.0
 01029,"Cleburne, AL",2021,367654.0
 01031,"Coffee, AL",2021,1789481.0
 01033,"Colbert, AL",2021,2884831.0
 01035,"Conecuh, AL",2021,450860.0
 01037,"Coosa, AL",2021,201743.0
 01039,"Covington, AL",2021,1440567.0
 01041,"Crenshaw, AL",2021,446398.0
 01043,"Cullman, AL",2021,3399073.0
 01045,"Dale, AL",2021,3202161.0
 01047,"Dallas, AL",2021,1397756.0
 01049,"DeKalb, AL",2021,2330098.0
 01051,"Elmore, AL",2021,2312961.0
 01053,"Escambia, AL",2021,1373519.0
 01055,"Etowah, AL",2021,3262788.0
 01057,"Fayette, AL",2021,399684.0
 01059,"Franklin, AL",2021,1077493.0
 01061,"Geneva, AL",2021,665488.0
 01063,"Greene, AL",2021,223807.0
 01065,"Hale, AL",2021,305206.0
 01067,"Henry, AL",2021,545830.0
 01069,"Houston, AL",2021,6690574.0
 01071,"Jackson, AL",2021,1714676.0
 01073,"Jefferson, AL",2021,53490269.0
 01075,"Lamar, AL",2021,395196.0
 01077,"Lauderdale, AL",2021,3134692.0
 01079,"Lawrence, AL",2021,689202.0
 01081,"Lee, AL",2021,7394950.0
 01083,"Limestone, AL",2021,5316173.0
 01085,"Lowndes, AL",2021,442312.0
 01087,"Macon, AL",2021,592632.0
 01089,"Madison, AL",2021,29855509.0
 01091,"Marengo, AL",2021,918904.0
 01093,"Marion, AL",2021,1100557.0
 01095,"Marshall, AL",2021,4190668.0
 01097,"Mobile, AL",2021,24506837.0
 01099,"Monroe, AL",2021,749547.0
 01101,"Montgomery, AL",2021,15686474.0
 01103,"Morgan, AL",2021,6718367.0
 01105,"Perry, AL",2021,214412.0
 01107,"Pickens, AL",2021,516743.0
 01109,"Pike, AL",2021,1733416.0
 01111,"Randolph, AL",2021,576453.0
 01113,"Russell, AL",2021,1790893.0
 01115,"St. Clair, AL",2021,2338247.0
 01117,"Shelby, AL",2021,14377695.0
 01119,"Sumter, AL",2021,361190.0
 01121,"Talladega, AL",2021,3338773.0
 01123,"Tallapoosa, AL",2021,1560492.0
 01125,"Tuscaloosa, AL",2021,11556558.0
 01127,"Walker, AL",2021,1912606.0
 01129,"Washington, AL",2021,1022331.0
 01131,"Wilcox, AL",2021,397419.0
 01133,"Winston, AL",2021,1041712.0
 02000,Alaska,2021,58943537.0
 02013,"Aleutians East Borough, AK",2021,305203.0
 02016,"Aleutians West Census Area, AK",2021,939348.0
 02020,"Anchorage Municipality, AK",2021,25641548.0
 02050,"Bethel Census Area, AK",2021,730177.0
 02060,"Bristol Bay Borough, AK",2021,159140.0
 02063,"Chugach Census Area, AK*",2021,1426984.0
 02066,"Copper River Census Area, AK*",2021,132650.0
 02068,"Denali Borough, AK",2021,283943.0
 02070,"Dillingham Census Area, AK",2021,265356.0
 02090,"Fairbanks North Star Borough, AK",2021,6508091.0
 02100,"Haines Borough, AK",2021,106836.0
 02105,"Hoonah-Angoon Census Area, AK*",2021,94790.0
 02110,"Juneau City and Borough, AK",2021,2768752.0
 02122,"Kenai Peninsula Borough, AK",2021,3030486.0
 02130,"Ketchikan Gateway Borough, AK*",2021,948519.0
 02150,"Kodiak Island Borough, AK",2021,847264.0
 02158,"Kusilvak Census Area, AK*",2021,168655.0
 02164,"Lake and Peninsula Borough, AK",2021,114260.0
 02170,"Matanuska-Susitna Borough, AK",2021,3427605.0
 02180,"Nome Census Area, AK",2021,473643.0
 02185,"North Slope Borough, AK",2021,7404016.0
 02188,"Northwest Arctic Borough, AK",2021,727357.0
 02195,"Petersburg Borough, AK*",2021,194618.0
 02198,"Prince of Wales-Hyder Census Area, AK*",2021,272699.0
 02201,"Prince of Wales-Outer Ketchikan Census Area, AK*",2021,
 02220,"Sitka City and Borough, AK",2021,564108.0
 02230,"Skagway Municipality, AK*",2021,78209.0
 02232,"Skagway-Hoonah-Angoon Census Area, AK*",2021,
 02240,"Southeast Fairbanks Census Area, AK",2021,871700.0
 02261,"Valdez-Cordova Census Area, AK*",2021,
 02275,"Wrangell City and Borough, AK*",2021,92795.0
 02280,"Wrangell-Petersburg Census Area, AK*",2021,
 02282,"Yakutat City and Borough, AK*",2021,42199.0
 02290,"Yukon-Koyukuk Census Area, AK",2021,322585.0
 04000,Arizona,2021,436778582.0
 04001,"Apache, AZ",2021,2700885.0
 04003,"Cochise, AZ",2021,5458610.0
 04005,"Coconino, AZ",2021,8431454.0
 04007,"Gila, AZ",2021,2165447.0
 04009,"Graham, AZ",2021,1619014.0
 04011,"Greenlee, AZ",2021,2328873.0
 04012,"La Paz, AZ",2021,857009.0
 04013,"Maricopa, AZ",2021,318374757.0
 04015,"Mohave, AZ",2021,7326211.0
 04017,"Navajo, AZ",2021,3248562.0
 04019,"Pima, AZ",2021,52691673.0
 04021,"Pinal, AZ",2021,11245784.0
 04023,"Santa Cruz, AZ",2021,2321260.0
 04025,"Yavapai, AZ",2021,9258930.0
 04027,"Yuma, AZ",2021,8750112.0
 05000,Arkansas,2021,154052451.0
 05001,"Arkansas, AR",2021,1289436.0
 05003,"Ashley, AR",2021,935226.0
 05005,"Baxter, AR",2021,1817937.0
 05007,"Benton, AR",2021,19479793.0
 05009,"Boone, AR",2021,1654902.0
 05011,"Bradley, AR",2021,423589.0
 05013,"Calhoun, AR",2021,399514.0
 05015,"Carroll, AR",2021,1020548.0
 05017,"Chicot, AR",2021,345071.0
 05019,"Clark, AR",2021,946924.0
 05021,"Clay, AR",2021,429733.0
 05023,"Cleburne, AR",2021,731565.0
 05025,"Cleveland, AR",2021,153315.0
 05027,"Columbia, AR",2021,1134145.0
 05029,"Conway, AR",2021,856716.0
 05031,"Craighead, AR",2021,5976594.0
 05033,"Crawford, AR",2021,1994060.0
 05035,"Crittenden, AR",2021,1991463.0
 05037,"Cross, AR",2021,536256.0
 05039,"Dallas, AR",2021,319300.0
 05041,"Desha, AR",2021,653741.0
 05043,"Drew, AR",2021,706318.0
 05045,"Faulkner, AR",2021,4500071.0
 05047,"Franklin, AR",2021,484805.0
 05049,"Fulton, AR",2021,226981.0
 05051,"Garland, AR",2021,3955346.0
 05053,"Grant, AR",2021,494917.0
 05055,"Greene, AR",2021,1839944.0
 05057,"Hempstead, AR",2021,1119709.0
 05059,"Hot Spring, AR",2021,1265378.0
 05061,"Howard, AR",2021,709104.0
 05063,"Independence, AR",2021,2052551.0
 05065,"Izard, AR",2021,325211.0
 05067,"Jackson, AR",2021,844633.0
 05069,"Jefferson, AR",2021,3466150.0
 05071,"Johnson, AR",2021,808964.0
 05073,"Lafayette, AR",2021,157986.0
 05075,"Lawrence, AR",2021,496919.0
 05077,"Lee, AR",2021,221455.0
 05079,"Lincoln, AR",2021,306786.0
 05081,"Little River, AR",2021,542520.0
 05083,"Logan, AR",2021,522218.0
 05085,"Lonoke, AR",2021,1670770.0
 05087,"Madison, AR",2021,485393.0
 05089,"Marion, AR",2021,685503.0
 05091,"Miller, AR",2021,1542209.0
 05093,"Mississippi, AR",2021,3920165.0
 05095,"Monroe, AR",2021,231988.0
 05097,"Montgomery, AR",2021,162935.0
 05099,"Nevada, AR",2021,269629.0
 05101,"Newton, AR",2021,119703.0
 05103,"Ouachita, AR",2021,729353.0
 05105,"Perry, AR",2021,193040.0
 05107,"Phillips, AR",2021,661099.0
 05109,"Pike, AR",2021,311813.0
 05111,"Poinsett, AR",2021,690284.0
 05113,"Polk, AR",2021,665399.0
 05115,"Pope, AR",2021,3417920.0
 05117,"Prairie, AR",2021,233936.0
 05119,"Pulaski, AR",2021,33681613.0
 05121,"Randolph, AR",2021,622635.0
 05123,"St. Francis, AR",2021,833945.0
 05125,"Saline, AR",2021,3396873.0
 05127,"Scott, AR",2021,386845.0
 05129,"Searcy, AR",2021,214211.0
 05131,"Sebastian, AR",2021,7775004.0
 05133,"Sevier, AR",2021,555603.0
 05135,"Sharp, AR",2021,415509.0
 05137,"Stone, AR",2021,290448.0
 05139,"Union, AR",2021,3018021.0
 05141,"Van Buren, AR",2021,451142.0
 05143,"Washington, AR",2021,14564389.0
 05145,"White, AR",2021,2710993.0
 05147,"Woodruff, AR",2021,302167.0
 05149,"Yell, AR",2021,704119.0
 06000,California,2021,3423958296.0
 06001,"Alameda, CA",2021,156948266.0
 06003,"Alpine, CA",2021,116804.0
 06005,"Amador, CA",2021,1799266.0
 06007,"Butte, CA",2021,10359977.0
 06009,"Calaveras, CA",2021,1543887.0
 06011,"Colusa, CA",2021,1625288.0
 06013,"Contra Costa, CA",2021,85181918.0
 06015,"Del Norte, CA",2021,919535.0
 06017,"El Dorado, CA",2021,9099352.0
 06019,"Fresno, CA",2021,51935002.0
 06021,"Glenn, CA",2021,1239638.0
 06023,"Humboldt, CA",2021,6353048.0
 06025,"Imperial, CA",2021,9800255.0
 06027,"Inyo, CA",2021,1287312.0
 06029,"Kern, CA",2021,53155039.0
 06031,"Kings, CA",2021,7516244.0
 06033,"Lake, CA",2021,2210639.0
 06035,"Lassen, CA",2021,1314186.0
 06037,"Los Angeles, CA",2021,841953895.0
 06039,"Madera, CA",2021,7343198.0
 06041,"Marin, CA",2021,33493998.0
 06043,"Mariposa, CA",2021,765721.0
 06045,"Mendocino, CA",2021,4089992.0
 06047,"Merced, CA",2021,10599980.0
 06049,"Modoc, CA",2021,526826.0
 06051,"Mono, CA",2021,1151808.0
 06053,"Monterey, CA",2021,31351592.0
 06055,"Napa, CA",2021,12742654.0
 06057,"Nevada, CA",2021,4994542.0
 06059,"Orange, CA",2021,294201603.0
 06061,"Placer, CA",2021,28958286.0
 06063,"Plumas, CA",2021,981323.0
 06065,"Riverside, CA",2021,107209320.0
 06067,"Sacramento, CA",2021,108463256.0
 06069,"San Benito, CA",2021,2636970.0
 06071,"San Bernardino, CA",2021,112826320.0
 06073,"San Diego, CA",2021,273008040.0
 06075,"San Francisco, CA",2021,250329651.0
 06077,"San Joaquin, CA",2021,38141184.0
 06079,"San Luis Obispo, CA",2021,20300112.0
 06081,"San Mateo, CA",2021,177041506.0
 06083,"Santa Barbara, CA",2021,34592148.0
 06085,"Santa Clara, CA",2021,385707411.0
 06087,"Santa Cruz, CA",2021,18258261.0
 06089,"Shasta, CA",2021,9452467.0
 06091,"Sierra, CA",2021,101656.0
 06093,"Siskiyou, CA",2021,1875840.0
 06095,"Solano, CA",2021,35742043.0
 06097,"Sonoma, CA",2021,35119469.0
 06099,"Stanislaus, CA",2021,26705905.0
 06101,"Sutter, CA",2021,4431691.0
 06103,"Tehama, CA",2021,2423304.0
 06105,"Trinity, CA",2021,450810.0
 06107,"Tulare, CA",2021,20960274.0
 06109,"Tuolumne, CA",2021,2690565.0
 06111,"Ventura, CA",2021,58747103.0
 06113,"Yolo, CA",2021,17538520.0
 06115,"Yuba, CA",2021,3643396.0
 08000,Colorado,2021,445835686.0
 08001,"Adams, CO*",2021,34195959.0
 08003,"Alamosa, CO",2021,795435.0
 08005,"Arapahoe, CO",2021,55274464.0
 08007,"Archuleta, CO",2021,623648.0
 08009,"Baca, CO",2021,147889.0
 08011,"Bent, CO",2021,150513.0
 08013,"Boulder, CO*",2021,33167421.0
 08014,"Broomfield, CO*",2021,9441016.0
 08015,"Chaffee, CO",2021,999030.0
 08017,"Cheyenne, CO",2021,310006.0
 08019,"Clear Creek, CO",2021,523152.0
 08021,"Conejos, CO",2021,237904.0
 08023,"Costilla, CO",2021,91673.0
 08025,"Crowley, CO",2021,137230.0
 08027,"Custer, CO",2021,174599.0
 08029,"Delta, CO",2021,961508.0
 08031,"Denver, CO",2021,97066133.0
 08033,"Dolores, CO",2021,115334.0
 08035,"Douglas, CO",2021,23870315.0
 08037,"Eagle, CO",2021,5101371.0
 08039,"Elbert, CO",2021,887027.0
 08041,"El Paso, CO",2021,43871510.0
 08043,"Fremont, CO",2021,1675767.0
 08045,"Garfield, CO",2021,4401551.0
 08047,"Gilpin, CO",2021,726522.0
 08049,"Grand, CO",2021,1122822.0
 08051,"Gunnison, CO",2021,1213933.0
 08053,"Hinsdale, CO",2021,43061.0
 08055,"Huerfano, CO",2021,289562.0
 08057,"Jackson, CO",2021,121000.0
 08059,"Jefferson, CO*",2021,37772227.0
 08061,"Kiowa, CO",2021,115414.0
 08063,"Kit Carson, CO",2021,571460.0
 08065,"Lake, CO",2021,369309.0
 08067,"La Plata, CO",2021,3632983.0
 08069,"Larimer, CO",2021,23430538.0
 08071,"Las Animas, CO",2021,603799.0
 08073,"Lincoln, CO",2021,447691.0
 08075,"Logan, CO",2021,1184347.0
 08077,"Mesa, CO",2021,7636469.0
 08079,"Mineral, CO",2021,67741.0
 08081,"Moffat, CO",2021,1240530.0
 08083,"Montezuma, CO",2021,1581362.0
 08085,"Montrose, CO",2021,1848071.0
 08087,"Morgan, CO",2021,1703794.0
 08089,"Otero, CO",2021,654764.0
 08091,"Ouray, CO",2021,303592.0
 08093,"Park, CO",2021,515918.0
 08095,"Phillips, CO",2021,227321.0
 08097,"Pitkin, CO",2021,2710612.0
 08099,"Prowers, CO",2021,582008.0
 08101,"Pueblo, CO",2021,7420421.0
 08103,"Rio Blanco, CO",2021,705217.0
 08105,"Rio Grande, CO",2021,506499.0
 08107,"Routt, CO",2021,2371363.0
 08109,"Saguache, CO",2021,231011.0
 08111,"San Juan, CO",2021,43257.0
 08113,"San Miguel, CO",2021,834590.0
 08115,"Sedgwick, CO",2021,92379.0
 08117,"Summit, CO",2021,3164409.0
 08119,"Teller, CO",2021,1177522.0
 08121,"Washington, CO",2021,199718.0
 08123,"Weld, CO*",2021,23654351.0
 08125,"Yuma, CO",2021,497636.0
 09000,Connecticut,2021,296801348.0
 09001,"Fairfield, CT",2021,98170180.0
 09003,"Hartford, CT",2021,89369603.0
 09005,"Litchfield, CT",2021,9976486.0
 09007,"Middlesex, CT",2021,10481530.0
 09009,"New Haven, CT",2021,57184352.0
 09011,"New London, CT",2021,20385783.0
 09013,"Tolland, CT",2021,5929939.0
 09015,"Windham, CT",2021,5303475.0
 10000,Delaware,2021,83069833.0
 10001,"Kent, DE",2021,9296228.0
 10003,"New Castle, DE",2021,57870179.0
 10005,"Sussex, DE",2021,15903426.0
 11000,District of Columbia,2021,156537499.0
 11001,"District of Columbia, DC",2021,156537499.0
 12000,Florida,2021,1298631183.0
 12001,"Alachua, FL",2021,16724578.0
 12003,"Baker, FL",2021,852820.0
 12005,"Bay, FL",2021,10589165.0
 12007,"Bradford, FL",2021,744164.0
 12009,"Brevard, FL",2021,32169344.0
 12011,"Broward, FL",2021,132540386.0
 12013,"Calhoun, FL",2021,351518.0
 12015,"Charlotte, FL",2021,7040599.0
 12017,"Citrus, FL",2021,5269687.0
 12019,"Clay, FL",2021,6580763.0
 12021,"Collier, FL",2021,25668045.0
 12023,"Columbia, FL",2021,2697100.0
 12027,"DeSoto, FL",2021,1090932.0
 12029,"Dixie, FL",2021,340699.0
 12031,"Duval, FL",2021,80332971.0
 12033,"Escambia, FL",2021,19158274.0
 12035,"Flagler, FL",2021,3603859.0
 12037,"Franklin, FL",2021,412444.0
 12039,"Gadsden, FL",2021,1454081.0
 12041,"Gilchrist, FL",2021,440384.0
 12043,"Glades, FL",2021,344542.0
 12045,"Gulf, FL",2021,505512.0
 12047,"Hamilton, FL",2021,594058.0
 12049,"Hardee, FL",2021,1364925.0
 12051,"Hendry, FL",2021,1528725.0
 12053,"Hernando, FL",2021,5281856.0
 12055,"Highlands, FL",2021,2880707.0
 12057,"Hillsborough, FL",2021,114922459.0
 12059,"Holmes, FL",2021,434695.0
 12061,"Indian River, FL",2021,8760809.0
 12063,"Jackson, FL",2021,1544210.0
 12065,"Jefferson, FL",2021,304871.0
 12067,"Lafayette, FL",2021,167062.0
 12069,"Lake, FL",2021,12902484.0
 12071,"Lee, FL",2021,40243614.0
 12073,"Leon, FL",2021,17797742.0
 12075,"Levy, FL",2021,1170594.0
 12077,"Liberty, FL",2021,383720.0
 12079,"Madison, FL",2021,490562.0
 12081,"Manatee, FL",2021,19116441.0
 12083,"Marion, FL",2021,12994214.0
 12085,"Martin, FL",2021,9489209.0
 12086,"Miami-Dade, FL",2021,193684478.0
 12087,"Monroe, FL",2021,6238339.0
 12089,"Nassau, FL",2021,3713656.0
 12091,"Okaloosa, FL",2021,15286103.0
 12093,"Okeechobee, FL",2021,1947005.0
 12095,"Orange, FL",2021,118403263.0
 12097,"Osceola, FL",2021,14048875.0
 12099,"Palm Beach, FL",2021,108291409.0
 12101,"Pasco, FL",2021,17515645.0
 12103,"Pinellas, FL",2021,60465889.0
 12105,"Polk, FL",2021,34067029.0
 12107,"Putnam, FL",2021,2511769.0
 12109,"St. Johns, FL",2021,13052905.0
 12111,"St. Lucie, FL",2021,12539475.0
 12113,"Santa Rosa, FL",2021,5951159.0
 12115,"Sarasota, FL",2021,26046960.0
 12117,"Seminole, FL",2021,27274862.0
 12119,"Sumter, FL",2021,5091946.0
 12121,"Suwannee, FL",2021,1375519.0
 12123,"Taylor, FL",2021,747261.0
 12125,"Union, FL",2021,388374.0
 12127,"Volusia, FL",2021,22478005.0
 12129,"Wakulla, FL",2021,932559.0
 12131,"Walton, FL",2021,4565561.0
 12133,"Washington, FL",2021,728311.0
 13000,Georgia,2021,705546734.0
 13001,"Appling, GA",2021,1954405.0
 13003,"Atkinson, GA",2021,300520.0
 13005,"Bacon, GA",2021,387254.0
 13007,"Baker, GA",2021,81234.0
 13009,"Baldwin, GA",2021,1587546.0
 13011,"Banks, GA",2021,468593.0
 13013,"Barrow, GA",2021,2856873.0
 13015,"Bartow, GA",2021,5959629.0
 13017,"Ben Hill, GA",2021,661304.0
 13019,"Berrien, GA",2021,436551.0
 13021,"Bibb, GA",2021,9367873.0
 13023,"Bleckley, GA",2021,263404.0
 13025,"Brantley, GA",2021,317318.0
 13027,"Brooks, GA",2021,565377.0
 13029,"Bryan, GA",2021,1431808.0
 13031,"Bulloch, GA",2021,2880868.0
 13033,"Burke, GA",2021,3499273.0
 13035,"Butts, GA",2021,824644.0
 13037,"Calhoun, GA",2021,143016.0
 13039,"Camden, GA",2021,2137406.0
 13043,"Candler, GA",2021,333426.0
 13045,"Carroll, GA",2021,6314169.0
 13047,"Catoosa, GA",2021,1906013.0
 13049,"Charlton, GA",2021,227056.0
 13051,"Chatham, GA",2021,22777912.0
 13053,"Chattahoochee, GA",2021,1870974.0
 13055,"Chattooga, GA",2021,594800.0
 13057,"Cherokee, GA",2021,9814617.0
 13059,"Clarke, GA",2021,8816813.0
 13061,"Clay, GA",2021,93263.0
 13063,"Clayton, GA",2021,17027675.0
 13065,"Clinch, GA",2021,243711.0
 13067,"Cobb, GA",2021,65863023.0
 13069,"Coffee, GA",2021,1798706.0
 13071,"Colquitt, GA",2021,1748852.0
 13073,"Columbia, GA",2021,4899043.0
 13075,"Cook, GA",2021,457198.0
 13077,"Coweta, GA",2021,5999782.0
 13079,"Crawford, GA",2021,171051.0
 13081,"Crisp, GA",2021,1113795.0
 13083,"Dade, GA",2021,473305.0
 13085,"Dawson, GA",2021,1081461.0
 13087,"Decatur, GA",2021,1054868.0
 13089,"DeKalb, GA",2021,47618446.0
 13091,"Dodge, GA",2021,474625.0
 13093,"Dooly, GA",2021,413289.0
 13095,"Dougherty, GA",2021,5272493.0
 13097,"Douglas, GA",2021,5940692.0
 13099,"Early, GA",2021,580801.0
 13101,"Echols, GA",2021,48360.0
 13103,"Effingham, GA",2021,2486239.0
 13105,"Elbert, GA",2021,745209.0
 13107,"Emanuel, GA",2021,777176.0
 13109,"Evans, GA",2021,435421.0
 13111,"Fannin, GA",2021,965145.0
 13113,"Fayette, GA",2021,6350319.0
 13115,"Floyd, GA",2021,4619742.0
 13117,"Forsyth, GA",2021,12513633.0
 13119,"Franklin, GA",2021,1031115.0
 13121,"Fulton, GA",2021,204934531.0
 13123,"Gilmer, GA",2021,1022143.0
 13125,"Glascock, GA",2021,38015.0
 13127,"Glynn, GA",2021,4820485.0
 13129,"Gordon, GA",2021,2642027.0
 13131,"Grady, GA",2021,739584.0
 13133,"Greene, GA",2021,975178.0
 13135,"Gwinnett, GA",2021,57649687.0
 13137,"Habersham, GA",2021,1577139.0
 13139,"Hall, GA",2021,13442550.0
 13141,"Hancock, GA",2021,186391.0
 13143,"Haralson, GA",2021,958320.0
 13145,"Harris, GA",2021,606580.0
 13147,"Hart, GA",2021,876222.0
 13149,"Heard, GA",2021,1469786.0
 13151,"Henry, GA",2021,8504102.0
 13153,"Houston, GA",2021,8189252.0
 13155,"Irwin, GA",2021,248810.0
 13157,"Jackson, GA",2021,4508230.0
 13159,"Jasper, GA",2021,316498.0
 13161,"Jeff Davis, GA",2021,543707.0
 13163,"Jefferson, GA",2021,665969.0
 13165,"Jenkins, GA",2021,172385.0
 13167,"Johnson, GA",2021,140822.0
 13169,"Jones, GA",2021,493463.0
 13171,"Lamar, GA",2021,513331.0
 13173,"Lanier, GA",2021,152129.0
 13175,"Laurens, GA",2021,2121500.0
 13177,"Lee, GA",2021,852813.0
 13179,"Liberty, GA",2021,4366331.0
 13181,"Lincoln, GA",2021,154514.0
 13183,"Long, GA",2021,216884.0
 13185,"Lowndes, GA",2021,5943693.0
 13187,"Lumpkin, GA",2021,1067176.0
 13189,"McDuffie, GA",2021,759894.0
 13191,"McIntosh, GA",2021,280533.0
 13193,"Macon, GA",2021,462836.0
 13195,"Madison, GA",2021,599772.0
 13197,"Marion, GA",2021,134678.0
 13199,"Meriwether, GA",2021,691501.0
 13201,"Miller, GA",2021,241829.0
 13205,"Mitchell, GA",2021,823480.0
 13207,"Monroe, GA",2021,1591030.0
 13209,"Montgomery, GA",2021,164355.0
 13211,"Morgan, GA",2021,1160864.0
 13213,"Murray, GA",2021,1579437.0
 13215,"Muscogee, GA",2021,11903467.0
 13217,"Newton, GA",2021,3394858.0
 13219,"Oconee, GA",2021,1842327.0
 13221,"Oglethorpe, GA",2021,332726.0
 13223,"Paulding, GA",2021,3792450.0
 13225,"Peach, GA",2021,986851.0
 13227,"Pickens, GA",2021,1190184.0
 13229,"Pierce, GA",2021,542876.0
 13231,"Pike, GA",2021,389769.0
 13233,"Polk, GA",2021,1390646.0
 13235,"Pulaski, GA",2021,320823.0
 13237,"Putnam, GA",2021,678658.0
 13239,"Quitman, GA",2021,41931.0
 13241,"Rabun, GA",2021,689845.0
 13243,"Randolph, GA",2021,196282.0
 13245,"Richmond, GA",2021,14070550.0
 13247,"Rockdale, GA",2021,4808162.0
 13249,"Schley, GA",2021,123257.0
 13251,"Screven, GA",2021,368241.0
 13253,"Seminole, GA",2021,338229.0
 13255,"Spalding, GA",2021,2434059.0
 13257,"Stephens, GA",2021,1053738.0
 13259,"Stewart, GA",2021,144975.0
 13261,"Sumter, GA",2021,1136186.0
 13263,"Talbot, GA",2021,155327.0
 13265,"Taliaferro, GA",2021,34442.0
 13267,"Tattnall, GA",2021,661741.0
 13269,"Taylor, GA",2021,244292.0
 13271,"Telfair, GA",2021,308865.0
 13273,"Terrell, GA",2021,273056.0
 13275,"Thomas, GA",2021,2597431.0
 13277,"Tift, GA",2021,2232862.0
 13279,"Toombs, GA",2021,1152520.0
 13281,"Towns, GA",2021,439426.0
 13283,"Treutlen, GA",2021,110259.0
 13285,"Troup, GA",2021,3986970.0
 13287,"Turner, GA",2021,234973.0
 13289,"Twiggs, GA",2021,326217.0
 13291,"Union, GA",2021,970621.0
 13293,"Upson, GA",2021,764745.0
 13295,"Walker, GA",2021,1708593.0
 13297,"Walton, GA",2021,3155716.0
 13299,"Ware, GA",2021,1561181.0
 13301,"Warren, GA",2021,193640.0
 13303,"Washington, GA",2021,711756.0
 13305,"Wayne, GA",2021,1726528.0
 13307,"Webster, GA",2021,90684.0
 13309,"Wheeler, GA",2021,134634.0
 13311,"White, GA",2021,997305.0
 13313,"Whitfield, GA",2021,6329940.0
 13315,"Wilcox, GA",2021,165637.0
 13317,"Wilkes, GA",2021,354516.0
 13319,"Wilkinson, GA",2021,694210.0
 13321,"Worth, GA",2021,377979.0
 15000,Hawaii,2021,93400355.0
 15001,"Hawaii, HI",2021,9396471.0
 15003,"Honolulu, HI",2021,69314571.0
 15007,"Kauai, HI",2021,4214476.0
 15901,"Maui + Kalawao, HI*",2021,10474837.0
 16000,Idaho,2021,99839133.0
 16001,"Ada, ID",2021,34931831.0
 16003,"Adams, ID",2021,157120.0
 16005,"Bannock, ID",2021,3383461.0
 16007,"Bear Lake, ID",2021,208654.0
 16009,"Benewah, ID",2021,426646.0
 16011,"Bingham, ID",2021,1678893.0
 16013,"Blaine, ID",2021,2013032.0
 16015,"Boise, ID",2021,208853.0
 16017,"Bonner, ID",2021,1989113.0
 16019,"Bonneville, ID",2021,8064731.0
 16021,"Boundary, ID",2021,467163.0
 16023,"Butte, ID",2021,1378404.0
 16025,"Camas, ID",2021,91137.0
 16027,"Canyon, ID",2021,8546695.0
 16029,"Caribou, ID",2021,825351.0
 16031,"Cassia, ID",2021,1727299.0
 16033,"Clark, ID",2021,38391.0
 16035,"Clearwater, ID",2021,418611.0
 16037,"Custer, ID",2021,200764.0
 16039,"Elmore, ID",2021,1467250.0
 16041,"Franklin, ID",2021,480847.0
 16043,"Fremont (includes Yellowstone Park), ID",2021,435683.0
 16045,"Gem, ID",2021,539152.0
 16047,"Gooding, ID",2021,1439542.0
 16049,"Idaho, ID",2021,601108.0
 16051,"Jefferson, ID",2021,1022705.0
 16053,"Jerome, ID",2021,1492133.0
 16055,"Kootenai, ID",2021,8804031.0
 16057,"Latah, ID",2021,1711510.0
 16059,"Lemhi, ID",2021,313453.0
 16061,"Lewis, ID",2021,207615.0
 16063,"Lincoln, ID",2021,314960.0
 16065,"Madison, ID",2021,1595460.0
 16067,"Minidoka, ID",2021,948105.0
 16069,"Nez Perce, ID",2021,2550228.0
 16071,"Oneida, ID",2021,169431.0
 16073,"Owyhee, ID",2021,478232.0
 16075,"Payette, ID",2021,1016800.0
 16077,"Power, ID",2021,433500.0
 16079,"Shoshone, ID",2021,774137.0
 16081,"Teton, ID",2021,485106.0
 16083,"Twin Falls, ID",2021,4658202.0
 16085,"Valley, ID",2021,654454.0
 16087,"Washington, ID",2021,489339.0
 17000,Illinois,2021,946776245.0
 17001,"Adams, IL",2021,3984286.0
 17003,"Alexander, IL",2021,161842.0
 17005,"Bond, IL",2021,665921.0
 17007,"Boone, IL",2021,1744403.0
 17009,"Brown, IL",2021,539692.0
 17011,"Bureau, IL",2021,1420597.0
 17013,"Calhoun, IL",2021,112550.0
 17015,"Carroll, IL",2021,668892.0
 17017,"Cass, IL",2021,740142.0
 17019,"Champaign, IL",2021,12645301.0
 17021,"Christian, IL",2021,1736084.0
 17023,"Clark, IL",2021,578893.0
 17025,"Clay, IL",2021,606892.0
 17027,"Clinton, IL",2021,1265663.0
 17029,"Coles, IL",2021,2957508.0
 17031,"Cook, IL",2021,447849088.0
 17033,"Crawford, IL",2021,1209594.0
 17035,"Cumberland, IL",2021,993996.0
 17037,"DeKalb, IL",2021,4923432.0
 17039,"De Witt, IL",2021,1331820.0
 17041,"Douglas, IL",2021,1203735.0
 17043,"DuPage, IL",2021,106870678.0
 17045,"Edgar, IL",2021,913404.0
 17047,"Edwards, IL",2021,273172.0
 17049,"Effingham, IL",2021,2432799.0
 17051,"Fayette, IL",2021,660073.0
 17053,"Ford, IL",2021,819965.0
 17055,"Franklin, IL",2021,1085929.0
 17057,"Fulton, IL",2021,954942.0
 17059,"Gallatin, IL",2021,175802.0
 17061,"Greene, IL",2021,393187.0
 17063,"Grundy, IL",2021,4967745.0
 17065,"Hamilton, IL",2021,374824.0
 17067,"Hancock, IL",2021,690017.0
 17069,"Hardin, IL",2021,84210.0
 17071,"Henderson, IL",2021,207127.0
 17073,"Henry, IL",2021,1740710.0
 17075,"Iroquois, IL",2021,1200235.0
 17077,"Jackson, IL",2021,2779498.0
 17079,"Jasper, IL",2021,579900.0
 17081,"Jefferson, IL",2021,2012048.0
 17083,"Jersey, IL",2021,611394.0
 17085,"Jo Daviess, IL",2021,959575.0
 17087,"Johnson, IL",2021,260114.0
 17089,"Kane, IL",2021,30505110.0
 17091,"Kankakee, IL",2021,7736594.0
 17093,"Kendall, IL",2021,4163558.0
 17095,"Knox, IL",2021,1990872.0
 17097,"Lake, IL",2021,72142514.0
 17099,"LaSalle, IL",2021,6630016.0
 17101,"Lawrence, IL",2021,559590.0
 17103,"Lee, IL",2021,1736610.0
 17105,"Livingston, IL",2021,2280926.0
 17107,"Logan, IL",2021,1200246.0
 17109,"McDonough, IL",2021,1239111.0
 17111,"McHenry, IL",2021,13247615.0
 17113,"McLean, IL",2021,13448480.0
 17115,"Macon, IL",2021,7662762.0
 17117,"Macoupin, IL",2021,1361500.0
 17119,"Madison, IL",2021,13185004.0
 17121,"Marion, IL",2021,1415418.0
 17123,"Marshall, IL",2021,508265.0
 17125,"Mason, IL",2021,504486.0
 17127,"Massac, IL",2021,749821.0
 17129,"Menard, IL",2021,305962.0
 17131,"Mercer, IL",2021,504818.0
 17133,"Monroe, IL",2021,1090401.0
 17135,"Montgomery, IL",2021,1352231.0
 17137,"Morgan, IL",2021,1716862.0
 17139,"Moultrie, IL",2021,809022.0
 17141,"Ogle, IL",2021,3194351.0
 17143,"Peoria, IL",2021,13638576.0
 17145,"Perry, IL",2021,682546.0
 17147,"Piatt, IL",2021,590092.0
 17149,"Pike, IL",2021,710646.0
 17151,"Pope, IL",2021,58688.0
 17153,"Pulaski, IL",2021,186000.0
 17155,"Putnam, IL",2021,349491.0
 17157,"Randolph, IL",2021,1732658.0
 17159,"Richland, IL",2021,651806.0
 17161,"Rock Island, IL",2021,10947363.0
 17163,"St. Clair, IL",2021,13713751.0
 17165,"Saline, IL",2021,838053.0
 17167,"Sangamon, IL",2021,12596655.0
 17169,"Schuyler, IL",2021,286521.0
 17171,"Scott, IL",2021,185307.0
 17173,"Shelby, IL",2021,872612.0
 17175,"Stark, IL",2021,292082.0
 17177,"Stephenson, IL",2021,2038881.0
 17179,"Tazewell, IL",2021,6405901.0
 17181,"Union, IL",2021,463934.0
 17183,"Vermilion, IL",2021,3590381.0
 17185,"Wabash, IL",2021,363512.0
 17187,"Warren, IL",2021,918533.0
 17189,"Washington, IL",2021,1078730.0
 17191,"Wayne, IL",2021,535872.0
 17193,"White, IL",2021,546544.0
 17195,"Whiteside, IL",2021,2436187.0
 17197,"Will, IL",2021,41015728.0
 17199,"Williamson, IL",2021,3164346.0
 17201,"Winnebago, IL",2021,14820462.0
 17203,"Woodford, IL",2021,1434561.0
 18000,Indiana,2021,425863797.0
 18001,"Adams, IN",2021,1928206.0
 18003,"Allen, IN",2021,23628908.0
 18005,"Bartholomew, IN",2021,7039919.0
 18007,"Benton, IN",2021,574642.0
 18009,"Blackford, IN",2021,380807.0
 18011,"Boone, IN",2021,4681691.0
 18013,"Brown, IN",2021,326478.0
 18015,"Carroll, IN",2021,825070.0
 18017,"Cass, IN",2021,1654661.0
 18019,"Clark, IN",2021,6480198.0
 18021,"Clay, IN",2021,882902.0
 18023,"Clinton, IN",2021,1627487.0
 18025,"Crawford, IN",2021,212732.0
 18027,"Daviess, IN",2021,1615473.0
 18029,"Dearborn, IN",2021,2099623.0
 18031,"Decatur, IN",2021,1703507.0
 18033,"DeKalb, IN",2021,2956602.0
 18035,"Delaware, IN",2021,4621815.0
 18037,"Dubois, IN",2021,2978352.0
 18039,"Elkhart, IN",2021,19442877.0
 18041,"Fayette, IN",2021,622785.0
 18043,"Floyd, IN",2021,3302653.0
 18045,"Fountain, IN",2021,578787.0
 18047,"Franklin, IN",2021,631016.0
 18049,"Fulton, IN",2021,804670.0
 18051,"Gibson, IN",2021,3670592.0
 18053,"Grant, IN",2021,2718422.0
 18055,"Greene, IN",2021,735373.0
 18057,"Hamilton, IN",2021,24037988.0
 18059,"Hancock, IN",2021,3913419.0
 18061,"Harrison, IN",2021,1388878.0
 18063,"Hendricks, IN",2021,8490836.0
 18065,"Henry, IN",2021,1677476.0
 18067,"Howard, IN",2021,4635951.0
 18069,"Huntington, IN",2021,1696638.0
 18071,"Jackson, IN",2021,3005946.0
 18073,"Jasper, IN",2021,1786696.0
 18075,"Jay, IN",2021,1079294.0
 18077,"Jefferson, IN",2021,1808042.0
 18079,"Jennings, IN",2021,807079.0
 18081,"Johnson, IN",2021,6681952.0
 18083,"Knox, IN",2021,2138863.0
 18085,"Kosciusko, IN",2021,6713295.0
 18087,"Lagrange, IN",2021,2010994.0
 18089,"Lake, IN",2021,25768562.0
 18091,"LaPorte, IN",2021,4759706.0
 18093,"Lawrence, IN",2021,1633609.0
 18095,"Madison, IN",2021,4535958.0
 18097,"Marion, IN",2021,110094722.0
 18099,"Marshall, IN",2021,1868832.0
 18101,"Martin, IN",2021,1262210.0
 18103,"Miami, IN",2021,1086446.0
 18105,"Monroe, IN",2021,7686314.0
 18107,"Montgomery, IN",2021,1946424.0
 18109,"Morgan, IN",2021,1982531.0
 18111,"Newton, IN",2021,447328.0
 18113,"Noble, IN",2021,2155583.0
 18115,"Ohio, IN",2021,143334.0
 18117,"Orange, IN",2021,729537.0
 18119,"Owen, IN",2021,632342.0
 18121,"Parke, IN",2021,468714.0
 18123,"Perry, IN",2021,874368.0
 18125,"Pike, IN",2021,829782.0
 18127,"Porter, IN",2021,8317682.0
 18129,"Posey, IN",2021,5287348.0
 18131,"Pulaski, IN",2021,761928.0
 18133,"Putnam, IN",2021,1237703.0
 18135,"Randolph, IN",2021,1002156.0
 18137,"Ripley, IN",2021,1307952.0
 18139,"Rush, IN",2021,709680.0
 18141,"St. Joseph, IN",2021,15956747.0
 18143,"Scott, IN",2021,795252.0
 18145,"Shelby, IN",2021,2225529.0
 18147,"Spencer, IN",2021,1147435.0
 18149,"Starke, IN",2021,634353.0
 18151,"Steuben, IN",2021,1660097.0
 18153,"Sullivan, IN",2021,1096545.0
 18155,"Switzerland, IN",2021,279105.0
 18157,"Tippecanoe, IN",2021,10816594.0
 18159,"Tipton, IN",2021,715030.0
 18161,"Union, IN",2021,169626.0
 18163,"Vanderburgh, IN",2021,12693053.0
 18165,"Vermillion, IN",2021,1069366.0
 18167,"Vigo, IN",2021,5342184.0
 18169,"Wabash, IN",2021,1401130.0
 18171,"Warren, IN",2021,350896.0
 18173,"Warrick, IN",2021,2867539.0
 18175,"Washington, IN",2021,765431.0
 18177,"Wayne, IN",2021,3145329.0
 18179,"Wells, IN",2021,1343404.0
 18181,"White, IN",2021,1267849.0
 18183,"Whitley, IN",2021,1990959.0
 19000,Iowa,2021,223870873.0
 19001,"Adair, IA",2021,579220.0
 19003,"Adams, IA",2021,260910.0
 19005,"Allamakee, IA",2021,653880.0
 19007,"Appanoose, IA",2021,497511.0
 19009,"Audubon, IA",2021,375824.0
 19011,"Benton, IA",2021,1065343.0
 19013,"Black Hawk, IA",2021,8908571.0
 19015,"Boone, IA",2021,1211433.0
 19017,"Bremer, IA",2021,1318407.0
 19019,"Buchanan, IA",2021,937586.0
 19021,"Buena Vista, IA",2021,1482289.0
 19023,"Butler, IA",2021,616428.0
 19025,"Calhoun, IA",2021,516155.0
 19027,"Carroll, IA",2021,1556344.0
 19029,"Cass, IA",2021,799161.0
 19031,"Cedar, IA",2021,781297.0
 19033,"Cerro Gordo, IA",2021,2947793.0
 19035,"Cherokee, IA",2021,831103.0
 19037,"Chickasaw, IA",2021,826551.0
 19039,"Clarke, IA",2021,468135.0
 19041,"Clay, IA",2021,1179257.0
 19043,"Clayton, IA",2021,972946.0
 19045,"Clinton, IA",2021,2665800.0
 19047,"Crawford, IA",2021,921925.0
 19049,"Dallas, IA",2021,7817118.0
 19051,"Davis, IA",2021,318864.0
 19053,"Decatur, IA",2021,259592.0
 19055,"Delaware, IA",2021,1020506.0
 19057,"Des Moines, IA",2021,2498815.0
 19059,"Dickinson, IA",2021,1189799.0
 19061,"Dubuque, IA",2021,7454583.0
 19063,"Emmet, IA",2021,440094.0
 19065,"Fayette, IA",2021,860027.0
 19067,"Floyd, IA",2021,987188.0
 19069,"Franklin, IA",2021,732180.0
 19071,"Fremont, IA",2021,421644.0
 19073,"Greene, IA",2021,648831.0
 19075,"Grundy, IA",2021,687175.0
 19077,"Guthrie, IA",2021,582849.0
 19079,"Hamilton, IA",2021,916227.0
 19081,"Hancock, IA",2021,935361.0
 19083,"Hardin, IA",2021,1035028.0
 19085,"Harrison, IA",2021,590069.0
 19087,"Henry, IA",2021,1086210.0
 19089,"Howard, IA",2021,582529.0
 19091,"Humboldt, IA",2021,530041.0
 19093,"Ida, IA",2021,714812.0
 19095,"Iowa, IA",2021,1188403.0
 19097,"Jackson, IA",2021,749359.0
 19099,"Jasper, IA",2021,1422845.0
 19101,"Jefferson, IA",2021,832962.0
 19103,"Johnson, IA",2021,10824259.0
 19105,"Jones, IA",2021,770380.0
 19107,"Keokuk, IA",2021,406181.0
 19109,"Kossuth, IA",2021,1147673.0
 19111,"Lee, IA",2021,2113876.0
 19113,"Linn, IA",2021,19101023.0
 19115,"Louisa, IA",2021,906066.0
 19117,"Lucas, IA",2021,366141.0
 19119,"Lyon, IA",2021,1021669.0
 19121,"Madison, IA",2021,522702.0
 19123,"Mahaska, IA",2021,1004636.0
 19125,"Marion, IA",2021,2387802.0
 19127,"Marshall, IA",2021,2034772.0
 19129,"Mills, IA",2021,664515.0
 19131,"Mitchell, IA",2021,781551.0
 19133,"Monona, IA",2021,408665.0
 19135,"Monroe, IA",2021,518001.0
 19137,"Montgomery, IA",2021,519376.0
 19139,"Muscatine, IA",2021,2834571.0
 19141,"O'Brien, IA",2021,1013289.0
 19143,"Osceola, IA",2021,427130.0
 19145,"Page, IA",2021,756450.0
 19147,"Palo Alto, IA",2021,638048.0
 19149,"Plymouth, IA",2021,1665330.0
 19151,"Pocahontas, IA",2021,594768.0
 19153,"Polk, IA",2021,54607737.0
 19155,"Pottawattamie, IA",2021,4864832.0
 19157,"Poweshiek, IA",2021,1387177.0
 19159,"Ringgold, IA",2021,213970.0
 19161,"Sac, IA",2021,647976.0
 19163,"Scott, IA",2021,10780526.0
 19165,"Shelby, IA",2021,888778.0
 19167,"Sioux, IA",2021,2717661.0
 19169,"Story, IA",2021,6497617.0
 19171,"Tama, IA",2021,811996.0
 19173,"Taylor, IA",2021,342336.0
 19175,"Union, IA",2021,873542.0
 19177,"Van Buren, IA",2021,271627.0
 19179,"Wapello, IA",2021,1968782.0
 19181,"Warren, IA",2021,1559552.0
 19183,"Washington, IA",2021,1424067.0
 19185,"Wayne, IA",2021,304937.0
 19187,"Webster, IA",2021,2463095.0
 19189,"Winnebago, IA",2021,552083.0
 19191,"Winneshiek, IA",2021,1168019.0
 19193,"Woodbury, IA",2021,5973366.0
 19195,"Worth, IA",2021,421764.0
 19197,"Wright, IA",2021,823579.0
 20000,Kansas,2021,191738149.0
 20001,"Allen, KS",2021,644692.0
 20003,"Anderson, KS",2021,477700.0
 20005,"Atchison, KS",2021,766721.0
 20007,"Barber, KS",2021,206043.0
 20009,"Barton, KS",2021,1350397.0
 20011,"Bourbon, KS",2021,642467.0
 20013,"Brown, KS",2021,669916.0
 20015,"Butler, KS",2021,3015272.0
 20017,"Chase, KS",2021,156130.0
 20019,"Chautauqua, KS",2021,80686.0
 20021,"Cherokee, KS",2021,948373.0
 20023,"Cheyenne, KS",2021,174683.0
 20025,"Clark, KS",2021,235114.0
 20027,"Clay, KS",2021,347858.0
 20029,"Cloud, KS",2021,472955.0
 20031,"Coffey, KS",2021,882286.0
 20033,"Comanche, KS",2021,60692.0
 20035,"Cowley, KS",2021,1476211.0
 20037,"Crawford, KS",2021,1925720.0
 20039,"Decatur, KS",2021,166338.0
 20041,"Dickinson, KS",2021,784381.0
 20043,"Doniphan, KS",2021,335190.0
 20045,"Douglas, KS",2021,5764836.0
 20047,"Edwards, KS",2021,193600.0
 20049,"Elk, KS",2021,87147.0
 20051,"Ellis, KS",2021,1857929.0
 20053,"Ellsworth, KS",2021,310637.0
 20055,"Finney, KS",2021,2603649.0
 20057,"Ford, KS",2021,2685834.0
 20059,"Franklin, KS",2021,1025253.0
 20061,"Geary, KS",2021,3335386.0
 20063,"Gove, KS",2021,235159.0
 20065,"Graham, KS",2021,169237.0
 20067,"Grant, KS",2021,470792.0
 20069,"Gray, KS",2021,666597.0
 20071,"Greeley, KS",2021,175764.0
 20073,"Greenwood, KS",2021,165693.0
 20075,"Hamilton, KS",2021,210756.0
 20077,"Harper, KS",2021,324389.0
 20079,"Harvey, KS",2021,1520433.0
 20081,"Haskell, KS",2021,354774.0
 20083,"Hodgeman, KS",2021,132518.0
 20085,"Jackson, KS",2021,434934.0
 20087,"Jefferson, KS",2021,506976.0
 20089,"Jewell, KS",2021,146948.0
 20091,"Johnson, KS",2021,55485529.0
 20093,"Kearny, KS",2021,257509.0
 20095,"Kingman, KS",2021,368386.0
 20097,"Kiowa, KS",2021,154604.0
 20099,"Labette, KS",2021,903961.0
 20101,"Lane, KS",2021,130709.0
 20103,"Leavenworth, KS",2021,3311117.0
 20105,"Lincoln, KS",2021,149144.0
 20107,"Linn, KS",2021,590779.0
 20109,"Logan, KS",2021,188036.0
 20111,"Lyon, KS",2021,1632144.0
 20113,"McPherson, KS",2021,2083736.0
 20115,"Marion, KS",2021,443467.0
 20117,"Marshall, KS",2021,603287.0
 20119,"Meade, KS",2021,307776.0
 20121,"Miami, KS",2021,1141394.0
 20123,"Mitchell, KS",2021,576050.0
 20125,"Montgomery, KS",2021,2236239.0
 20127,"Morris, KS",2021,214509.0
 20129,"Morton, KS",2021,173654.0
 20131,"Nemaha, KS",2021,614637.0
 20133,"Neosho, KS",2021,670602.0
 20135,"Ness, KS",2021,213854.0
 20137,"Norton, KS",2021,300253.0
 20139,"Osage, KS",2021,386642.0
 20141,"Osborne, KS",2021,196551.0
 20143,"Ottawa, KS",2021,156187.0
 20145,"Pawnee, KS",2021,324001.0
 20147,"Phillips, KS",2021,468009.0
 20149,"Pottawatomie, KS",2021,1504594.0
 20151,"Pratt, KS",2021,667481.0
 20153,"Rawlins, KS",2021,199265.0
 20155,"Reno, KS",2021,2931311.0
 20157,"Republic, KS",2021,257891.0
 20159,"Rice, KS",2021,722989.0
 20161,"Riley, KS",2021,3139650.0
 20163,"Rooks, KS",2021,221446.0
 20165,"Rush, KS",2021,181953.0
 20167,"Russell, KS",2021,330793.0
 20169,"Saline, KS",2021,3246734.0
 20171,"Scott, KS",2021,378537.0
 20173,"Sedgwick, KS",2021,33820164.0
 20175,"Seward, KS",2021,1479604.0
 20177,"Shawnee, KS",2021,11956222.0
 20179,"Sheridan, KS",2021,173641.0
 20181,"Sherman, KS",2021,379965.0
 20183,"Smith, KS",2021,237300.0
 20185,"Stafford, KS",2021,210611.0
 20187,"Stanton, KS",2021,251976.0
 20189,"Stevens, KS",2021,422424.0
 20191,"Sumner, KS",2021,817267.0
 20193,"Thomas, KS",2021,746764.0
 20195,"Trego, KS",2021,188593.0
 20197,"Wabaunsee, KS",2021,170198.0
 20199,"Wallace, KS",2021,118819.0
 20201,"Washington, KS",2021,273001.0
 20203,"Wichita, KS",2021,247207.0
 20205,"Wilson, KS",2021,365125.0
 20207,"Woodson, KS",2021,90406.0
 20209,"Wyandotte, KS",2021,12524382.0
 21000,Kentucky,2021,238428884.0
 21001,"Adair, KY",2021,438642.0
 21003,"Allen, KY",2021,508254.0
 21005,"Anderson, KY",2021,632141.0
 21007,"Ballard, KY",2021,274153.0
 21009,"Barren, KY",2021,1574777.0
 21011,"Bath, KY",2021,213189.0
 21013,"Bell, KY",2021,824007.0
 21015,"Boone, KY",2021,13952368.0
 21017,"Bourbon, KY",2021,994147.0
 21019,"Boyd, KY",2021,3280030.0
 21021,"Boyle, KY",2021,1374814.0
 21023,"Bracken, KY",2021,188252.0
 21025,"Breathitt, KY",2021,234291.0
 21027,"Breckinridge, KY",2021,469705.0
 21029,"Bullitt, KY",2021,3042929.0
 21031,"Butler, KY",2021,341476.0
 21033,"Caldwell, KY",2021,471047.0
 21035,"Calloway, KY",2021,1604828.0
 21037,"Campbell, KY",2021,3949597.0
 21039,"Carlisle, KY",2021,208188.0
 21041,"Carroll, KY",2021,2031759.0
 21043,"Carter, KY",2021,555510.0
 21045,"Casey, KY",2021,397217.0
 21047,"Christian, KY",2021,6699783.0
 21049,"Clark, KY",2021,1679579.0
 21051,"Clay, KY",2021,402818.0
 21053,"Clinton, KY",2021,378523.0
 21055,"Crittenden, KY",2021,209575.0
 21057,"Cumberland, KY",2021,179431.0
 21059,"Daviess, KY",2021,5131899.0
 21061,"Edmonson, KY",2021,211203.0
 21063,"Elliott, KY",2021,85058.0
 21065,"Estill, KY",2021,237265.0
 21067,"Fayette, KY",2021,22770093.0
 21069,"Fleming, KY",2021,373234.0
 21071,"Floyd, KY",2021,1211442.0
 21073,"Franklin, KY",2021,3496263.0
 21075,"Fulton, KY",2021,245083.0
 21077,"Gallatin, KY",2021,393473.0
 21079,"Garrard, KY",2021,289615.0
 21081,"Grant, KY",2021,629534.0
 21083,"Graves, KY",2021,1421850.0
 21085,"Grayson, KY",2021,829623.0
 21087,"Green, KY",2021,203998.0
 21089,"Greenup, KY",2021,888322.0
 21091,"Hancock, KY",2021,855670.0
 21093,"Hardin, KY",2021,5968196.0
 21095,"Harlan, KY",2021,563983.0
 21097,"Harrison, KY",2021,583134.0
 21099,"Hart, KY",2021,660100.0
 21101,"Henderson, KY",2021,2200375.0
 21103,"Henry, KY",2021,364829.0
 21105,"Hickman, KY",2021,203060.0
 21107,"Hopkins, KY",2021,2029314.0
 21109,"Jackson, KY",2021,180024.0
 21111,"Jefferson, KY",2021,64241491.0
 21113,"Jessamine, KY",2021,2331207.0
 21115,"Johnson, KY",2021,487182.0
 21117,"Kenton, KY",2021,10548332.0
 21119,"Knott, KY",2021,222976.0
 21121,"Knox, KY",2021,689072.0
 21123,"Larue, KY",2021,279940.0
 21125,"Laurel, KY",2021,2470593.0
 21127,"Lawrence, KY",2021,400059.0
 21129,"Lee, KY",2021,139054.0
 21131,"Leslie, KY",2021,159472.0
 21133,"Letcher, KY",2021,407698.0
 21135,"Lewis, KY",2021,228591.0
 21137,"Lincoln, KY",2021,464647.0
 21139,"Livingston, KY",2021,361011.0
 21141,"Logan, KY",2021,1260008.0
 21143,"Lyon, KY",2021,249640.0
 21145,"McCracken, KY",2021,5357497.0
 21147,"McCreary, KY",2021,299743.0
 21149,"McLean, KY",2021,268988.0
 21151,"Madison, KY",2021,3326179.0
 21153,"Magoffin, KY",2021,170595.0
 21155,"Marion, KY",2021,1027247.0
 21157,"Marshall, KY",2021,1522512.0
 21159,"Martin, KY",2021,220749.0
 21161,"Mason, KY",2021,1329322.0
 21163,"Meade, KY",2021,713355.0
 21165,"Menifee, KY",2021,102520.0
 21167,"Mercer, KY",2021,869381.0
 21169,"Metcalfe, KY",2021,210526.0
 21171,"Monroe, KY",2021,361502.0
 21173,"Montgomery, KY",2021,1118113.0
 21175,"Morgan, KY",2021,283263.0
 21177,"Muhlenberg, KY",2021,1202129.0
 21179,"Nelson, KY",2021,1883898.0
 21181,"Nicholas, KY",2021,108768.0
 21183,"Ohio, KY",2021,892280.0
 21185,"Oldham, KY",2021,2129493.0
 21187,"Owen, KY",2021,200083.0
 21189,"Owsley, KY",2021,59275.0
 21191,"Pendleton, KY",2021,333294.0
 21193,"Perry, KY",2021,1031491.0
 21195,"Pike, KY",2021,2157692.0
 21197,"Powell, KY",2021,266340.0
 21199,"Pulaski, KY",2021,2493035.0
 21201,"Robertson, KY",2021,32485.0
 21203,"Rockcastle, KY",2021,354544.0
 21205,"Rowan, KY",2021,830312.0
 21207,"Russell, KY",2021,709852.0
 21209,"Scott, KY",2021,3404538.0
 21211,"Shelby, KY",2021,1867428.0
 21213,"Simpson, KY",2021,1059901.0
 21215,"Spencer, KY",2021,345014.0
 21217,"Taylor, KY",2021,939489.0
 21219,"Todd, KY",2021,453150.0
 21221,"Trigg, KY",2021,320626.0
 21223,"Trimble, KY",2021,638151.0
 21225,"Union, KY",2021,853893.0
 21227,"Warren, KY",2021,8591985.0
 21229,"Washington, KY",2021,352607.0
 21231,"Wayne, KY",2021,528170.0
 21233,"Webster, KY",2021,523001.0
 21235,"Whitley, KY",2021,1201976.0
 21237,"Wolfe, KY",2021,126866.0
 21239,"Woodford, KY",2021,1276985.0
 22000,Louisiana,2021,267263558.0
 22001,"Acadia, LA",2021,1691768.0
 22003,"Allen, LA",2021,841876.0
 22005,"Ascension, LA",2021,9730107.0
 22007,"Assumption, LA",2021,558309.0
 22009,"Avoyelles, LA",2021,1021126.0
 22011,"Beauregard, LA",2021,1472512.0
 22013,"Bienville, LA",2021,759616.0
 22015,"Bossier, LA",2021,6119475.0
 22017,"Caddo, LA",2021,14843706.0
 22019,"Calcasieu, LA",2021,15299872.0
 22021,"Caldwell, LA",2021,218244.0
 22023,"Cameron, LA",2021,1271295.0
 22025,"Catahoula, LA",2021,203516.0
 22027,"Claiborne, LA",2021,401560.0
 22029,"Concordia, LA",2021,653429.0
 22031,"De Soto, LA",2021,2833410.0
 22033,"East Baton Rouge, LA",2021,36685691.0
 22035,"East Carroll, LA",2021,190700.0
 22037,"East Feliciana, LA",2021,540797.0
 22039,"Evangeline, LA",2021,896794.0
 22041,"Franklin, LA",2021,555079.0
 22043,"Grant, LA",2021,473147.0
 22045,"Iberia, LA",2021,3105195.0
 22047,"Iberville, LA",2021,2637975.0
 22049,"Jackson, LA",2021,462610.0
 22051,"Jefferson, LA",2021,26728194.0
 22053,"Jefferson Davis, LA",2021,908594.0
 22055,"Lafayette, LA",2021,15783443.0
 22057,"Lafourche, LA",2021,4326935.0
 22059,"LaSalle, LA",2021,494546.0
 22061,"Lincoln, LA",2021,2350747.0
 22063,"Livingston, LA",2021,3712881.0
 22065,"Madison, LA",2021,414975.0
 22067,"Morehouse, LA",2021,673479.0
 22069,"Natchitoches, LA",2021,1827353.0
 22071,"Orleans, LA",2021,25379826.0
 22073,"Ouachita, LA",2021,7683925.0
 22075,"Plaquemines, LA",2021,2825373.0
 22077,"Pointe Coupee, LA",2021,918447.0
 22079,"Rapides, LA",2021,6621575.0
 22081,"Red River, LA",2021,884399.0
 22083,"Richland, LA",2021,744767.0
 22085,"Sabine, LA",2021,1114990.0
 22087,"St. Bernard, LA",2021,1394721.0
 22089,"St. Charles, LA",2021,9763040.0
 22091,"St. Helena, LA",2021,225535.0
 22093,"St. James, LA",2021,2671214.0
 22095,"St. John the Baptist, LA",2021,3161744.0
 22097,"St. Landry, LA",2021,2728443.0
 22099,"St. Martin, LA",2021,1492127.0
 22101,"St. Mary, LA",2021,2853187.0
 22103,"St. Tammany, LA",2021,14668886.0
 22105,"Tangipahoa, LA",2021,5042148.0
 22107,"Tensas, LA",2021,147608.0
 22109,"Terrebonne, LA",2021,5510696.0
 22111,"Union, LA",2021,520598.0
 22113,"Vermilion, LA",2021,1591614.0
 22115,"Vernon, LA",2021,2342776.0
 22117,"Washington, LA",2021,1192252.0
 22119,"Webster, LA",2021,1301763.0
 22121,"West Baton Rouge, LA",2021,1803585.0
 22123,"West Carroll, LA",2021,224028.0
 22125,"West Feliciana, LA",2021,1120544.0
 22127,"Winn, LA",2021,644791.0
 23000,Maine,2021,79193879.0
 23001,"Androscoggin, ME",2021,5642614.0
 23003,"Aroostook, ME",2021,3019591.0
 23005,"Cumberland, ME",2021,27504454.0
 23007,"Franklin, ME",2021,1275008.0
 23009,"Hancock, ME",2021,2929649.0
 23011,"Kennebec, ME",2021,6954794.0
 23013,"Knox, ME",2021,2176632.0
 23015,"Lincoln, ME",2021,1428141.0
 23017,"Oxford, ME",2021,2031930.0
 23019,"Penobscot, ME",2021,7872400.0
 23021,"Piscataquis, ME",2021,711505.0
 23023,"Sagadahoc, ME",2021,2407401.0
 23025,"Somerset, ME",2021,1984686.0
 23027,"Waldo, ME",2021,1676991.0
 23029,"Washington, ME",2021,1243815.0
 23031,"York, ME",2021,10334268.0
 24000,Maryland,2021,447753556.0
 24001,"Allegany, MD",2021,3197852.0
 24003,"Anne Arundel, MD",2021,56213498.0
 24005,"Baltimore, MD",2021,59593058.0
 24009,"Calvert, MD",2021,4869438.0
 24011,"Caroline, MD",2021,1364912.0
 24013,"Carroll, MD",2021,7032120.0
 24015,"Cecil, MD",2021,5537738.0
 24017,"Charles, MD",2021,6715415.0
 24019,"Dorchester, MD",2021,1535651.0
 24021,"Frederick, MD",2021,15912120.0
 24023,"Garrett, MD",2021,1514897.0
 24025,"Harford, MD",2021,14984145.0
 24027,"Howard, MD",2021,31337676.0
 24029,"Kent, MD",2021,1063278.0
 24031,"Montgomery, MD",2021,100296553.0
 24033,"Prince George's, MD",2021,51662979.0
 24035,"Queen Anne's, MD",2021,2333900.0
 24037,"St. Mary's, MD",2021,8657166.0
 24039,"Somerset, MD",2021,955521.0
 24041,"Talbot, MD",2021,2228665.0
 24043,"Washington, MD",2021,8027949.0
 24045,"Wicomico, MD",2021,5873799.0
 24047,"Worcester, MD",2021,3273989.0
 24510,"Baltimore (Independent City), MD",2021,53571236.0
 25000,Massachusetts,2021,649511369.0
 25001,"Barnstable, MA",2021,15258290.0
 25003,"Berkshire, MA",2021,7699976.0
 25005,"Bristol, MA",2021,30993379.0
 25007,"Dukes, MA",2021,1618390.0
 25009,"Essex, MA",2021,51533061.0
 25011,"Franklin, MA",2021,3251319.0
 25013,"Hampden, MA",2021,26034016.0
 25015,"Hampshire, MA",2021,8565719.0
 25017,"Middlesex, MA",2021,201330859.0
 25019,"Nantucket, MA",2021,1550893.0
 25021,"Norfolk, MA",2021,61394050.0
 25023,"Plymouth, MA",2021,29948554.0
 25025,"Suffolk, MA",2021,159447312.0
 25027,"Worcester, MA",2021,50885550.0
 26000,Michigan,2021,575116445.0
 26001,"Alcona, MI",2021,258933.0
 26003,"Alger, MI",2021,280390.0
 26005,"Allegan, MI",2021,5500222.0
 26007,"Alpena, MI",2021,1251747.0
 26009,"Antrim, MI",2021,698417.0
 26011,"Arenac, MI",2021,488152.0
 26013,"Baraga, MI",2021,321581.0
 26015,"Barry, MI",2021,1706867.0
 26017,"Bay, MI",2021,4302686.0
 26019,"Benzie, MI",2021,581765.0
 26021,"Berrien, MI",2021,8450583.0
 26023,"Branch, MI",2021,1627141.0
 26025,"Calhoun, MI",2021,7272363.0
 26027,"Cass, MI",2021,1268535.0
 26029,"Charlevoix, MI",2021,1376715.0
 26031,"Cheboygan, MI",2021,727487.0
 26033,"Chippewa, MI",2021,1295497.0
 26035,"Clare, MI",2021,1221057.0
 26037,"Clinton, MI",2021,2600373.0
 26039,"Crawford, MI",2021,545793.0
 26041,"Delta, MI",2021,1379412.0
 26043,"Dickinson, MI",2021,1608161.0
 26045,"Eaton, MI",2021,5951964.0
 26047,"Emmet, MI",2021,2061300.0
 26049,"Genesee, MI",2021,16813744.0
 26051,"Gladwin, MI",2021,522859.0
 26053,"Gogebic, MI",2021,536739.0
 26055,"Grand Traverse, MI",2021,5898412.0
 26057,"Gratiot, MI",2021,1672657.0
 26059,"Hillsdale, MI",2021,1878314.0
 26061,"Houghton, MI",2021,1289255.0
 26063,"Huron, MI",2021,1661929.0
 26065,"Ingham, MI",2021,19440307.0
 26067,"Ionia, MI",2021,1750430.0
 26069,"Iosco, MI",2021,1057162.0
 26071,"Iron, MI",2021,366510.0
 26073,"Isabella, MI",2021,2805937.0
 26075,"Jackson, MI",2021,7468887.0
 26077,"Kalamazoo, MI",2021,17324689.0
 26079,"Kalkaska, MI",2021,655986.0
 26081,"Kent, MI",2021,49103994.0
 26083,"Keweenaw, MI",2021,60297.0
 26085,"Lake, MI",2021,256999.0
 26087,"Lapeer, MI",2021,2516395.0
 26089,"Leelanau, MI",2021,898450.0
 26091,"Lenawee, MI",2021,3554984.0
 26093,"Livingston, MI",2021,8296525.0
 26095,"Luce, MI",2021,177612.0
 26097,"Mackinac, MI",2021,534120.0
 26099,"Macomb, MI",2021,43650737.0
 26101,"Manistee, MI",2021,961160.0
 26103,"Marquette, MI",2021,3259596.0
 26105,"Mason, MI",2021,1142733.0
 26107,"Mecosta, MI",2021,1465813.0
 26109,"Menominee, MI",2021,778147.0
 26111,"Midland, MI",2021,6474948.0
 26113,"Missaukee, MI",2021,490051.0
 26115,"Monroe, MI",2021,6676942.0
 26117,"Montcalm, MI",2021,1848797.0
 26119,"Montmorency, MI",2021,275309.0
 26121,"Muskegon, MI",2021,6717537.0
 26123,"Newaygo, MI",2021,1638489.0
 26125,"Oakland, MI",2021,117936130.0
 26127,"Oceana, MI",2021,689722.0
 26129,"Ogemaw, MI",2021,628026.0
 26131,"Ontonagon, MI",2021,151223.0
 26133,"Osceola, MI",2021,837349.0
 26135,"Oscoda, MI",2021,234285.0
 26137,"Otsego, MI",2021,1272789.0
 26139,"Ottawa, MI",2021,17567184.0
 26141,"Presque Isle, MI",2021,427385.0
 26143,"Roscommon, MI",2021,670758.0
 26145,"Saginaw, MI",2021,9444495.0
 26147,"St. Clair, MI",2021,6303231.0
 26149,"St. Joseph, MI",2021,2339218.0
 26151,"Sanilac, MI",2021,1379565.0
 26153,"Schoolcraft, MI",2021,325394.0
 26155,"Shiawassee, MI",2021,1902320.0
 26157,"Tuscola, MI",2021,1499034.0
 26159,"Van Buren, MI",2021,3333550.0
 26161,"Washtenaw, MI",2021,28655021.0
 26163,"Wayne, MI",2021,103346590.0
 26165,"Wexford, MI",2021,1472583.0
 27000,Minnesota,2021,416538705.0
 27001,"Aitkin, MN",2021,571926.0
 27003,"Anoka, MN",2021,17418070.0
 27005,"Becker, MN",2021,1644119.0
 27007,"Beltrami, MN",2021,2122768.0
 27009,"Benton, MN",2021,2016774.0
 27011,"Big Stone, MN",2021,275884.0
 27013,"Blue Earth, MN",2021,4584172.0
 27015,"Brown, MN",2021,1593968.0
 27017,"Carlton, MN",2021,1618033.0
 27019,"Carver, MN",2021,6244896.0
 27021,"Cass, MN",2021,1457342.0
 27023,"Chippewa, MN",2021,672919.0
 27025,"Chisago, MN",2021,1863767.0
 27027,"Clay, MN",2021,2463625.0
 27029,"Clearwater, MN",2021,353203.0
 27031,"Cook, MN",2021,286907.0
 27033,"Cottonwood, MN",2021,782970.0
 27035,"Crow Wing, MN",2021,3224596.0
 27037,"Dakota, MN",2021,29394417.0
 27039,"Dodge, MN",2021,914894.0
 27041,"Douglas, MN",2021,2336951.0
 27043,"Faribault, MN",2021,641327.0
 27045,"Fillmore, MN",2021,757997.0
 27047,"Freeborn, MN",2021,1493539.0
 27049,"Goodhue, MN",2021,3356464.0
 27051,"Grant, MN",2021,326029.0
 27053,"Hennepin, MN",2021,159334027.0
 27055,"Houston, MN",2021,665910.0
 27057,"Hubbard, MN",2021,923717.0
 27059,"Isanti, MN",2021,1290897.0
 27061,"Itasca, MN",2021,2421678.0
 27063,"Jackson, MN",2021,720153.0
 27065,"Kanabec, MN",2021,491916.0
 27067,"Kandiyohi, MN",2021,2506702.0
 27069,"Kittson, MN",2021,327035.0
 27071,"Koochiching, MN",2021,529939.0
 27073,"Lac qui Parle, MN",2021,370939.0
 27075,"Lake, MN",2021,566650.0
 27077,"Lake of the Woods, MN",2021,223330.0
 27079,"Le Sueur, MN",2021,1060848.0
 27081,"Lincoln, MN",2021,476532.0
 27083,"Lyon, MN",2021,1750207.0
 27085,"McLeod, MN",2021,1976283.0
 27087,"Mahnomen, MN",2021,228477.0
 27089,"Marshall, MN",2021,552780.0
 27091,"Martin, MN",2021,1248228.0
 27093,"Meeker, MN",2021,1229099.0
 27095,"Mille Lacs, MN",2021,948755.0
 27097,"Morrison, MN",2021,1214434.0
 27099,"Mower, MN",2021,2417973.0
 27101,"Murray, MN",2021,537841.0
 27103,"Nicollet, MN",2021,1702676.0
 27105,"Nobles, MN",2021,1431621.0
 27107,"Norman, MN",2021,324433.0
 27109,"Olmsted, MN",2021,12931863.0
 27111,"Otter Tail, MN",2021,2747250.0
 27113,"Pennington, MN",2021,2329565.0
 27115,"Pine, MN",2021,830923.0
 27117,"Pipestone, MN",2021,731148.0
 27119,"Polk, MN",2021,1715601.0
 27121,"Pope, MN",2021,654097.0
 27123,"Ramsey, MN",2021,46129941.0
 27125,"Red Lake, MN",2021,226664.0
 27127,"Redwood, MN",2021,1095386.0
 27129,"Renville, MN",2021,945490.0
 27131,"Rice, MN",2021,3208326.0
 27133,"Rock, MN",2021,650363.0
 27135,"Roseau, MN",2021,1442778.0
 27137,"St. Louis, MN",2021,11450141.0
 27139,"Scott, MN",2021,8141527.0
 27141,"Sherburne, MN",2021,4038549.0
 27143,"Sibley, MN",2021,520607.0
 27145,"Stearns, MN",2021,9876386.0
 27147,"Steele, MN",2021,2478727.0
 27149,"Stevens, MN",2021,702853.0
 27151,"Swift, MN",2021,585345.0
 27153,"Todd, MN",2021,878050.0
 27155,"Traverse, MN",2021,250862.0
 27157,"Wabasha, MN",2021,891574.0
 27159,"Wadena, MN",2021,593658.0
 27161,"Waseca, MN",2021,872407.0
 27163,"Washington, MN",2021,13586917.0
 27165,"Watonwan, MN",2021,543071.0
 27167,"Wilkin, MN",2021,385118.0
 27169,"Winona, MN",2021,2612409.0
 27171,"Wright, MN",2021,6010024.0
 27173,"Yellow Medicine, MN",2021,590446.0
 28000,Mississippi,2021,129944668.0
 28001,"Adams, MS",2021,1122236.0
 28003,"Alcorn, MS",2021,1424998.0
 28005,"Amite, MS",2021,325888.0
 28007,"Attala, MS",2021,599248.0
 28009,"Benton, MS",2021,297156.0
 28011,"Bolivar, MS",2021,1201474.0
 28013,"Calhoun, MS",2021,364789.0
 28015,"Carroll, MS",2021,124943.0
 28017,"Chickasaw, MS",2021,588810.0
 28019,"Choctaw, MS",2021,764340.0
 28021,"Claiborne, MS",2021,869808.0
 28023,"Clarke, MS",2021,309111.0
 28025,"Clay, MS",2021,602882.0
 28027,"Coahoma, MS",2021,770819.0
 28029,"Copiah, MS",2021,779847.0
 28031,"Covington, MS",2021,766773.0
 28033,"DeSoto, MS",2021,7605304.0
 28035,"Forrest, MS",2021,4091669.0
 28037,"Franklin, MS",2021,238676.0
 28039,"George, MS",2021,528143.0
 28041,"Greene, MS",2021,177177.0
 28043,"Grenada, MS",2021,1056372.0
 28045,"Hancock, MS",2021,1850814.0
 28047,"Harrison, MS",2021,10558009.0
 28049,"Hinds, MS",2021,13607475.0
 28051,"Holmes, MS",2021,318142.0
 28053,"Humphreys, MS",2021,227624.0
 28055,"Issaquena, MS",2021,31603.0
 28057,"Itawamba, MS",2021,650438.0
 28059,"Jackson, MS",2021,8119043.0
 28061,"Jasper, MS",2021,542525.0
 28063,"Jefferson, MS",2021,111742.0
 28065,"Jefferson Davis, MS",2021,177715.0
 28067,"Jones, MS",2021,2909672.0
 28069,"Kemper, MS",2021,346381.0
 28071,"Lafayette, MS",2021,2476965.0
 28073,"Lamar, MS",2021,2174195.0
 28075,"Lauderdale, MS",2021,3904882.0
 28077,"Lawrence, MS",2021,390647.0
 28079,"Leake, MS",2021,686346.0
 28081,"Lee, MS",2021,5575010.0
 28083,"Leflore, MS",2021,1465222.0
 28085,"Lincoln, MS",2021,1344734.0
 28087,"Lowndes, MS",2021,3293303.0
 28089,"Madison, MS",2021,7604915.0
 28091,"Marion, MS",2021,927940.0
 28093,"Marshall, MS",2021,928137.0
 28095,"Monroe, MS",2021,1122266.0
 28097,"Montgomery, MS",2021,228112.0
 28099,"Neshoba, MS",2021,1214498.0
 28101,"Newton, MS",2021,573740.0
 28103,"Noxubee, MS",2021,339210.0
 28105,"Oktibbeha, MS",2021,2052654.0
 28107,"Panola, MS",2021,1180436.0
 28109,"Pearl River, MS",2021,1179569.0
 28111,"Perry, MS",2021,375998.0
 28113,"Pike, MS",2021,1281441.0
 28115,"Pontotoc, MS",2021,1129098.0
 28117,"Prentiss, MS",2021,676440.0
 28119,"Quitman, MS",2021,122247.0
 28121,"Rankin, MS",2021,8100202.0
 28123,"Scott, MS",2021,1202353.0
 28125,"Sharkey, MS",2021,129783.0
 28127,"Simpson, MS",2021,692655.0
 28129,"Smith, MS",2021,461796.0
 28131,"Stone, MS",2021,465616.0
 28133,"Sunflower, MS",2021,818909.0
 28135,"Tallahatchie, MS",2021,353267.0
 28137,"Tate, MS",2021,626540.0
 28139,"Tippah, MS",2021,807107.0
 28141,"Tishomingo, MS",2021,627014.0
 28143,"Tunica, MS",2021,581923.0
 28145,"Union, MS",2021,1229556.0
 28147,"Walthall, MS",2021,315814.0
 28149,"Warren, MS",2021,2734429.0
 28151,"Washington, MS",2021,1671207.0
 28153,"Wayne, MS",2021,669294.0
 28155,"Webster, MS",2021,220816.0
 28157,"Wilkinson, MS",2021,178545.0
 28159,"Winston, MS",2021,577541.0
 28161,"Yalobusha, MS",2021,349681.0
 28163,"Yazoo, MS",2021,820967.0
 29000,Missouri,2021,366441471.0
 29001,"Adair, MO",2021,900095.0
 29003,"Andrew, MO",2021,367174.0
 29005,"Atchison, MO",2021,440749.0
 29007,"Audrain, MO",2021,1012323.0
 29009,"Barry, MO",2021,1625736.0
 29011,"Barton, MO",2021,427722.0
 29013,"Bates, MO",2021,527175.0
 29015,"Benton, MO",2021,464294.0
 29017,"Bollinger, MO",2021,220279.0
 29019,"Boone, MO",2021,11047956.0
 29021,"Buchanan, MO",2021,5550722.0
 29023,"Butler, MO",2021,1685170.0
 29025,"Caldwell, MO",2021,261282.0
 29027,"Callaway, MO",2021,1800370.0
 29029,"Camden, MO",2021,1850463.0
 29031,"Cape Girardeau, MO",2021,4535083.0
 29033,"Carroll, MO",2021,391539.0
 29035,"Carter, MO",2021,143539.0
 29037,"Cass, MO",2021,3327505.0
 29039,"Cedar, MO",2021,334063.0
 29041,"Chariton, MO",2021,334572.0
 29043,"Christian, MO",2021,2138085.0
 29045,"Clark, MO",2021,187778.0
 29047,"Clay, MO",2021,14054267.0
 29049,"Clinton, MO",2021,465122.0
 29051,"Cole, MO",2021,5974171.0
 29053,"Cooper, MO",2021,514107.0
 29055,"Crawford, MO",2021,770724.0
 29057,"Dade, MO",2021,215971.0
 29059,"Dallas, MO",2021,298515.0
 29061,"Daviess, MO",2021,197460.0
 29063,"DeKalb, MO",2021,370773.0
 29065,"Dent, MO",2021,407553.0
 29067,"Douglas, MO",2021,246440.0
 29069,"Dunklin, MO",2021,865986.0
 29071,"Franklin, MO",2021,5466471.0
 29073,"Gasconade, MO",2021,509541.0
 29075,"Gentry, MO",2021,260717.0
 29077,"Greene, MO",2021,20003631.0
 29079,"Grundy, MO",2021,338135.0
 29081,"Harrison, MO",2021,289967.0
 29083,"Henry, MO",2021,862133.0
 29085,"Hickory, MO",2021,179846.0
 29087,"Holt, MO",2021,231015.0
 29089,"Howard, MO",2021,265556.0
 29091,"Howell, MO",2021,1423132.0
 29093,"Iron, MO",2021,468692.0
 29095,"Jackson, MO",2021,53564264.0
 29097,"Jasper, MO",2021,6156338.0
 29099,"Jefferson, MO",2021,6195080.0
 29101,"Johnson, MO",2021,2123035.0
 29103,"Knox, MO",2021,143517.0
 29105,"Laclede, MO",2021,1655212.0
 29107,"Lafayette, MO",2021,1008150.0
 29109,"Lawrence, MO",2021,991552.0
 29111,"Lewis, MO",2021,280786.0
 29113,"Lincoln, MO",2021,1498417.0
 29115,"Linn, MO",2021,452727.0
 29117,"Livingston, MO",2021,655164.0
 29119,"McDonald, MO",2021,809478.0
 29121,"Macon, MO",2021,652730.0
 29123,"Madison, MO",2021,303847.0
 29125,"Maries, MO",2021,186212.0
 29127,"Marion, MO",2021,1374376.0
 29129,"Mercer, MO",2021,134789.0
 29131,"Miller, MO",2021,785527.0
 29133,"Mississippi, MO",2021,429920.0
 29135,"Moniteau, MO",2021,495835.0
 29137,"Monroe, MO",2021,232014.0
 29139,"Montgomery, MO",2021,424369.0
 29141,"Morgan, MO",2021,587621.0
 29143,"New Madrid, MO",2021,1172981.0
 29145,"Newton, MO",2021,2396258.0
 29147,"Nodaway, MO",2021,838419.0
 29149,"Oregon, MO",2021,223756.0
 29151,"Osage, MO",2021,456108.0
 29153,"Ozark, MO",2021,162252.0
 29155,"Pemiscot, MO",2021,582399.0
 29157,"Perry, MO",2021,1072261.0
 29159,"Pettis, MO",2021,2261537.0
 29161,"Phelps, MO",2021,1744053.0
 29163,"Pike, MO",2021,599922.0
 29165,"Platte, MO",2021,8207816.0
 29167,"Polk, MO",2021,916262.0
 29169,"Pulaski, MO",2021,2575570.0
 29171,"Putnam, MO",2021,146256.0
 29173,"Ralls, MO",2021,748119.0
 29175,"Randolph, MO",2021,1529677.0
 29177,"Ray, MO",2021,559505.0
 29179,"Reynolds, MO",2021,278921.0
 29181,"Ripley, MO",2021,237382.0
 29183,"St. Charles, MO",2021,20601502.0
 29185,"St. Clair, MO",2021,188124.0
 29186,"Ste. Genevieve, MO",2021,787209.0
 29187,"St. Francois, MO",2021,1981741.0
 29189,"St. Louis, MO",2021,94106135.0
 29195,"Saline, MO",2021,1084092.0
 29197,"Schuyler, MO",2021,138281.0
 29199,"Scotland, MO",2021,183084.0
 29201,"Scott, MO",2021,1863438.0
 29203,"Shannon, MO",2021,153525.0
 29205,"Shelby, MO",2021,215278.0
 29207,"Stoddard, MO",2021,1307928.0
 29209,"Stone, MO",2021,847331.0
 29211,"Sullivan, MO",2021,518565.0
 29213,"Taney, MO",2021,2878392.0
 29215,"Texas, MO",2021,587907.0
 29217,"Vernon, MO",2021,934982.0
 29219,"Warren, MO",2021,979922.0
 29221,"Washington, MO",2021,474574.0
 29223,"Wayne, MO",2021,242354.0
 29225,"Webster, MO",2021,977380.0
 29227,"Worth, MO",2021,55389.0
 29229,"Wright, MO",2021,480304.0
 29510,"St. Louis (Independent City), MO",2021,32750019.0
 30000,Montana,2021,60399738.0
 30001,"Beaverhead, MT",2021,440676.0
 30003,"Big Horn, MT",2021,826084.0
 30005,"Blaine, MT",2021,191989.0
 30007,"Broadwater, MT",2021,219765.0
 30009,"Carbon, MT",2021,418376.0
 30011,"Carter, MT",2021,36667.0
 30013,"Cascade, MT",2021,4299481.0
 30015,"Chouteau, MT",2021,231110.0
 30017,"Custer, MT",2021,546582.0
 30019,"Daniels, MT",2021,126293.0
 30021,"Dawson, MT",2021,479042.0
 30023,"Deer Lodge, MT",2021,320753.0
 30025,"Fallon, MT",2021,224540.0
 30027,"Fergus, MT",2021,605678.0
 30029,"Flathead, MT",2021,5523577.0
 30031,"Gallatin, MT",2021,8470201.0
 30033,"Garfield, MT",2021,40608.0
 30035,"Glacier, MT",2021,421098.0
 30037,"Golden Valley, MT",2021,23913.0
 30039,"Granite, MT",2021,123126.0
 30041,"Hill, MT",2021,766507.0
 30043,"Jefferson, MT",2021,292796.0
 30045,"Judith Basin, MT",2021,85385.0
 30047,"Lake, MT",2021,1067797.0
 30049,"Lewis and Clark, MT",2021,4262711.0
 30051,"Liberty, MT",2021,239747.0
 30053,"Lincoln, MT",2021,662478.0
 30055,"McCone, MT",2021,114277.0
 30057,"Madison, MT",2021,618174.0
 30059,"Meagher, MT",2021,72729.0
 30061,"Mineral, MT",2021,136933.0
 30063,"Missoula, MT",2021,7140311.0
 30065,"Musselshell, MT",2021,323134.0
 30067,"Park, MT",2021,768565.0
 30069,"Petroleum, MT",2021,10123.0
 30071,"Phillips, MT",2021,148238.0
 30073,"Pondera, MT",2021,221974.0
 30075,"Powder River, MT",2021,188782.0
 30077,"Powell, MT",2021,245111.0
 30079,"Prairie, MT",2021,35358.0
 30081,"Ravalli, MT",2021,1462499.0
 30083,"Richland, MT",2021,979330.0
 30085,"Roosevelt, MT",2021,506234.0
 30087,"Rosebud, MT",2021,806714.0
 30089,"Sanders, MT",2021,451599.0
 30091,"Sheridan, MT",2021,217712.0
 30093,"Silver Bow, MT",2021,1827741.0
 30095,"Stillwater, MT",2021,902066.0
 30097,"Sweet Grass, MT",2021,343947.0
 30099,"Teton, MT",2021,248468.0
 30101,"Toole, MT",2021,328474.0
 30103,"Treasure, MT",2021,53797.0
 30105,"Valley, MT",2021,468278.0
 30107,"Wheatland, MT",2021,87387.0
 30109,"Wibaux, MT",2021,55769.0
 30111,"Yellowstone, MT",2021,10689035.0
 31000,Nebraska,2021,150836111.0
 31001,"Adams, NE",2021,2246956.0
 31003,"Antelope, NE",2021,684982.0
 31005,"Arthur, NE",2021,19732.0
 31007,"Banner, NE",2021,46139.0
 31009,"Blaine, NE",2021,26440.0
 31011,"Boone, NE",2021,557658.0
 31013,"Box Butte, NE",2021,652764.0
 31015,"Boyd, NE",2021,143709.0
 31017,"Brown, NE",2021,227700.0
 31019,"Buffalo, NE",2021,3827610.0
 31021,"Burt, NE",2021,399358.0
 31023,"Butler, NE",2021,455780.0
 31025,"Cass, NE",2021,992135.0
 31027,"Cedar, NE",2021,574876.0
 31029,"Chase, NE",2021,411957.0
 31031,"Cherry, NE",2021,325668.0
 31033,"Cheyenne, NE",2021,607137.0
 31035,"Clay, NE",2021,458639.0
 31037,"Colfax, NE",2021,952537.0
 31039,"Cuming, NE",2021,900536.0
 31041,"Custer, NE",2021,812596.0
 31043,"Dakota, NE",2021,1916066.0
 31045,"Dawes, NE",2021,333980.0
 31047,"Dawson, NE",2021,1906861.0
 31049,"Deuel, NE",2021,96098.0
 31051,"Dixon, NE",2021,418626.0
 31053,"Dodge, NE",2021,2625950.0
 31055,"Douglas, NE",2021,55149853.0
 31057,"Dundy, NE",2021,203235.0
 31059,"Fillmore, NE",2021,513522.0
 31061,"Franklin, NE",2021,137095.0
 31063,"Frontier, NE",2021,137454.0
 31065,"Furnas, NE",2021,348285.0
 31067,"Gage, NE",2021,1254856.0
 31069,"Garden, NE",2021,87668.0
 31071,"Garfield, NE",2021,92073.0
 31073,"Gosper, NE",2021,118432.0
 31075,"Grant, NE",2021,29577.0
 31077,"Greeley, NE",2021,146320.0
 31079,"Hall, NE",2021,4338614.0
 31081,"Hamilton, NE",2021,855704.0
 31083,"Harlan, NE",2021,218233.0
 31085,"Hayes, NE",2021,112392.0
 31087,"Hitchcock, NE",2021,195134.0
 31089,"Holt, NE",2021,818650.0
 31091,"Hooker, NE",2021,31394.0
 31093,"Howard, NE",2021,275447.0
 31095,"Jefferson, NE",2021,562691.0
 31097,"Johnson, NE",2021,229772.0
 31099,"Kearney, NE",2021,434023.0
 31101,"Keith, NE",2021,477262.0
 31103,"Keya Paha, NE",2021,35746.0
 31105,"Kimball, NE",2021,194806.0
 31107,"Knox, NE",2021,755139.0
 31109,"Lancaster, NE",2021,22462625.0
 31111,"Lincoln, NE",2021,2607994.0
 31113,"Logan, NE",2021,32759.0
 31115,"Loup, NE",2021,32678.0
 31117,"McPherson, NE",2021,22107.0
 31119,"Madison, NE",2021,2777256.0
 31121,"Merrick, NE",2021,462555.0
 31123,"Morrill, NE",2021,373023.0
 31125,"Nance, NE",2021,189641.0
 31127,"Nemaha, NE",2021,816799.0
 31129,"Nuckolls, NE",2021,332258.0
 31131,"Otoe, NE",2021,1493164.0
 31133,"Pawnee, NE",2021,153250.0
 31135,"Perkins, NE",2021,398614.0
 31137,"Phelps, NE",2021,941586.0
 31139,"Pierce, NE",2021,464300.0
 31141,"Platte, NE",2021,3191096.0
 31143,"Polk, NE",2021,370509.0
 31145,"Red Willow, NE",2021,638640.0
 31147,"Richardson, NE",2021,480211.0
 31149,"Rock, NE",2021,100115.0
 31151,"Saline, NE",2021,1171296.0
 31153,"Sarpy, NE",2021,11141144.0
 31155,"Saunders, NE",2021,943463.0
 31157,"Scotts Bluff, NE",2021,1949493.0
 31159,"Seward, NE",2021,876093.0
 31161,"Sheridan, NE",2021,387397.0
 31163,"Sherman, NE",2021,152904.0
 31165,"Sioux, NE",2021,79217.0
 31167,"Stanton, NE",2021,385846.0
 31169,"Thayer, NE",2021,468485.0
 31171,"Thomas, NE",2021,36168.0
 31173,"Thurston, NE",2021,498506.0
 31175,"Valley, NE",2021,344535.0
 31177,"Washington, NE",2021,1624520.0
 31179,"Wayne, NE",2021,599960.0
 31181,"Webster, NE",2021,287236.0
 31183,"Wheeler, NE",2021,100307.0
 31185,"York, NE",2021,1072496.0
 32000,Nevada,2021,201705682.0
 32001,"Churchill, NV",2021,1370052.0
 32003,"Clark, NV",2021,143037066.0
 32005,"Douglas, NV",2021,3110512.0
 32007,"Elko, NV",2021,3173107.0
 32009,"Esmeralda, NV",2021,51687.0
 32011,"Eureka, NV",2021,1672661.0
 32013,"Humboldt, NV",2021,1659922.0
 32015,"Lander, NV",2021,1042159.0
 32017,"Lincoln, NV",2021,194312.0
 32019,"Lyon, NV",2021,1929023.0
 32021,"Mineral, NV",2021,268476.0
 32023,"Nye, NV",2021,2073182.0
 32027,"Pershing, NV",2021,446823.0
 32029,"Storey, NV",2021,2601553.0
 32031,"Washoe, NV",2021,34193651.0
 32033,"White Pine, NV",2021,854133.0
 32510,"Carson City (Independent City), NV",2021,4027362.0
 33000,New Hampshire,2021,99092629.0
 33001,"Belknap, NH",2021,3374559.0
 33003,"Carroll, NH",2021,2589957.0
 33005,"Cheshire, NH",2021,4520086.0
 33007,"Coos, NH",2021,1455788.0
 33009,"Grafton, NH",2021,7993285.0
 33011,"Hillsborough, NH",2021,32349765.0
 33013,"Merrimack, NH",2021,11003721.0
 33015,"Rockingham, NH",2021,27281783.0
 33017,"Strafford, NH",2021,6698728.0
 33019,"Sullivan, NH",2021,1824956.0
 34000,New Jersey,2021,695443247.0
 34001,"Atlantic, NJ",2021,15668696.0
 34003,"Bergen, NJ",2021,89310396.0
 34005,"Burlington, NJ",2021,33389491.0
 34007,"Camden, NJ",2021,28449283.0
 34009,"Cape May, NJ",2021,6321784.0
 34011,"Cumberland, NJ",2021,7319168.0
 34013,"Essex, NJ",2021,59579527.0
 34015,"Gloucester, NJ",2021,15984629.0
 34017,"Hudson, NJ",2021,53617869.0
 34019,"Hunterdon, NJ",2021,8388279.0
 34021,"Mercer, NJ",2021,45567475.0
 34023,"Middlesex, NJ",2021,72816323.0
 34025,"Monmouth, NJ",2021,43049380.0
 34027,"Morris, NJ",2021,62913146.0
 34029,"Ocean, NJ",2021,25968214.0
 34031,"Passaic, NJ",2021,24110868.0
 34033,"Salem, NJ",2021,6421595.0
 34035,"Somerset, NJ",2021,44882332.0
 34037,"Sussex, NJ",2021,5651261.0
 34039,"Union, NJ",2021,41543873.0
 34041,"Warren, NJ",2021,4489657.0
 35000,New Mexico,2021,112978472.0
 35001,"Bernalillo, NM",2021,43594782.0
 35003,"Catron, NM",2021,105281.0
 35005,"Chaves, NM",2021,2311147.0
 35006,"Cibola, NM",2021,683937.0
 35007,"Colfax, NM",2021,510279.0
 35009,"Curry, NM",2021,3480857.0
 35011,"De Baca, NM",2021,90073.0
 35013,"Doña Ana, NM",2021,8899362.0
 35015,"Eddy, NM",2021,7702986.0
 35017,"Grant, NM",2021,1333775.0
 35019,"Guadalupe, NM",2021,184339.0
 35021,"Harding, NM",2021,52034.0
 35023,"Hidalgo, NM",2021,231450.0
 35025,"Lea, NM",2021,7481360.0
 35027,"Lincoln, NM",2021,724350.0
 35028,"Los Alamos, NM",2021,2648460.0
 35029,"Luna, NM",2021,985423.0
 35031,"McKinley, NM",2021,2533044.0
 35033,"Mora, NM",2021,121166.0
 35035,"Otero, NM",2021,3185945.0
 35037,"Quay, NM",2021,338349.0
 35039,"Rio Arriba, NM",2021,1175479.0
 35041,"Roosevelt, NM",2021,773123.0
 35043,"Sandoval, NM",2021,4285055.0
 35045,"San Juan, NM",2021,5902220.0
 35047,"San Miguel, NM",2021,743709.0
 35049,"Santa Fe, NM",2021,8235741.0
 35051,"Sierra, NM",2021,359141.0
 35053,"Socorro, NM",2021,546621.0
 35055,"Taos, NM",2021,1147700.0
 35057,"Torrance, NM",2021,576822.0
 35059,"Union, NM",2021,184697.0
 35061,"Valencia, NM",2021,1849766.0
 36000,New York,2021,1923413303.0
 36001,"Albany, NY",2021,38507011.0
 36003,"Allegany, NY",2021,1621934.0
 36005,"Bronx, NY",2021,48621531.0
 36007,"Broome, NY",2021,10077379.0
 36009,"Cattaraugus, NY",2021,3141510.0
 36011,"Cayuga, NY",2021,3318016.0
 36013,"Chautauqua, NY",2021,5111825.0
 36015,"Chemung, NY",2021,4061573.0
 36017,"Chenango, NY",2021,2327623.0
 36019,"Clinton, NY",2021,4056596.0
 36021,"Columbia, NY",2021,2958507.0
 36023,"Cortland, NY",2021,2000649.0
 36025,"Delaware, NY",2021,2356551.0
 36027,"Dutchess, NY",2021,16293610.0
 36029,"Erie, NY",2021,66414821.0
 36031,"Essex, NY",2021,1890503.0
 36033,"Franklin, NY",2021,2182331.0
 36035,"Fulton, NY",2021,2050750.0
 36037,"Genesee, NY",2021,2716899.0
 36039,"Greene, NY",2021,2779132.0
 36041,"Hamilton, NY",2021,256723.0
 36043,"Herkimer, NY",2021,1990050.0
 36045,"Jefferson, NY",2021,7169353.0
 36047,"Kings, NY",2021,115245293.0
 36049,"Lewis, NY",2021,1256041.0
 36051,"Livingston, NY",2021,2430805.0
 36053,"Madison, NY",2021,2547840.0
 36055,"Monroe, NY",2021,53343149.0
 36057,"Montgomery, NY",2021,2132925.0
 36059,"Nassau, NY",2021,113260502.0
 36061,"New York, NY",2021,847696897.0
 36063,"Niagara, NY",2021,11107977.0
 36065,"Oneida, NY",2021,12237736.0
 36067,"Onondaga, NY",2021,35510073.0
 36069,"Ontario, NY",2021,7157475.0
 36071,"Orange, NY",2021,22834982.0
 36073,"Orleans, NY",2021,1603170.0
 36075,"Oswego, NY",2021,7989928.0
 36077,"Otsego, NY",2021,2937548.0
 36079,"Putnam, NY",2021,4374289.0
 36081,"Queens, NY",2021,110046384.0
 36083,"Rensselaer, NY",2021,12067279.0
 36085,"Richmond, NY",2021,19196551.0
 36087,"Rockland, NY",2021,20791534.0
 36089,"St. Lawrence, NY",2021,5381772.0
 36091,"Saratoga, NY",2021,13492365.0
 36093,"Schenectady, NY",2021,9867722.0
 36095,"Schoharie, NY",2021,1103955.0
 36097,"Schuyler, NY",2021,573697.0
 36099,"Seneca, NY",2021,1739970.0
 36101,"Steuben, NY",2021,4861232.0
 36103,"Suffolk, NY",2021,116504173.0
 36105,"Sullivan, NY",2021,3537199.0
 36107,"Tioga, NY",2021,1615462.0
 36109,"Tompkins, NY",2021,6616098.0
 36111,"Ulster, NY",2021,8420793.0
 36113,"Warren, NY",2021,6088858.0
 36115,"Washington, NY",2021,2299280.0
 36117,"Wayne, NY",2021,4322939.0
 36119,"Westchester, NY",2021,96053755.0
 36121,"Wyoming, NY",2021,2067807.0
 36123,"Yates, NY",2021,1192972.0
 37000,North Carolina,2021,662147133.0
 37001,"Alamance, NC",2021,7441970.0
 37003,"Alexander, NC",2021,958433.0
 37005,"Alleghany, NC",2021,350591.0
 37007,"Anson, NC",2021,885063.0
 37009,"Ashe, NC",2021,854369.0
 37011,"Avery, NC",2021,712901.0
 37013,"Beaufort, NC",2021,2032081.0
 37015,"Bertie, NC",2021,712450.0
 37017,"Bladen, NC",2021,1570985.0
 37019,"Brunswick, NC",2021,6263732.0
 37021,"Buncombe, NC",2021,16597241.0
 37023,"Burke, NC",2021,2904904.0
 37025,"Cabarrus, NC",2021,9488363.0
 37027,"Caldwell, NC",2021,2712786.0
 37029,"Camden, NC",2021,200697.0
 37031,"Carteret, NC",2021,2840806.0
 37033,"Caswell, NC",2021,386546.0
 37035,"Catawba, NC",2021,10220503.0
 37037,"Chatham, NC",2021,2089138.0
 37039,"Cherokee, NC",2021,904649.0
 37041,"Chowan, NC",2021,590937.0
 37043,"Clay, NC",2021,244643.0
 37045,"Cleveland, NC",2021,4754295.0
 37047,"Columbus, NC",2021,1688953.0
 37049,"Craven, NC",2021,5729037.0
 37051,"Cumberland, NC",2021,20397876.0
 37053,"Currituck, NC",2021,937268.0
 37055,"Dare, NC",2021,2749659.0
 37057,"Davidson, NC",2021,5649496.0
 37059,"Davie, NC",2021,1606886.0
 37061,"Duplin, NC",2021,2367374.0
 37063,"Durham, NC",2021,42102738.0
 37065,"Edgecombe, NC",2021,1767265.0
 37067,"Forsyth, NC",2021,28741971.0
 37069,"Franklin, NC",2021,2178378.0
 37071,"Gaston, NC",2021,8747798.0
 37073,"Gates, NC",2021,236499.0
 37075,"Graham, NC",2021,275926.0
 37077,"Granville, NC",2021,3864919.0
 37079,"Greene, NC",2021,504506.0
 37081,"Guilford, NC",2021,37510566.0
 37083,"Halifax, NC",2021,1637308.0
 37085,"Harnett, NC",2021,3104965.0
 37087,"Haywood, NC",2021,2165777.0
 37089,"Henderson, NC",2021,4719928.0
 37091,"Hertford, NC",2021,945569.0
 37093,"Hoke, NC",2021,1269622.0
 37095,"Hyde, NC",2021,199398.0
 37097,"Iredell, NC",2021,11443789.0
 37099,"Jackson, NC",2021,1843324.0
 37101,"Johnston, NC",2021,8525744.0
 37103,"Jones, NC",2021,248499.0
 37105,"Lee, NC",2021,3107665.0
 37107,"Lenoir, NC",2021,3023353.0
 37109,"Lincoln, NC",2021,3453545.0
 37111,"McDowell, NC",2021,2120327.0
 37113,"Macon, NC",2021,1696502.0
 37115,"Madison, NC",2021,473542.0
 37117,"Martin, NC",2021,730596.0
 37119,"Mecklenburg, NC",2021,139380433.0
 37121,"Mitchell, NC",2021,626049.0
 37123,"Montgomery, NC",2021,1248431.0
 37125,"Moore, NC",2021,4323269.0
 37127,"Nash, NC",2021,5804721.0
 37129,"New Hanover, NC",2021,16362552.0
 37131,"Northampton, NC",2021,612448.0
 37133,"Onslow, NC",2021,10233581.0
 37135,"Orange, NC",2021,10435335.0
 37137,"Pamlico, NC",2021,340011.0
 37139,"Pasquotank, NC",2021,1811114.0
 37141,"Pender, NC",2021,1983467.0
 37143,"Perquimans, NC",2021,341182.0
 37145,"Person, NC",2021,1666949.0
 37147,"Pitt, NC",2021,10250809.0
 37149,"Polk, NC",2021,577913.0
 37151,"Randolph, NC",2021,4711861.0
 37153,"Richmond, NC",2021,2141752.0
 37155,"Robeson, NC",2021,4297044.0
 37157,"Rockingham, NC",2021,3155001.0
 37159,"Rowan, NC",2021,6496549.0
 37161,"Rutherford, NC",2021,2028651.0
 37163,"Sampson, NC",2021,2068195.0
 37165,"Scotland, NC",2021,1277612.0
 37167,"Stanly, NC",2021,2089214.0
 37169,"Stokes, NC",2021,1377606.0
 37171,"Surry, NC",2021,2899368.0
 37173,"Swain, NC",2021,797170.0
 37175,"Transylvania, NC",2021,1895638.0
 37177,"Tyrrell, NC",2021,132342.0
 37179,"Union, NC",2021,9405139.0
 37181,"Vance, NC",2021,1423679.0
 37183,"Wake, NC",2021,98963797.0
 37185,"Warren, NC",2021,370106.0
 37187,"Washington, NC",2021,334982.0
 37189,"Watauga, NC",2021,2586992.0
 37191,"Wayne, NC",2021,5660154.0
 37193,"Wilkes, NC",2021,2790750.0
 37195,"Wilson, NC",2021,4233525.0
 37197,"Yadkin, NC",2021,1056322.0
 37199,"Yancey, NC",2021,470768.0
 38000,North Dakota,2021,63838480.0
 38001,"Adams, ND",2021,114081.0
 38003,"Barnes, ND",2021,726533.0
 38005,"Benson, ND",2021,299215.0
 38007,"Billings, ND",2021,203961.0
 38009,"Bottineau, ND",2021,455605.0
 38011,"Bowman, ND",2021,270020.0
 38013,"Burke, ND",2021,227135.0
 38015,"Burleigh, ND",2021,6464629.0
 38017,"Cass, ND",2021,15074375.0
 38019,"Cavalier, ND",2021,400685.0
 38021,"Dickey, ND",2021,362235.0
 38023,"Divide, ND",2021,211544.0
 38025,"Dunn, ND",2021,1669250.0
 38027,"Eddy, ND",2021,136625.0
 38029,"Emmons, ND",2021,245055.0
 38031,"Foster, ND",2021,313724.0
 38033,"Golden Valley, ND",2021,96600.0
 38035,"Grand Forks, ND",2021,4491077.0
 38037,"Grant, ND",2021,115273.0
 38039,"Griggs, ND",2021,179144.0
 38041,"Hettinger, ND",2021,99039.0
 38043,"Kidder, ND",2021,165690.0
 38045,"LaMoure, ND",2021,283376.0
 38047,"Logan, ND",2021,132263.0
 38049,"McHenry, ND",2021,345242.0
 38051,"McIntosh, ND",2021,198540.0
 38053,"McKenzie, ND",2021,4377125.0
 38055,"McLean, ND",2021,1020593.0
 38057,"Mercer, ND",2021,1042235.0
 38059,"Morton, ND",2021,1653406.0
 38061,"Mountrail, ND",2021,2253213.0
 38063,"Nelson, ND",2021,158081.0
 38065,"Oliver, ND",2021,291277.0
 38067,"Pembina, ND",2021,560125.0
 38069,"Pierce, ND",2021,294605.0
 38071,"Ramsey, ND",2021,691728.0
 38073,"Ransom, ND",2021,305211.0
 38075,"Renville, ND",2021,162108.0
 38077,"Richland, ND",2021,1021638.0
 38079,"Rolette, ND",2021,429301.0
 38081,"Sargent, ND",2021,970515.0
 38083,"Sheridan, ND",2021,92855.0
 38085,"Sioux, ND",2021,135653.0
 38087,"Slope, ND",2021,31564.0
 38089,"Stark, ND",2021,2638917.0
 38091,"Steele, ND",2021,175868.0
 38093,"Stutsman, ND",2021,1424458.0
 38095,"Towner, ND",2021,176319.0
 38097,"Traill, ND",2021,508528.0
 38099,"Walsh, ND",2021,688434.0
 38101,"Ward, ND",2021,4157172.0
 38103,"Wells, ND",2021,326879.0
 38105,"Williams, ND",2021,4969757.0
 39000,Ohio,2021,763595849.0
 39001,"Adams, OH",2021,865208.0
 39003,"Allen, OH",2021,9899103.0
 39005,"Ashland, OH",2021,2069203.0
 39007,"Ashtabula, OH",2021,3560294.0
 39009,"Athens, OH",2021,2292784.0
 39011,"Auglaize, OH",2021,2777799.0
 39013,"Belmont, OH",2021,3546751.0
 39015,"Brown, OH",2021,1025795.0
 39017,"Butler, OH",2021,24398414.0
 39019,"Carroll, OH",2021,1281174.0
 39021,"Champaign, OH",2021,1377245.0
 39023,"Clark, OH",2021,5148683.0
 39025,"Clermont, OH",2021,9591560.0
 39027,"Clinton, OH",2021,2681144.0
 39029,"Columbiana, OH",2021,3593400.0
 39031,"Coshocton, OH",2021,1368815.0
 39033,"Crawford, OH",2021,1565693.0
 39035,"Cuyahoga, OH",2021,110702595.0
 39037,"Darke, OH",2021,2441750.0
 39039,"Defiance, OH",2021,1881964.0
 39041,"Delaware, OH",2021,14914696.0
 39043,"Erie, OH",2021,4667617.0
 39045,"Fairfield, OH",2021,5496050.0
 39047,"Fayette, OH",2021,1949525.0
 39049,"Franklin, OH",2021,116819996.0
 39051,"Fulton, OH",2021,2281112.0
 39053,"Gallia, OH",2021,2372606.0
 39055,"Geauga, OH",2021,5025131.0
 39057,"Greene, OH",2021,11777553.0
 39059,"Guernsey, OH",2021,2348656.0
 39061,"Hamilton, OH",2021,88836771.0
 39063,"Hancock, OH",2021,5914810.0
 39065,"Hardin, OH",2021,1043807.0
 39067,"Harrison, OH",2021,1198333.0
 39069,"Henry, OH",2021,1564357.0
 39071,"Highland, OH",2021,1540956.0
 39073,"Hocking, OH",2021,705405.0
 39075,"Holmes, OH",2021,2933070.0
 39077,"Huron, OH",2021,2615744.0
 39079,"Jackson, OH",2021,1145110.0
 39081,"Jefferson, OH",2021,4751010.0
 39083,"Knox, OH",2021,2373651.0
 39085,"Lake, OH",2021,13084925.0
 39087,"Lawrence, OH",2021,2095650.0
 39089,"Licking, OH",2021,8710132.0
 39091,"Logan, OH",2021,2189326.0
 39093,"Lorain, OH",2021,12281261.0
 39095,"Lucas, OH",2021,28756518.0
 39097,"Madison, OH",2021,2284754.0
 39099,"Mahoning, OH",2021,10540847.0
 39101,"Marion, OH",2021,3031853.0
 39103,"Medina, OH",2021,8654675.0
 39105,"Meigs, OH",2021,443395.0
 39107,"Mercer, OH",2021,2581865.0
 39109,"Miami, OH",2021,5057150.0
 39111,"Monroe, OH",2021,1253187.0
 39113,"Montgomery, OH",2021,33216050.0
 39115,"Morgan, OH",2021,432585.0
 39117,"Morrow, OH",2021,751364.0
 39119,"Muskingum, OH",2021,4348215.0
 39121,"Noble, OH",2021,459420.0
 39123,"Ottawa, OH",2021,2378799.0
 39125,"Paulding, OH",2021,699024.0
 39127,"Perry, OH",2021,813254.0
 39129,"Pickaway, OH",2021,2278007.0
 39131,"Pike, OH",2021,1265223.0
 39133,"Portage, OH",2021,7215071.0
 39135,"Preble, OH",2021,1404137.0
 39137,"Putnam, OH",2021,1465380.0
 39139,"Richland, OH",2021,5101413.0
 39141,"Ross, OH",2021,3267840.0
 39143,"Sandusky, OH",2021,3364908.0
 39145,"Scioto, OH",2021,3060254.0
 39147,"Seneca, OH",2021,2381776.0
 39149,"Shelby, OH",2021,3513060.0
 39151,"Stark, OH",2021,19360582.0
 39153,"Summit, OH",2021,34352389.0
 39155,"Trumbull, OH",2021,7785043.0
 39157,"Tuscarawas, OH",2021,4356624.0
 39159,"Union, OH",2021,4968945.0
 39161,"Van Wert, OH",2021,1462001.0
 39163,"Vinton, OH",2021,352351.0
 39165,"Warren, OH",2021,15146156.0
 39167,"Washington, OH",2021,4052286.0
 39169,"Wayne, OH",2021,7277573.0
 39171,"Williams, OH",2021,1961728.0
 39173,"Wood, OH",2021,8586028.0
 39175,"Wyandot, OH",2021,1207484.0
 40000,Oklahoma,2021,217786545.0
 40001,"Adair, OK",2021,489083.0
 40003,"Alfalfa, OK",2021,503749.0
 40005,"Atoka, OK",2021,402071.0
 40007,"Beaver, OK",2021,510273.0
 40009,"Beckham, OK",2021,998501.0
 40011,"Blaine, OK",2021,1664705.0
 40013,"Bryan, OK",2021,2060566.0
 40015,"Caddo, OK",2021,1111977.0
 40017,"Canadian, OK",2021,6573348.0
 40019,"Carter, OK",2021,2980793.0
 40021,"Cherokee, OK",2021,1558090.0
 40023,"Choctaw, OK",2021,467968.0
 40025,"Cimarron, OK",2021,217276.0
 40027,"Cleveland, OK",2021,10211106.0
 40029,"Coal, OK",2021,371688.0
 40031,"Comanche, OK",2021,5788088.0
 40033,"Cotton, OK",2021,161986.0
 40035,"Craig, OK",2021,498905.0
 40037,"Creek, OK",2021,2313472.0
 40039,"Custer, OK",2021,1708219.0
 40041,"Delaware, OK",2021,1006119.0
 40043,"Dewey, OK",2021,659066.0
 40045,"Ellis, OK",2021,604579.0
 40047,"Garfield, OK",2021,3271961.0
 40049,"Garvin, OK",2021,2017891.0
 40051,"Grady, OK",2021,3460655.0
 40053,"Grant, OK",2021,315028.0
 40055,"Greer, OK",2021,105390.0
 40057,"Harmon, OK",2021,88172.0
 40059,"Harper, OK",2021,240604.0
 40061,"Haskell, OK",2021,398298.0
 40063,"Hughes, OK",2021,1024159.0
 40065,"Jackson, OK",2021,1240257.0
 40067,"Jefferson, OK",2021,117370.0
 40069,"Johnston, OK",2021,504732.0
 40071,"Kay, OK",2021,2065683.0
 40073,"Kingfisher, OK",2021,2743208.0
 40075,"Kiowa, OK",2021,283963.0
 40077,"Latimer, OK",2021,365916.0
 40079,"Le Flore, OK",2021,1494735.0
 40081,"Lincoln, OK",2021,974787.0
 40083,"Logan, OK",2021,992512.0
 40085,"Love, OK",2021,722446.0
 40087,"McClain, OK",2021,1715404.0
 40089,"McCurtain, OK",2021,1425345.0
 40091,"McIntosh, OK",2021,452063.0
 40093,"Major, OK",2021,519251.0
 40095,"Marshall, OK",2021,586111.0
 40097,"Mayes, OK",2021,2108890.0
 40099,"Murray, OK",2021,547498.0
 40101,"Muskogee, OK",2021,3125813.0
 40103,"Noble, OK",2021,729711.0
 40105,"Nowata, OK",2021,209000.0
 40107,"Okfuskee, OK",2021,265477.0
 40109,"Oklahoma, OK",2021,61624496.0
 40111,"Okmulgee, OK",2021,928338.0
 40113,"Osage, OK",2021,1127030.0
 40115,"Ottawa, OK",2021,1214708.0
 40117,"Pawnee, OK",2021,396840.0
 40119,"Payne, OK",2021,3705699.0
 40121,"Pittsburg, OK",2021,2179904.0
 40123,"Pontotoc, OK",2021,2315705.0
 40125,"Pottawatomie, OK",2021,2795469.0
 40127,"Pushmataha, OK",2021,302173.0
 40129,"Roger Mills, OK",2021,435122.0
 40131,"Rogers, OK",2021,3769295.0
 40133,"Seminole, OK",2021,844731.0
 40135,"Sequoyah, OK",2021,881492.0
 40137,"Stephens, OK",2021,2401291.0
 40139,"Texas, OK",2021,2302508.0
 40141,"Tillman, OK",2021,193726.0
 40143,"Tulsa, OK",2021,46595362.0
 40145,"Wagoner, OK",2021,1506161.0
 40147,"Washington, OK",2021,2981183.0
 40149,"Washita, OK",2021,407631.0
 40151,"Woods, OK",2021,653916.0
 40153,"Woodward, OK",2021,1249803.0
 41000,Oregon,2021,275653078.0
 41001,"Baker, OR",2021,640036.0
 41003,"Benton, OR",2021,5150734.0
 41005,"Clackamas, OR",2021,24684913.0
 41007,"Clatsop, OR",2021,2246904.0
 41009,"Columbia, OR",2021,1682318.0
 41011,"Coos, OR",2021,2765080.0
 41013,"Crook, OR",2021,1123940.0
 41015,"Curry, OR",2021,832032.0
 41017,"Deschutes, OR",2021,12777403.0
 41019,"Douglas, OR",2021,4637719.0
 41021,"Gilliam, OR",2021,358559.0
 41023,"Grant, OR",2021,304744.0
 41025,"Harney, OR",2021,360262.0
 41027,"Hood River, OR",2021,1453499.0
 41029,"Jackson, OR",2021,11286208.0
 41031,"Jefferson, OR",2021,892023.0
 41033,"Josephine, OR",2021,3452150.0
 41035,"Klamath, OR",2021,2914985.0
 41037,"Lake, OR",2021,369727.0
 41039,"Lane, OR",2021,19611629.0
 41041,"Lincoln, OR",2021,2235465.0
 41043,"Linn, OR",2021,5586729.0
 41045,"Malheur, OR",2021,1348723.0
 41047,"Marion, OR",2021,19807589.0
 41049,"Morrow, OR",2021,1506408.0
 41051,"Multnomah, OR",2021,76493335.0
 41053,"Polk, OR",2021,2387948.0
 41055,"Sherman, OR",2021,636903.0
 41057,"Tillamook, OR",2021,1374824.0
 41059,"Umatilla, OR",2021,3936350.0
 41061,"Union, OR",2021,1133446.0
 41063,"Wallowa, OR",2021,391182.0
 41065,"Wasco, OR",2021,1807663.0
 41067,"Washington, OR",2021,55049508.0
 41069,"Wheeler, OR",2021,36597.0
 41071,"Yamhill, OR",2021,4375542.0
 42000,Pennsylvania,2021,844431793.0
 42001,"Adams, PA",2021,4209881.0
 42003,"Allegheny, PA",2021,110980876.0
 42005,"Armstrong, PA",2021,2290617.0
 42007,"Beaver, PA",2021,7791103.0
 42009,"Bedford, PA",2021,1666089.0
 42011,"Berks, PA",2021,22217194.0
 42013,"Blair, PA",2021,6800618.0
 42015,"Bradford, PA",2021,4918210.0
 42017,"Bucks, PA",2021,39177581.0
 42019,"Butler, PA",2021,11827327.0
 42021,"Cambria, PA",2021,5155581.0
 42023,"Cameron, PA",2021,235196.0
 42025,"Carbon, PA",2021,2732339.0
 42027,"Centre, PA",2021,9754634.0
 42029,"Chester, PA",2021,49746805.0
 42031,"Clarion, PA",2021,1274084.0
 42033,"Clearfield, PA",2021,3164031.0
 42035,"Clinton, PA",2021,1558204.0
 42037,"Columbia, PA",2021,2677545.0
 42039,"Crawford, PA",2021,3139351.0
 42041,"Cumberland, PA",2021,18874184.0
 42043,"Dauphin, PA",2021,24627184.0
 42045,"Delaware, PA",2021,36910355.0
 42047,"Elk, PA",2021,1485056.0
 42049,"Erie, PA",2021,12350432.0
 42051,"Fayette, PA",2021,4543170.0
 42053,"Forest, PA",2021,242637.0
 42055,"Franklin, PA",2021,6843962.0
 42057,"Fulton, PA",2021,701956.0
 42059,"Greene, PA",2021,3531651.0
 42061,"Huntingdon, PA",2021,1384057.0
 42063,"Indiana, PA",2021,4065840.0
 42065,"Jefferson, PA",2021,1545271.0
 42067,"Juniata, PA",2021,876586.0
 42069,"Lackawanna, PA",2021,11308237.0
 42071,"Lancaster, PA",2021,33178998.0
 42073,"Lawrence, PA",2021,3654499.0
 42075,"Lebanon, PA",2021,6790001.0
 42077,"Lehigh, PA",2021,26318779.0
 42079,"Luzerne, PA",2021,16859012.0
 42081,"Lycoming, PA",2021,6425324.0
 42083,"McKean, PA",2021,2033546.0
 42085,"Mercer, PA",2021,4616945.0
 42087,"Mifflin, PA",2021,1882886.0
 42089,"Monroe, PA",2021,8082380.0
 42091,"Montgomery, PA",2021,94248782.0
 42093,"Montour, PA",2021,2167700.0
 42095,"Northampton, PA",2021,17166146.0
 42097,"Northumberland, PA",2021,3768244.0
 42099,"Perry, PA",2021,1148073.0
 42101,"Philadelphia, PA",2021,114089676.0
 42103,"Pike, PA",2021,1553085.0
 42105,"Potter, PA",2021,977507.0
 42107,"Schuylkill, PA",2021,5335781.0
 42109,"Snyder, PA",2021,1810240.0
 42111,"Somerset, PA",2021,2607696.0
 42113,"Sullivan, PA",2021,295816.0
 42115,"Susquehanna, PA",2021,3003181.0
 42117,"Tioga, PA",2021,1753185.0
 42119,"Union, PA",2021,2112552.0
 42121,"Venango, PA",2021,1908184.0
 42123,"Warren, PA",2021,1457936.0
 42125,"Washington, PA",2021,15012322.0
 42127,"Wayne, PA",2021,2131270.0
 42129,"Westmoreland, PA",2021,16339255.0
 42131,"Wyoming, PA",2021,1774021.0
 42133,"York, PA",2021,23320925.0
 44000,Rhode Island,2021,67228339.0
 44001,"Bristol, RI",2021,2089750.0
 44003,"Kent, RI",2021,10569310.0
 44005,"Newport, RI",2021,7285356.0
 44007,"Providence, RI",2021,39332161.0
 44009,"Washington, RI",2021,7951763.0
 45000,South Carolina,2021,272384689.0
 45001,"Abbeville, SC",2021,618296.0
 45003,"Aiken, SC",2021,7976139.0
 45005,"Allendale, SC",2021,312163.0
 45007,"Anderson, SC",2021,8286629.0
 45009,"Bamberg, SC",2021,363641.0
 45011,"Barnwell, SC",2021,514943.0
 45013,"Beaufort, SC",2021,10057073.0
 45015,"Berkeley, SC",2021,9832345.0
 45017,"Calhoun, SC",2021,696567.0
 45019,"Charleston, SC",2021,36842028.0
 45021,"Cherokee, SC",2021,1908966.0
 45023,"Chester, SC",2021,1272916.0
 45025,"Chesterfield, SC",2021,1577504.0
 45027,"Clarendon, SC",2021,747949.0
 45029,"Colleton, SC",2021,1058469.0
 45031,"Darlington, SC",2021,2996068.0
 45033,"Dillon, SC",2021,856101.0
 45035,"Dorchester, SC",2021,4659129.0
 45037,"Edgefield, SC",2021,711282.0
 45039,"Fairfield, SC",2021,1175215.0
 45041,"Florence, SC",2021,8112729.0
 45043,"Georgetown, SC",2021,3087980.0
 45045,"Greenville, SC",2021,36905644.0
 45047,"Greenwood, SC",2021,3787097.0
 45049,"Hampton, SC",2021,506091.0
 45051,"Horry, SC",2021,16529153.0
 45053,"Jasper, SC",2021,1517214.0
 45055,"Kershaw, SC",2021,2416863.0
 45057,"Lancaster, SC",2021,3674686.0
 45059,"Laurens, SC",2021,2497578.0
 45061,"Lee, SC",2021,405605.0
 45063,"Lexington, SC",2021,15317956.0
 45065,"McCormick, SC",2021,252008.0
 45067,"Marion, SC",2021,684980.0
 45069,"Marlboro, SC",2021,912751.0
 45071,"Newberry, SC",2021,1590311.0
 45073,"Oconee, SC",2021,4140442.0
 45075,"Orangeburg, SC",2021,3148962.0
 45077,"Pickens, SC",2021,4589770.0
 45079,"Richland, SC",2021,29565550.0
 45081,"Saluda, SC",2021,542154.0
 45083,"Spartanburg, SC",2021,18106725.0
 45085,"Sumter, SC",2021,4837021.0
 45087,"Union, SC",2021,778287.0
 45089,"Williamsburg, SC",2021,819675.0
 45091,"York, SC",2021,15194035.0
 46000,South Dakota,2021,62984816.0
 46003,"Aurora, SD",2021,130680.0
 46005,"Beadle, SD",2021,1022360.0
 46007,"Bennett, SD",2021,108243.0
 46009,"Bon Homme, SD",2021,260623.0
 46011,"Brookings, SD",2021,2463541.0
 46013,"Brown, SD",2021,2746088.0
 46015,"Brule, SD",2021,292238.0
 46017,"Buffalo, SD",2021,93216.0
 46019,"Butte, SD",2021,369645.0
 46021,"Campbell, SD",2021,147092.0
 46023,"Charles Mix, SD",2021,499539.0
 46025,"Clark, SD",2021,298084.0
 46027,"Clay, SD",2021,711327.0
 46029,"Codington, SD",2021,1750225.0
 46031,"Corson, SD",2021,114348.0
 46033,"Custer, SD",2021,285508.0
 46035,"Davison, SD",2021,1383995.0
 46037,"Day, SD",2021,349240.0
 46039,"Deuel, SD",2021,452308.0
 46041,"Dewey, SD",2021,240899.0
 46043,"Douglas, SD",2021,231325.0
 46045,"Edmunds, SD",2021,366854.0
 46047,"Fall River, SD",2021,265021.0
 46049,"Faulk, SD",2021,189480.0
 46051,"Grant, SD",2021,603731.0
 46053,"Gregory, SD",2021,197426.0
 46055,"Haakon, SD",2021,142149.0
 46057,"Hamlin, SD",2021,336965.0
 46059,"Hand, SD",2021,236251.0
 46061,"Hanson, SD",2021,185576.0
 46063,"Harding, SD",2021,76854.0
 46065,"Hughes, SD",2021,1392367.0
 46067,"Hutchinson, SD",2021,465967.0
 46069,"Hyde, SD",2021,147788.0
 46071,"Jackson, SD",2021,81881.0
 46073,"Jerauld, SD",2021,199241.0
 46075,"Jones, SD",2021,81877.0
 46077,"Kingsbury, SD",2021,322361.0
 46079,"Lake, SD",2021,700313.0
 46081,"Lawrence, SD",2021,1440276.0
 46083,"Lincoln, SD",2021,6260000.0
 46085,"Lyman, SD",2021,189342.0
 46087,"McCook, SD",2021,318384.0
 46089,"McPherson, SD",2021,161900.0
 46091,"Marshall, SD",2021,341988.0
 46093,"Meade, SD",2021,979976.0
 46095,"Mellette, SD",2021,49851.0
 46097,"Miner, SD",2021,141875.0
 46099,"Minnehaha, SD",2021,18995832.0
 46101,"Moody, SD",2021,380678.0
 46102,"Oglala Lakota, SD*",2021,404585.0
 46103,"Pennington, SD",2021,6806184.0
 46105,"Perkins, SD",2021,155247.0
 46107,"Potter, SD",2021,187511.0
 46109,"Roberts, SD",2021,451261.0
 46111,"Sanborn, SD",2021,129090.0
 46115,"Spink, SD",2021,517436.0
 46117,"Stanley, SD",2021,162490.0
 46119,"Sully, SD",2021,147150.0
 46121,"Todd, SD",2021,276372.0
 46123,"Tripp, SD",2021,281400.0
 46125,"Turner, SD",2021,469571.0
 46127,"Union, SD",2021,1957117.0
 46129,"Walworth, SD",2021,309787.0
 46135,"Yankton, SD",2021,1478530.0
 46137,"Ziebach, SD",2021,48359.0
 47000,Tennessee,2021,441952481.0
 47001,"Anderson, TN",2021,5972923.0
 47003,"Bedford, TN",2021,2254060.0
 47005,"Benton, TN",2021,464529.0
 47007,"Bledsoe, TN",2021,250411.0
 47009,"Blount, TN",2021,6846257.0
 47011,"Bradley, TN",2021,5440454.0
 47013,"Campbell, TN",2021,1094948.0
 47015,"Cannon, TN",2021,339114.0
 47017,"Carroll, TN",2021,755880.0
 47019,"Carter, TN",2021,1237626.0
 47021,"Cheatham, TN",2021,1438281.0
 47023,"Chester, TN",2021,420426.0
 47025,"Claiborne, TN",2021,889221.0
 47027,"Clay, TN",2021,210868.0
 47029,"Cocke, TN",2021,932540.0
 47031,"Coffee, TN",2021,3337440.0
 47033,"Crockett, TN",2021,624976.0
 47035,"Cumberland, TN",2021,2050097.0
 47037,"Davidson, TN",2021,87421397.0
 47039,"Decatur, TN",2021,346991.0
 47041,"DeKalb, TN",2021,785607.0
 47043,"Dickson, TN",2021,2300326.0
 47045,"Dyer, TN",2021,2102350.0
 47047,"Fayette, TN",2021,1472743.0
 47049,"Fentress, TN",2021,562494.0
 47051,"Franklin, TN",2021,1418392.0
 47053,"Gibson, TN",2021,1786572.0
 47055,"Giles, TN",2021,1279579.0
 47057,"Grainger, TN",2021,603803.0
 47059,"Greene, TN",2021,2719249.0
 47061,"Grundy, TN",2021,277450.0
 47063,"Hamblen, TN",2021,3741381.0
 47065,"Hamilton, TN",2021,30504696.0
 47067,"Hancock, TN",2021,97150.0
 47069,"Hardeman, TN",2021,667435.0
 47071,"Hardin, TN",2021,1167770.0
 47073,"Hawkins, TN",2021,1847454.0
 47075,"Haywood, TN",2021,785832.0
 47077,"Henderson, TN",2021,900380.0
 47079,"Henry, TN",2021,1499675.0
 47081,"Hickman, TN",2021,590779.0
 47083,"Houston, TN",2021,170888.0
 47085,"Humphreys, TN",2021,959823.0
 47087,"Jackson, TN",2021,247092.0
 47089,"Jefferson, TN",2021,1960141.0
 47091,"Johnson, TN",2021,504072.0
 47093,"Knox, TN",2021,33883267.0
 47095,"Lake, TN",2021,176605.0
 47097,"Lauderdale, TN",2021,907506.0
 47099,"Lawrence, TN",2021,1280137.0
 47101,"Lewis, TN",2021,367781.0
 47103,"Lincoln, TN",2021,1247787.0
 47105,"Loudon, TN",2021,2641366.0
 47107,"McMinn, TN",2021,2401325.0
 47109,"McNairy, TN",2021,641607.0
 47111,"Macon, TN",2021,621820.0
 47113,"Madison, TN",2021,7165727.0
 47115,"Marion, TN",2021,938757.0
 47117,"Marshall, TN",2021,1358528.0
 47119,"Maury, TN",2021,5068223.0
 47121,"Meigs, TN",2021,298509.0
 47123,"Monroe, TN",2021,1609180.0
 47125,"Montgomery, TN",2021,7211198.0
 47127,"Moore, TN",2021,564818.0
 47129,"Morgan, TN",2021,336593.0
 47131,"Obion, TN",2021,1473386.0
 47133,"Overton, TN",2021,646340.0
 47135,"Perry, TN",2021,197434.0
 47137,"Pickett, TN",2021,153703.0
 47139,"Polk, TN",2021,384688.0
 47141,"Putnam, TN",2021,4225663.0
 47143,"Rhea, TN",2021,2204758.0
 47145,"Roane, TN",2021,2929537.0
 47147,"Robertson, TN",2021,2932308.0
 47149,"Rutherford, TN",2021,21096102.0
 47151,"Scott, TN",2021,558364.0
 47153,"Sequatchie, TN",2021,361874.0
 47155,"Sevier, TN",2021,5581193.0
 47157,"Shelby, TN",2021,75349078.0
 47159,"Smith, TN",2021,795559.0
 47161,"Stewart, TN",2021,928856.0
 47163,"Sullivan, TN",2021,9895189.0
 47165,"Sumner, TN",2021,8640748.0
 47167,"Tipton, TN",2021,1484764.0
 47169,"Trousdale, TN",2021,228833.0
 47171,"Unicoi, TN",2021,682829.0
 47173,"Union, TN",2021,374749.0
 47175,"Van Buren, TN",2021,116679.0
 47177,"Warren, TN",2021,1647986.0
 47179,"Washington, TN",2021,7388941.0
 47181,"Wayne, TN",2021,398386.0
 47183,"Weakley, TN",2021,1360702.0
 47185,"White, TN",2021,896924.0
 47187,"Williamson, TN",2021,29657276.0
 47189,"Wilson, TN",2021,7357326.0
 48000,Texas,2021,2088972283.0
 48001,"Anderson, TX",2021,2286544.0
 48003,"Andrews, TX",2021,3666701.0
 48005,"Angelina, TX",2021,3634804.0
 48007,"Aransas, TX",2021,805825.0
 48009,"Archer, TX",2021,319526.0
 48011,"Armstrong, TX",2021,51943.0
 48013,"Atascosa, TX",2021,2991051.0
 48015,"Austin, TX",2021,1758646.0
 48017,"Bailey, TX",2021,473592.0
 48019,"Bandera, TX",2021,434886.0
 48021,"Bastrop, TX",2021,3008065.0
 48023,"Baylor, TX",2021,196130.0
 48025,"Bee, TX",2021,765985.0
 48027,"Bell, TX",2021,20049412.0
 48029,"Bexar, TX",2021,120590705.0
 48031,"Blanco, TX",2021,519669.0
 48033,"Borden, TX",2021,479335.0
 48035,"Bosque, TX",2021,665432.0
 48037,"Bowie, TX",2021,4175980.0
 48039,"Brazoria, TX",2021,18284708.0
 48041,"Brazos, TX",2021,12234261.0
 48043,"Brewster, TX",2021,447331.0
 48045,"Briscoe, TX",2021,122543.0
 48047,"Brooks, TX",2021,308642.0
 48049,"Brown, TX",2021,1586876.0
 48051,"Burleson, TX",2021,1195502.0
 48053,"Burnet, TX",2021,2089286.0
 48055,"Caldwell, TX",2021,1131285.0
 48057,"Calhoun, TX",2021,3702881.0
 48059,"Callahan, TX",2021,342606.0
 48061,"Cameron, TX",2021,13094826.0
 48063,"Camp, TX",2021,419601.0
 48065,"Carson, TX",2021,1068411.0
 48067,"Cass, TX",2021,1075865.0
 48069,"Castro, TX",2021,820282.0
 48071,"Chambers, TX",2021,2848029.0
 48073,"Cherokee, TX",2021,1552130.0
 48075,"Childress, TX",2021,279475.0
 48077,"Clay, TX",2021,249542.0
 48079,"Cochran, TX",2021,281594.0
 48081,"Coke, TX",2021,198324.0
 48083,"Coleman, TX",2021,235805.0
 48085,"Collin, TX",2021,82767061.0
 48087,"Collingsworth, TX",2021,92556.0
 48089,"Colorado, TX",2021,997432.0
 48091,"Comal, TX",2021,8655980.0
 48093,"Comanche, TX",2021,485159.0
 48095,"Concho, TX",2021,147208.0
 48097,"Cooke, TX",2021,2248267.0
 48099,"Coryell, TX",2021,1873947.0
 48101,"Cottle, TX",2021,83364.0
 48103,"Crane, TX",2021,724149.0
 48105,"Crockett, TX",2021,720743.0
 48107,"Crosby, TX",2021,284535.0
 48109,"Culberson, TX",2021,3273780.0
 48111,"Dallam, TX",2021,796418.0
 48113,"Dallas, TX",2021,307972603.0
 48115,"Dawson, TX",2021,754823.0
 48117,"Deaf Smith, TX",2021,1670041.0
 48119,"Delta, TX",2021,119128.0
 48121,"Denton, TX",2021,47905688.0
 48123,"DeWitt, TX",2021,4071420.0
 48125,"Dickens, TX",2021,97654.0
 48127,"Dimmit, TX",2021,2910670.0
 48129,"Donley, TX",2021,149024.0
 48131,"Duval, TX",2021,344056.0
 48133,"Eastland, TX",2021,793289.0
 48135,"Ector, TX",2021,11584049.0
 48137,"Edwards, TX",2021,84421.0
 48139,"Ellis, TX",2021,7634686.0
 48141,"El Paso, TX",2021,39454613.0
 48143,"Erath, TX",2021,1773708.0
 48145,"Falls, TX",2021,443675.0
 48147,"Fannin, TX",2021,1124545.0
 48149,"Fayette, TX",2021,1948565.0
 48151,"Fisher, TX",2021,332434.0
 48153,"Floyd, TX",2021,417461.0
 48155,"Foard, TX",2021,111213.0
 48157,"Fort Bend, TX",2021,35957332.0
 48159,"Franklin, TX",2021,454891.0
 48161,"Freestone, TX",2021,1052527.0
 48163,"Frio, TX",2021,1202238.0
 48165,"Gaines, TX",2021,2039436.0
 48167,"Galveston, TX",2021,19486034.0
 48169,"Garza, TX",2021,250683.0
 48171,"Gillespie, TX",2021,1417735.0
 48173,"Glasscock, TX",2021,2923000.0
 48175,"Goliad, TX",2021,355928.0
 48177,"Gonzales, TX",2021,3126799.0
 48179,"Gray, TX",2021,1068285.0
 48181,"Grayson, TX",2021,5889103.0
 48183,"Gregg, TX",2021,8247822.0
 48185,"Grimes, TX",2021,1118130.0
 48187,"Guadalupe, TX",2021,9084120.0
 48189,"Hale, TX",2021,1460880.0
 48191,"Hall, TX",2021,114568.0
 48193,"Hamilton, TX",2021,294331.0
 48195,"Hansford, TX",2021,563658.0
 48197,"Hardeman, TX",2021,232602.0
 48199,"Hardin, TX",2021,1524703.0
 48201,"Harris, TX",2021,436293567.0
 48203,"Harrison, TX",2021,4906218.0
 48205,"Hartley, TX",2021,849847.0
 48207,"Haskell, TX",2021,339324.0
 48209,"Hays, TX",2021,10415474.0
 48211,"Hemphill, TX",2021,538151.0
 48213,"Henderson, TX",2021,2064503.0
 48215,"Hidalgo, TX",2021,25690478.0
 48217,"Hill, TX",2021,1184294.0
 48219,"Hockley, TX",2021,1661207.0
 48221,"Hood, TX",2021,2641083.0
 48223,"Hopkins, TX",2021,1824283.0
 48225,"Houston, TX",2021,1017364.0
 48227,"Howard, TX",2021,8146651.0
 48229,"Hudspeth, TX",2021,175546.0
 48231,"Hunt, TX",2021,4953667.0
 48233,"Hutchinson, TX",2021,5534205.0
 48235,"Irion, TX",2021,941886.0
 48237,"Jack, TX",2021,485865.0
 48239,"Jackson, TX",2021,665121.0
 48241,"Jasper, TX",2021,1143359.0
 48243,"Jeff Davis, TX",2021,79508.0
 48245,"Jefferson, TX",2021,19395805.0
 48247,"Jim Hogg, TX",2021,188223.0
 48249,"Jim Wells, TX",2021,1490917.0
 48251,"Johnson, TX",2021,7108100.0
 48253,"Jones, TX",2021,536875.0
 48255,"Karnes, TX",2021,7045885.0
 48257,"Kaufman, TX",2021,4997932.0
 48259,"Kendall, TX",2021,2512318.0
 48261,"Kenedy, TX",2021,312186.0
 48263,"Kent, TX",2021,177343.0
 48265,"Kerr, TX",2021,2490907.0
 48267,"Kimble, TX",2021,162766.0
 48269,"King, TX",2021,93422.0
 48271,"Kinney, TX",2021,128742.0
 48273,"Kleberg, TX",2021,1237575.0
 48275,"Knox, TX",2021,221321.0
 48277,"Lamar, TX",2021,2852786.0
 48279,"Lamb, TX",2021,827785.0
 48281,"Lampasas, TX",2021,578913.0
 48283,"La Salle, TX",2021,3683306.0
 48285,"Lavaca, TX",2021,1234946.0
 48287,"Lee, TX",2021,979846.0
 48289,"Leon, TX",2021,843338.0
 48291,"Liberty, TX",2021,2500083.0
 48293,"Limestone, TX",2021,1483744.0
 48295,"Lipscomb, TX",2021,563922.0
 48297,"Live Oak, TX",2021,1612006.0
 48299,"Llano, TX",2021,882477.0
 48301,"Loving, TX",2021,8055997.0
 48303,"Lubbock, TX",2021,16139764.0
 48305,"Lynn, TX",2021,355444.0
 48307,"McCulloch, TX",2021,361300.0
 48309,"McLennan, TX",2021,14459448.0
 48311,"McMullen, TX",2021,1501760.0
 48313,"Madison, TX",2021,570932.0
 48315,"Marion, TX",2021,326803.0
 48317,"Martin, TX",2021,9526208.0
 48319,"Mason, TX",2021,125913.0
 48321,"Matagorda, TX",2021,2647612.0
 48323,"Maverick, TX",2021,1941349.0
 48325,"Medina, TX",2021,1250789.0
 48327,"Menard, TX",2021,56945.0
 48329,"Midland, TX",2021,28656795.0
 48331,"Milam, TX",2021,709995.0
 48333,"Mills, TX",2021,234564.0
 48335,"Mitchell, TX",2021,330362.0
 48337,"Montague, TX",2021,740175.0
 48339,"Montgomery, TX",2021,36319667.0
 48341,"Moore, TX",2021,3511199.0
 48343,"Morris, TX",2021,630100.0
 48345,"Motley, TX",2021,31972.0
 48347,"Nacogdoches, TX",2021,3035823.0
 48349,"Navarro, TX",2021,1785181.0
 48351,"Newton, TX",2021,518238.0
 48353,"Nolan, TX",2021,1090982.0
 48355,"Nueces, TX",2021,22124571.0
 48357,"Ochiltree, TX",2021,973249.0
 48359,"Oldham, TX",2021,360770.0
 48361,"Orange, TX",2021,4108896.0
 48363,"Palo Pinto, TX",2021,1064442.0
 48365,"Panola, TX",2021,3168054.0
 48367,"Parker, TX",2021,5347906.0
 48369,"Parmer, TX",2021,1136166.0
 48371,"Pecos, TX",2021,2876247.0
 48373,"Polk, TX",2021,1481183.0
 48375,"Potter, TX",2021,9853080.0
 48377,"Presidio, TX",2021,278056.0
 48379,"Rains, TX",2021,248017.0
 48381,"Randall, TX",2021,4803319.0
 48383,"Reagan, TX",2021,3581714.0
 48385,"Real, TX",2021,93042.0
 48387,"Red River, TX",2021,344562.0
 48389,"Reeves, TX",2021,12794792.0
 48391,"Refugio, TX",2021,344169.0
 48393,"Roberts, TX",2021,220864.0
 48395,"Robertson, TX",2021,2559771.0
 48397,"Rockwall, TX",2021,5266492.0
 48399,"Runnels, TX",2021,340717.0
 48401,"Rusk, TX",2021,2826154.0
 48403,"Sabine, TX",2021,295698.0
 48405,"San Augustine, TX",2021,1199865.0
 48407,"San Jacinto, TX",2021,399180.0
 48409,"San Patricio, TX",2021,3315009.0
 48411,"San Saba, TX",2021,169132.0
 48413,"Schleicher, TX",2021,143582.0
 48415,"Scurry, TX",2021,1756718.0
 48417,"Shackelford, TX",2021,268611.0
 48419,"Shelby, TX",2021,1521127.0
 48421,"Sherman, TX",2021,573052.0
 48423,"Smith, TX",2021,13140432.0
 48425,"Somervell, TX",2021,1464346.0
 48427,"Starr, TX",2021,1488092.0
 48429,"Stephens, TX",2021,419918.0
 48431,"Sterling, TX",2021,260653.0
 48433,"Stonewall, TX",2021,134998.0
 48435,"Sutton, TX",2021,263386.0
 48437,"Swisher, TX",2021,572694.0
 48439,"Tarrant, TX",2021,134853077.0
 48441,"Taylor, TX",2021,7624221.0
 48443,"Terrell, TX",2021,91850.0
 48445,"Terry, TX",2021,552590.0
 48447,"Throckmorton, TX",2021,107709.0
 48449,"Titus, TX",2021,2054797.0
 48451,"Tom Green, TX",2021,7014626.0
 48453,"Travis, TX",2021,151421805.0
 48455,"Trinity, TX",2021,283101.0
 48457,"Tyler, TX",2021,518892.0
 48459,"Upshur, TX",2021,958890.0
 48461,"Upton, TX",2021,5209165.0
 48463,"Uvalde, TX",2021,1036824.0
 48465,"Val Verde, TX",2021,2055435.0
 48467,"Van Zandt, TX",2021,1404435.0
 48469,"Victoria, TX",2021,4909553.0
 48471,"Walker, TX",2021,2452777.0
 48473,"Waller, TX",2021,3876202.0
 48475,"Ward, TX",2021,3788465.0
 48477,"Washington, TX",2021,2498710.0
 48479,"Webb, TX",2021,13459182.0
 48481,"Wharton, TX",2021,2122332.0
 48483,"Wheeler, TX",2021,521364.0
 48485,"Wichita, TX",2021,6371093.0
 48487,"Wilbarger, TX",2021,802670.0
 48489,"Willacy, TX",2021,638099.0
 48491,"Williamson, TX",2021,30611348.0
 48493,"Wilson, TX",2021,1203526.0
 48495,"Winkler, TX",2021,1788597.0
 48497,"Wise, TX",2021,3421711.0
 48499,"Wood, TX",2021,1711535.0
 48501,"Yoakum, TX",2021,1901082.0
 48503,"Young, TX",2021,984887.0
 48505,"Zapata, TX",2021,674754.0
 48507,"Zavala, TX",2021,696664.0
 49000,Utah,2021,232561864.0
 49001,"Beaver, UT",2021,591560.0
 49003,"Box Elder, UT",2021,2657029.0
 49005,"Cache, UT",2021,6996494.0
 49007,"Carbon, UT",2021,1236826.0
 49009,"Daggett, UT",2021,107412.0
 49011,"Davis, UT",2021,18733051.0
 49013,"Duchesne, UT",2021,1249149.0
 49015,"Emery, UT",2021,1377833.0
 49017,"Garfield, UT",2021,327358.0
 49019,"Grand, UT",2021,746432.0
 49021,"Iron, UT",2021,2355912.0
 49023,"Juab, UT",2021,717522.0
 49025,"Kane, UT",2021,485516.0
 49027,"Millard, UT",2021,1128816.0
 49029,"Morgan, UT",2021,445555.0
 49031,"Piute, UT",2021,66334.0
 49033,"Rich, UT",2021,171603.0
 49035,"Salt Lake, UT",2021,120375646.0
 49037,"San Juan, UT",2021,563796.0
 49039,"Sanpete, UT",2021,1018415.0
 49041,"Sevier, UT",2021,1369740.0
 49043,"Summit, UT",2021,4616766.0
 49045,"Tooele, UT",2021,2424426.0
 49047,"Uintah, UT",2021,1912530.0
 49049,"Utah, UT",2021,36448713.0
 49051,"Wasatch, UT",2021,1410822.0
 49053,"Washington, UT",2021,8775906.0
 49055,"Wayne, UT",2021,126090.0
 49057,"Weber, UT",2021,14124611.0
 50000,Vermont,2021,37438821.0
 50001,"Addison, VT",2021,1847988.0
 50003,"Bennington, VT",2021,1905268.0
 50005,"Caledonia, VT",2021,1311775.0
 50007,"Chittenden, VT",2021,13360675.0
 50009,"Essex, VT",2021,160111.0
 50011,"Franklin, VT",2021,2384882.0
 50013,"Grand Isle, VT",2021,227938.0
 50015,"Lamoille, VT",2021,1307353.0
 50017,"Orange, VT",2021,920312.0
 50019,"Orleans, VT",2021,1252426.0
 50021,"Rutland, VT",2021,2937933.0
 50023,"Washington, VT",2021,4170248.0
 50025,"Windham, VT",2021,2580494.0
 50027,"Windsor, VT",2021,3071418.0
 51000,Virginia,2021,615984668.0
 51001,"Accomack, VA",2021,2093800.0
 51007,"Amelia, VA",2021,343110.0
 51009,"Amherst, VA",2021,906830.0
 51011,"Appomattox, VA",2021,373901.0
 51013,"Arlington, VA",2021,41236466.0
 51017,"Bath, VA",2021,235895.0
 51019,"Bedford, VA*",2021,2271918.0
 51021,"Bland, VA",2021,217466.0
 51023,"Botetourt, VA",2021,1474880.0
 51025,"Brunswick, VA",2021,969437.0
 51027,"Buchanan, VA",2021,1141911.0
 51029,"Buckingham, VA",2021,577586.0
 51033,"Caroline, VA",2021,921995.0
 51036,"Charles City, VA",2021,257738.0
 51037,"Charlotte, VA",2021,324567.0
 51041,"Chesterfield, VA",2021,18738928.0
 51043,"Clarke, VA",2021,512367.0
 51045,"Craig, VA",2021,124162.0
 51047,"Culpeper, VA",2021,2147638.0
 51049,"Cumberland, VA",2021,177324.0
 51051,"Dickenson, VA",2021,649464.0
 51057,"Essex, VA",2021,407900.0
 51061,"Fauquier, VA",2021,3308004.0
 51063,"Floyd, VA",2021,430435.0
 51065,"Fluvanna, VA",2021,946012.0
 51067,"Franklin, VA",2021,1862084.0
 51071,"Giles, VA",2021,713338.0
 51073,"Gloucester, VA",2021,1052914.0
 51075,"Goochland, VA",2021,3532175.0
 51077,"Grayson, VA",2021,301346.0
 51079,"Greene, VA",2021,523769.0
 51083,"Halifax, VA",2021,1287049.0
 51085,"Hanover, VA",2021,7039927.0
 51087,"Henrico, VA",2021,33978643.0
 51091,"Highland, VA",2021,76769.0
 51093,"Isle of Wight, VA",2021,1444054.0
 51097,"King and Queen, VA",2021,181715.0
 51099,"King George, VA",2021,2356212.0
 51101,"King William, VA",2021,600872.0
 51103,"Lancaster, VA",2021,545642.0
 51105,"Lee, VA",2021,440104.0
 51107,"Loudoun, VA",2021,33495973.0
 51109,"Louisa, VA",2021,2672035.0
 51111,"Lunenburg, VA",2021,307620.0
 51113,"Madison, VA",2021,411453.0
 51115,"Mathews, VA",2021,215322.0
 51117,"Mecklenburg, VA",2021,1245981.0
 51119,"Middlesex, VA",2021,421075.0
 51125,"Nelson, VA",2021,608823.0
 51127,"New Kent, VA",2021,737277.0
 51131,"Northampton, VA",2021,523503.0
 51133,"Northumberland, VA",2021,397183.0
 51135,"Nottoway, VA",2021,589981.0
 51137,"Orange, VA",2021,1297951.0
 51139,"Page, VA",2021,722229.0
 51141,"Patrick, VA",2021,444154.0
 51145,"Powhatan, VA",2021,944908.0
 51147,"Prince Edward, VA",2021,831944.0
 51155,"Pulaski, VA",2021,1489157.0
 51157,"Rappahannock, VA",2021,326700.0
 51159,"Richmond, VA",2021,331231.0
 51167,"Russell, VA",2021,725078.0
 51169,"Scott, VA",2021,462713.0
 51171,"Shenandoah, VA",2021,1945701.0
 51173,"Smyth, VA",2021,1126424.0
 51179,"Stafford, VA",2021,7089646.0
 51181,"Surry, VA",2021,1324607.0
 51183,"Sussex, VA",2021,416050.0
 51185,"Tazewell, VA",2021,1280086.0
 51187,"Warren, VA",2021,1991263.0
 51193,"Westmoreland, VA",2021,536962.0
 51197,"Wythe, VA",2021,1597775.0
 51510,"Alexandria (Independent City), VA",2021,16204874.0
 51550,"Chesapeake (Independent City), VA",2021,12293731.0
 51650,"Hampton (Independent City), VA",2021,7430900.0
 51700,"Newport News (Independent City), VA",2021,15748080.0
 51710,"Norfolk (Independent City), VA",2021,22280621.0
 51740,"Portsmouth (Independent City), VA",2021,6907922.0
 51760,"Richmond (Independent City), VA",2021,27002461.0
 51770,"Roanoke (Independent City), VA",2021,8293184.0
 51800,"Suffolk (Independent City), VA",2021,4650519.0
 51810,"Virginia Beach (Independent City), VA",2021,25582984.0
 51901,"Albemarle + Charlottesville, VA*",2021,13850244.0
 51903,"Alleghany + Covington, VA*",2021,960867.0
 51907,"Augusta, Staunton + Waynesboro, VA*",2021,5768350.0
 51911,"Campbell + Lynchburg, VA*",2021,8068566.0
 51913,"Carroll + Galax, VA*",2021,1050565.0
 51918,"Dinwiddie, Colonial Heights + Petersburg, VA*",2021,3192048.0
 51919,"Fairfax, Fairfax City + Falls Church, VA*",2021,141314566.0
 51921,"Frederick + Winchester, VA*",2021,8101558.0
 51923,"Greensville + Emporia, VA*",2021,1770986.0
 51929,"Henry + Martinsville, VA*",2021,2551556.0
 51931,"James City + Williamsburg, VA*",2021,6089967.0
 51933,"Montgomery + Radford, VA*",2021,6242440.0
 51939,"Pittsylvania + Danville, VA*",2021,3850538.0
 51941,"Prince George + Hopewell, VA*",2021,4326604.0
 51942,"Prince William, Manassas + Manassas Park, VA*",2021,24812641.0
 51944,"Roanoke + Salem, VA*",2021,6807095.0
 51945,"Rockbridge, Buena Vista + Lexington, VA*",2021,1397905.0
 51947,"Rockingham + Harrisonburg, VA*",2021,9146228.0
 51949,"Southampton + Franklin, VA*",2021,916852.0
 51951,"Spotsylvania + Fredericksburg, VA*",2021,7595822.0
 51953,"Washington + Bristol, VA*",2021,3656513.0
 51955,"Wise + Norton, VA*",2021,1718754.0
 51958,"York + Poquoson, VA*",2021,3161577.0
 53000,Washington,2021,687702319.0
 53001,"Adams, WA",2021,992508.0
 53003,"Asotin, WA",2021,791372.0
 53005,"Benton, WA",2021,13651568.0
 53007,"Chelan, WA",2021,5452521.0
 53009,"Clallam, WA",2021,3073582.0
 53011,"Clark, WA",2021,27205648.0
 53013,"Columbia, WA",2021,417879.0
 53015,"Cowlitz, WA",2021,6151157.0
 53017,"Douglas, WA",2021,2230114.0
 53019,"Ferry, WA",2021,224487.0
 53021,"Franklin, WA",2021,4701376.0
 53023,"Garfield, WA",2021,197245.0
 53025,"Grant, WA",2021,6573022.0
 53027,"Grays Harbor, WA",2021,3108656.0
 53029,"Island, WA",2021,3969458.0
 53031,"Jefferson, WA",2021,1359939.0
 53033,"King, WA",2021,379452912.0
 53035,"Kitsap, WA",2021,14598090.0
 53037,"Kittitas, WA",2021,2165400.0
 53039,"Klickitat, WA",2021,2267846.0
 53041,"Lewis, WA",2021,4169111.0
 53043,"Lincoln, WA",2021,580079.0
 53045,"Mason, WA",2021,1924088.0
 53047,"Okanogan, WA",2021,1707555.0
 53049,"Pacific, WA",2021,870863.0
 53051,"Pend Oreille, WA",2021,576074.0
 53053,"Pierce, WA",2021,53140049.0
 53055,"San Juan, WA",2021,973243.0
 53057,"Skagit, WA",2021,7576961.0
 53059,"Skamania, WA",2021,344467.0
 53061,"Snohomish, WA",2021,51020003.0
 53063,"Spokane, WA",2021,32118324.0
 53065,"Stevens, WA",2021,1327097.0
 53067,"Thurston, WA",2021,16546687.0
 53069,"Wahkiakum, WA",2021,111022.0
 53071,"Walla Walla, WA",2021,3714570.0
 53073,"Whatcom, WA",2021,17200062.0
 53075,"Whitman, WA",2021,3020699.0
 53077,"Yakima, WA",2021,12196583.0
 54000,West Virginia,2021,86550488.0
 54001,"Barbour, WV",2021,444419.0
 54003,"Berkeley, WV",2021,4650705.0
 54005,"Boone, WV",2021,680838.0
 54007,"Braxton, WV",2021,343561.0
 54009,"Brooke, WV",2021,1210286.0
 54011,"Cabell, WV",2021,5404138.0
 54013,"Calhoun, WV",2021,131399.0
 54015,"Clay, WV",2021,141172.0
 54017,"Doddridge, WV",2021,766667.0
 54019,"Fayette, WV",2021,1155221.0
 54021,"Gilmer, WV",2021,198236.0
 54023,"Grant, WV",2021,530183.0
 54025,"Greenbrier, WV",2021,1271564.0
 54027,"Hampshire, WV",2021,512927.0
 54029,"Hancock, WV",2021,1057881.0
 54031,"Hardy, WV",2021,892828.0
 54033,"Harrison, WV",2021,4991435.0
 54035,"Jackson, WV",2021,927254.0
 54037,"Jefferson, WV",2021,2085999.0
 54039,"Kanawha, WV",2021,11832295.0
 54041,"Lewis, WV",2021,597421.0
 54043,"Lincoln, WV",2021,279583.0
 54045,"Logan, WV",2021,1423993.0
 54047,"McDowell, WV",2021,566280.0
 54049,"Marion, WV",2021,2336859.0
 54051,"Marshall, WV",2021,3215236.0
 54053,"Mason, WV",2021,892944.0
 54055,"Mercer, WV",2021,1910074.0
 54057,"Mineral, WV",2021,961870.0
 54059,"Mingo, WV",2021,504567.0
 54061,"Monongalia, WV",2021,8028259.0
 54063,"Monroe, WV",2021,242158.0
 54065,"Morgan, WV",2021,390318.0
 54067,"Nicholas, WV",2021,702591.0
 54069,"Ohio, WV",2021,4024687.0
 54071,"Pendleton, WV",2021,178019.0
 54073,"Pleasants, WV",2021,605969.0
 54075,"Pocahontas, WV",2021,306638.0
 54077,"Preston, WV",2021,879392.0
 54079,"Putnam, WV",2021,3067681.0
 54081,"Raleigh, WV",2021,3418940.0
 54083,"Randolph, WV",2021,997716.0
 54085,"Ritchie, WV",2021,721670.0
 54087,"Roane, WV",2021,319188.0
 54089,"Summers, WV",2021,237749.0
 54091,"Taylor, WV",2021,634714.0
 54093,"Tucker, WV",2021,344880.0
 54095,"Tyler, WV",2021,1614722.0
 54097,"Upshur, WV",2021,808471.0
 54099,"Wayne, WV",2021,1092381.0
 54101,"Webster, WV",2021,159638.0
 54103,"Wetzel, WV",2021,1057462.0
 54105,"Wirt, WV",2021,97520.0
 54107,"Wood, WV",2021,4051248.0
 54109,"Wyoming, WV",2021,650642.0
 55000,Wisconsin,2021,368880417.0
 55001,"Adams, WI",2021,648466.0
 55003,"Ashland, WI",2021,783339.0
 55005,"Barron, WI",2021,2378426.0
 55007,"Bayfield, WI",2021,480451.0
 55009,"Brown, WI",2021,20549266.0
 55011,"Buffalo, WI",2021,628720.0
 55013,"Burnett, WI",2021,582301.0
 55015,"Calumet, WI",2021,1838199.0
 55017,"Chippewa, WI",2021,3119194.0
 55019,"Clark, WI",2021,1512301.0
 55021,"Columbia, WI",2021,3251630.0
 55023,"Crawford, WI",2021,819265.0
 55025,"Dane, WI",2021,50373375.0
 55027,"Dodge, WI",2021,4178864.0
 55029,"Door, WI",2021,1539117.0
 55031,"Douglas, WI",2021,2048683.0
 55033,"Dunn, WI",2021,2147795.0
 55035,"Eau Claire, WI",2021,6962422.0
 55037,"Florence, WI",2021,147404.0
 55039,"Fond du Lac, WI",2021,5712468.0
 55041,"Forest, WI",2021,336361.0
 55043,"Grant, WI",2021,2494302.0
 55045,"Green, WI",2021,2015422.0
 55047,"Green Lake, WI",2021,726000.0
 55049,"Iowa, WI",2021,1328234.0
 55051,"Iron, WI",2021,193574.0
 55053,"Jackson, WI",2021,945756.0
 55055,"Jefferson, WI",2021,4007533.0
 55057,"Juneau, WI",2021,1067024.0
 55059,"Kenosha, WI",2021,8527623.0
 55061,"Kewaunee, WI",2021,851049.0
 55063,"La Crosse, WI",2021,8413101.0
 55065,"Lafayette, WI",2021,697967.0
 55067,"Langlade, WI",2021,821292.0
 55069,"Lincoln, WI",2021,1449964.0
 55071,"Manitowoc, WI",2021,4444214.0
 55073,"Marathon, WI",2021,9773650.0
 55075,"Marinette, WI",2021,2109818.0
 55077,"Marquette, WI",2021,477142.0
 55078,"Menominee, WI",2021,189040.0
 55079,"Milwaukee, WI",2021,64622263.0
 55081,"Monroe, WI",2021,2571198.0
 55083,"Oconto, WI",2021,1159986.0
 55085,"Oneida, WI",2021,1943246.0
 55087,"Outagamie, WI",2021,14004765.0
 55089,"Ozaukee, WI",2021,5736616.0
 55091,"Pepin, WI",2021,331197.0
 55093,"Pierce, WI",2021,1330843.0
 55095,"Polk, WI",2021,1760542.0
 55097,"Portage, WI",2021,4591235.0
 55099,"Price, WI",2021,630050.0
 55101,"Racine, WI",2021,9343124.0
 55103,"Richland, WI",2021,765639.0
 55105,"Rock, WI",2021,8527458.0
 55107,"Rusk, WI",2021,609251.0
 55109,"St. Croix, WI",2021,4693003.0
 55111,"Sauk, WI",2021,4590069.0
 55113,"Sawyer, WI",2021,785665.0
 55115,"Shawano, WI",2021,1471608.0
 55117,"Sheboygan, WI",2021,7583405.0
 55119,"Taylor, WI",2021,953199.0
 55121,"Trempealeau, WI",2021,1524395.0
 55123,"Vernon, WI",2021,1305980.0
 55125,"Vilas, WI",2021,987211.0
 55127,"Walworth, WI",2021,5077361.0
 55129,"Washburn, WI",2021,666331.0
 55131,"Washington, WI",2021,7350336.0
 55133,"Waukesha, WI",2021,34401474.0
 55135,"Waupaca, WI",2021,2122863.0
 55137,"Waushara, WI",2021,744627.0
 55139,"Winnebago, WI",2021,11661009.0
 55141,"Wood, WI",2021,4463713.0
 56000,Wyoming,2021,42319091.0
 56001,"Albany, WY",2021,1755007.0
 56003,"Big Horn, WY",2021,554096.0
 56005,"Campbell, WY",2021,5617405.0
 56007,"Carbon, WY",2021,1601091.0
 56009,"Converse, WY",2021,1522888.0
 56011,"Crook, WY",2021,365872.0
 56013,"Fremont, WY",2021,1753233.0
 56015,"Goshen, WY",2021,530998.0
 56017,"Hot Springs, WY",2021,307067.0
 56019,"Johnson, WY",2021,455316.0
 56021,"Laramie, WY",2021,6786581.0
 56023,"Lincoln, WY",2021,979311.0
 56025,"Natrona, WY",2021,5498166.0
 56027,"Niobrara, WY",2021,139921.0
 56029,"Park, WY",2021,1586670.0
 56031,"Platte, WY",2021,620009.0
 56033,"Sheridan, WY",2021,1641623.0
 56035,"Sublette, WY",2021,1205430.0
 56037,"Sweetwater, WY",2021,3845561.0
 56039,"Teton, WY",2021,3906137.0
 56041,"Uinta, WY",2021,921651.0
 56043,"Washakie, WY",2021,389459.0
 56045,"Weston, WY",2021,335599.0
 91000,New England,2021,1229266384.0
 92000,Mideast,2021,4150649231.0
 93000,Great Lakes,2021,3080232752.0
 94000,Plains,2021,1476248606.0
 95000,Southeast,2021,5132905366.0
 96000,Southwest,2021,2856515882.0
 97000,Rocky Mountain,2021,880955513.0
 98000,Far West,2021,4741363266.0
 00000,United States *,2022,26006893000.0
 01000,Alabama,2022,284949136.0
 01001,"Autauga, AL",2022,2318914.0
 01003,"Baldwin, AL",2022,11097699.0
 01005,"Barbour, AL",2022,931174.0
 01007,"Bibb, AL",2022,571231.0
 01009,"Blount, AL",2022,1266269.0
 01011,"Bullock, AL",2022,302093.0
 01013,"Butler, AL",2022,827931.0
 01015,"Calhoun, AL",2022,5453593.0
 01017,"Chambers, AL",2022,1013433.0
 01019,"Cherokee, AL",2022,736332.0
 01021,"Chilton, AL",2022,1410920.0
 01023,"Choctaw, AL",2022,770698.0
 01025,"Clarke, AL",2022,1072868.0
 01027,"Clay, AL",2022,517356.0
 01029,"Cleburne, AL",2022,414452.0
 01031,"Coffee, AL",2022,2008726.0
 01033,"Colbert, AL",2022,3270560.0
 01035,"Conecuh, AL",2022,506332.0
 01037,"Coosa, AL",2022,233625.0
 01039,"Covington, AL",2022,1525637.0
 01041,"Crenshaw, AL",2022,525470.0
 01043,"Cullman, AL",2022,3875249.0
 01045,"Dale, AL",2022,3386732.0
 01047,"Dallas, AL",2022,1540586.0
 01049,"DeKalb, AL",2022,2741812.0
 01051,"Elmore, AL",2022,2474211.0
 01053,"Escambia, AL",2022,1531645.0
 01055,"Etowah, AL",2022,3527297.0
 01057,"Fayette, AL",2022,432967.0
 01059,"Franklin, AL",2022,1238398.0
 01061,"Geneva, AL",2022,740094.0
 01063,"Greene, AL",2022,253489.0
 01065,"Hale, AL",2022,318495.0
 01067,"Henry, AL",2022,614304.0
 01069,"Houston, AL",2022,7230333.0
 01071,"Jackson, AL",2022,1898397.0
 01073,"Jefferson, AL",2022,58260973.0
 01075,"Lamar, AL",2022,425429.0
 01077,"Lauderdale, AL",2022,3444931.0
 01079,"Lawrence, AL",2022,800955.0
 01081,"Lee, AL",2022,7964355.0
 01083,"Limestone, AL",2022,5978437.0
 01085,"Lowndes, AL",2022,497207.0
 01087,"Macon, AL",2022,632088.0
 01089,"Madison, AL",2022,32716506.0
 01091,"Marengo, AL",2022,987252.0
 01093,"Marion, AL",2022,1275480.0
 01095,"Marshall, AL",2022,4658889.0
 01097,"Mobile, AL",2022,26469764.0
 01099,"Monroe, AL",2022,797210.0
 01101,"Montgomery, AL",2022,16909375.0
 01103,"Morgan, AL",2022,7560724.0
 01105,"Perry, AL",2022,221268.0
 01107,"Pickens, AL",2022,525270.0
 01109,"Pike, AL",2022,1898433.0
 01111,"Randolph, AL",2022,637261.0
 01113,"Russell, AL",2022,2016377.0
 01115,"St. Clair, AL",2022,2499014.0
 01117,"Shelby, AL",2022,15707855.0
 01119,"Sumter, AL",2022,387573.0
 01121,"Talladega, AL",2022,3595130.0
 01123,"Tallapoosa, AL",2022,1683919.0
 01125,"Tuscaloosa, AL",2022,12917965.0
 01127,"Walker, AL",2022,2212701.0
 01129,"Washington, AL",2022,1160301.0
 01131,"Wilcox, AL",2022,411080.0
 01133,"Winston, AL",2022,1116091.0
 02000,Alaska,2022,66271866.0
 02013,"Aleutians East Borough, AK",2022,318095.0
 02016,"Aleutians West Census Area, AK",2022,874447.0
 02020,"Anchorage Municipality, AK",2022,28000450.0
 02050,"Bethel Census Area, AK",2022,766087.0
 02060,"Bristol Bay Borough, AK",2022,168161.0
 02063,"Chugach Census Area, AK*",2022,1635885.0
 02066,"Copper River Census Area, AK*",2022,143508.0
 02068,"Denali Borough, AK",2022,341937.0
 02070,"Dillingham Census Area, AK",2022,277809.0
 02090,"Fairbanks North Star Borough, AK",2022,6874732.0
 02100,"Haines Borough, AK",2022,113485.0
 02105,"Hoonah-Angoon Census Area, AK*",2022,119173.0
 02110,"Juneau City and Borough, AK",2022,3006068.0
 02122,"Kenai Peninsula Borough, AK",2022,3352170.0
 02130,"Ketchikan Gateway Borough, AK*",2022,1031524.0
 02150,"Kodiak Island Borough, AK",2022,933912.0
 02158,"Kusilvak Census Area, AK*",2022,177941.0
 02164,"Lake and Peninsula Borough, AK",2022,99764.0
 02170,"Matanuska-Susitna Borough, AK",2022,3732968.0
 02180,"Nome Census Area, AK",2022,532163.0
 02185,"North Slope Borough, AK",2022,10349374.0
 02188,"Northwest Arctic Borough, AK",2022,805190.0
 02195,"Petersburg Borough, AK*",2022,188668.0
 02198,"Prince of Wales-Hyder Census Area, AK*",2022,297013.0
 02201,"Prince of Wales-Outer Ketchikan Census Area, AK*",2022,
 02220,"Sitka City and Borough, AK",2022,612414.0
 02230,"Skagway Municipality, AK*",2022,91005.0
 02232,"Skagway-Hoonah-Angoon Census Area, AK*",2022,
 02240,"Southeast Fairbanks Census Area, AK",2022,927824.0
 02261,"Valdez-Cordova Census Area, AK*",2022,
 02275,"Wrangell City and Borough, AK*",2022,101150.0
 02280,"Wrangell-Petersburg Census Area, AK*",2022,
 02282,"Yakutat City and Borough, AK*",2022,45347.0
 02290,"Yukon-Koyukuk Census Area, AK",2022,353603.0
 04000,Arizona,2022,484052236.0
 04001,"Apache, AZ",2022,2808268.0
 04003,"Cochise, AZ",2022,5860392.0
 04005,"Coconino, AZ",2022,9108700.0
 04007,"Gila, AZ",2022,2238954.0
 04009,"Graham, AZ",2022,1693384.0
 04011,"Greenlee, AZ",2022,2297893.0
 04012,"La Paz, AZ",2022,850980.0
 04013,"Maricopa, AZ",2022,356155577.0
 04015,"Mohave, AZ",2022,8123065.0
 04017,"Navajo, AZ",2022,3523133.0
 04019,"Pima, AZ",2022,56493284.0
 04021,"Pinal, AZ",2022,12574586.0
 04023,"Santa Cruz, AZ",2022,2520102.0
 04025,"Yavapai, AZ",2022,9896269.0
 04027,"Yuma, AZ",2022,9907647.0
 05000,Arkansas,2022,168605787.0
 05001,"Arkansas, AR",2022,1320142.0
 05003,"Ashley, AR",2022,1073448.0
 05005,"Baxter, AR",2022,2016622.0
 05007,"Benton, AR",2022,21982236.0
 05009,"Boone, AR",2022,1784371.0
 05011,"Bradley, AR",2022,440052.0
 05013,"Calhoun, AR",2022,389800.0
 05015,"Carroll, AR",2022,1165287.0
 05017,"Chicot, AR",2022,345297.0
 05019,"Clark, AR",2022,981584.0
 05021,"Clay, AR",2022,448228.0
 05023,"Cleburne, AR",2022,808907.0
 05025,"Cleveland, AR",2022,215854.0
 05027,"Columbia, AR",2022,1271085.0
 05029,"Conway, AR",2022,998317.0
 05031,"Craighead, AR",2022,6519477.0
 05033,"Crawford, AR",2022,2116250.0
 05035,"Crittenden, AR",2022,2184627.0
 05037,"Cross, AR",2022,571906.0
 05039,"Dallas, AR",2022,318801.0
 05041,"Desha, AR",2022,681877.0
 05043,"Drew, AR",2022,756539.0
 05045,"Faulkner, AR",2022,4952419.0
 05047,"Franklin, AR",2022,587990.0
 05049,"Fulton, AR",2022,246397.0
 05051,"Garland, AR",2022,4272659.0
 05053,"Grant, AR",2022,562461.0
 05055,"Greene, AR",2022,1940135.0
 05057,"Hempstead, AR",2022,1278565.0
 05059,"Hot Spring, AR",2022,1515835.0
 05061,"Howard, AR",2022,821433.0
 05063,"Independence, AR",2022,2350063.0
 05065,"Izard, AR",2022,372366.0
 05067,"Jackson, AR",2022,929661.0
 05069,"Jefferson, AR",2022,3570136.0
 05071,"Johnson, AR",2022,903926.0
 05073,"Lafayette, AR",2022,191579.0
 05075,"Lawrence, AR",2022,559040.0
 05077,"Lee, AR",2022,224131.0
 05079,"Lincoln, AR",2022,348760.0
 05081,"Little River, AR",2022,608481.0
 05083,"Logan, AR",2022,630501.0
 05085,"Lonoke, AR",2022,1817548.0
 05087,"Madison, AR",2022,604374.0
 05089,"Marion, AR",2022,727077.0
 05091,"Miller, AR",2022,1674794.0
 05093,"Mississippi, AR",2022,4246232.0
 05095,"Monroe, AR",2022,248249.0
 05097,"Montgomery, AR",2022,181519.0
 05099,"Nevada, AR",2022,306971.0
 05101,"Newton, AR",2022,121833.0
 05103,"Ouachita, AR",2022,812358.0
 05105,"Perry, AR",2022,236361.0
 05107,"Phillips, AR",2022,679739.0
 05109,"Pike, AR",2022,373968.0
 05111,"Poinsett, AR",2022,794379.0
 05113,"Polk, AR",2022,765922.0
 05115,"Pope, AR",2022,3717773.0
 05117,"Prairie, AR",2022,244697.0
 05119,"Pulaski, AR",2022,36327182.0
 05121,"Randolph, AR",2022,656639.0
 05123,"St. Francis, AR",2022,868043.0
 05125,"Saline, AR",2022,3558396.0
 05127,"Scott, AR",2022,451484.0
 05129,"Searcy, AR",2022,232648.0
 05131,"Sebastian, AR",2022,8401621.0
 05133,"Sevier, AR",2022,667716.0
 05135,"Sharp, AR",2022,509424.0
 05137,"Stone, AR",2022,323362.0
 05139,"Union, AR",2022,3376088.0
 05141,"Van Buren, AR",2022,496884.0
 05143,"Washington, AR",2022,15847519.0
 05145,"White, AR",2022,2942606.0
 05147,"Woodruff, AR",2022,318543.0
 05149,"Yell, AR",2022,816596.0
 06000,California,2022,3660415695.0
 06001,"Alameda, CA",2022,169475076.0
 06003,"Alpine, CA",2022,118067.0
 06005,"Amador, CA",2022,1944467.0
 06007,"Butte, CA",2022,10971734.0
 06009,"Calaveras, CA",2022,1665028.0
 06011,"Colusa, CA",2022,1912428.0
 06013,"Contra Costa, CA",2022,95270332.0
 06015,"Del Norte, CA",2022,974118.0
 06017,"El Dorado, CA",2022,9838335.0
 06019,"Fresno, CA",2022,56235061.0
 06021,"Glenn, CA",2022,1346710.0
 06023,"Humboldt, CA",2022,6910738.0
 06025,"Imperial, CA",2022,11668788.0
 06027,"Inyo, CA",2022,1317709.0
 06029,"Kern, CA",2022,58421422.0
 06031,"Kings, CA",2022,8428438.0
 06033,"Lake, CA",2022,2311614.0
 06035,"Lassen, CA",2022,1342696.0
 06037,"Los Angeles, CA",2022,919930354.0
 06039,"Madera, CA",2022,7563022.0
 06041,"Marin, CA",2022,35008862.0
 06043,"Mariposa, CA",2022,855975.0
 06045,"Mendocino, CA",2022,4263255.0
 06047,"Merced, CA",2022,11841720.0
 06049,"Modoc, CA",2022,625452.0
 06051,"Mono, CA",2022,1323901.0
 06053,"Monterey, CA",2022,34783794.0
 06055,"Napa, CA",2022,12883765.0
 06057,"Nevada, CA",2022,5500012.0
 06059,"Orange, CA",2022,315989446.0
 06061,"Placer, CA",2022,31528713.0
 06063,"Plumas, CA",2022,1158010.0
 06065,"Riverside, CA",2022,118383597.0
 06067,"Sacramento, CA",2022,117177738.0
 06069,"San Benito, CA",2022,2812411.0
 06071,"San Bernardino, CA",2022,123495448.0
 06073,"San Diego, CA",2022,296451332.0
 06075,"San Francisco, CA",2022,247713660.0
 06077,"San Joaquin, CA",2022,41050530.0
 06079,"San Luis Obispo, CA",2022,22112254.0
 06081,"San Mateo, CA",2022,184247649.0
 06083,"Santa Barbara, CA",2022,36669901.0
 06085,"Santa Clara, CA",2022,394200288.0
 06087,"Santa Cruz, CA",2022,19143390.0
 06089,"Shasta, CA",2022,10094160.0
 06091,"Sierra, CA",2022,119219.0
 06093,"Siskiyou, CA",2022,2115694.0
 06095,"Solano, CA",2022,36343125.0
 06097,"Sonoma, CA",2022,36399939.0
 06099,"Stanislaus, CA",2022,29053478.0
 06101,"Sutter, CA",2022,4946234.0
 06103,"Tehama, CA",2022,2518984.0
 06105,"Trinity, CA",2022,463199.0
 06107,"Tulare, CA",2022,23054458.0
 06109,"Tuolumne, CA",2022,2924675.0
 06111,"Ventura, CA",2022,62945230.0
 06113,"Yolo, CA",2022,18773018.0
 06115,"Yuba, CA",2022,3797041.0
 08000,Colorado,2022,494672778.0
 08001,"Adams, CO*",2022,38204811.0
 08003,"Alamosa, CO",2022,846164.0
 08005,"Arapahoe, CO",2022,60000177.0
 08007,"Archuleta, CO",2022,703821.0
 08009,"Baca, CO",2022,222554.0
 08011,"Bent, CO",2022,152967.0
 08013,"Boulder, CO*",2022,34985000.0
 08014,"Broomfield, CO*",2022,10481434.0
 08015,"Chaffee, CO",2022,1089060.0
 08017,"Cheyenne, CO",2022,375443.0
 08019,"Clear Creek, CO",2022,593512.0
 08021,"Conejos, CO",2022,225900.0
 08023,"Costilla, CO",2022,96223.0
 08025,"Crowley, CO",2022,122595.0
 08027,"Custer, CO",2022,193059.0
 08029,"Delta, CO",2022,1080517.0
 08031,"Denver, CO",2022,110413130.0
 08033,"Dolores, CO",2022,159303.0
 08035,"Douglas, CO",2022,26866607.0
 08037,"Eagle, CO",2022,5858559.0
 08039,"Elbert, CO",2022,853750.0
 08041,"El Paso, CO",2022,47188474.0
 08043,"Fremont, CO",2022,1795546.0
 08045,"Garfield, CO",2022,5127007.0
 08047,"Gilpin, CO",2022,846970.0
 08049,"Grand, CO",2022,1301377.0
 08051,"Gunnison, CO",2022,1496167.0
 08053,"Hinsdale, CO",2022,50760.0
 08055,"Huerfano, CO",2022,296565.0
 08057,"Jackson, CO",2022,134988.0
 08059,"Jefferson, CO*",2022,40751086.0
 08061,"Kiowa, CO",2022,110746.0
 08063,"Kit Carson, CO",2022,618467.0
 08065,"Lake, CO",2022,430603.0
 08067,"La Plata, CO",2022,4119942.0
 08069,"Larimer, CO",2022,25390152.0
 08071,"Las Animas, CO",2022,698986.0
 08073,"Lincoln, CO",2022,499746.0
 08075,"Logan, CO",2022,1332528.0
 08077,"Mesa, CO",2022,8541839.0
 08079,"Mineral, CO",2022,80587.0
 08081,"Moffat, CO",2022,1426610.0
 08083,"Montezuma, CO",2022,1947602.0
 08085,"Montrose, CO",2022,2120131.0
 08087,"Morgan, CO",2022,1805234.0
 08089,"Otero, CO",2022,657605.0
 08091,"Ouray, CO",2022,315425.0
 08093,"Park, CO",2022,529446.0
 08095,"Phillips, CO",2022,297946.0
 08097,"Pitkin, CO",2022,3243571.0
 08099,"Prowers, CO",2022,591275.0
 08101,"Pueblo, CO",2022,7754246.0
 08103,"Rio Blanco, CO",2022,940442.0
 08105,"Rio Grande, CO",2022,519363.0
 08107,"Routt, CO",2022,2700657.0
 08109,"Saguache, CO",2022,206711.0
 08111,"San Juan, CO",2022,49487.0
 08113,"San Miguel, CO",2022,1000602.0
 08115,"Sedgwick, CO",2022,118880.0
 08117,"Summit, CO",2022,3664002.0
 08119,"Teller, CO",2022,1186135.0
 08121,"Washington, CO",2022,286979.0
 08123,"Weld, CO*",2022,28403684.0
 08125,"Yuma, CO",2022,569621.0
 09000,Connecticut,2022,321686431.0
 09001,"Fairfield, CT",2022,107596634.0
 09003,"Hartford, CT",2022,96306286.0
 09005,"Litchfield, CT",2022,10719752.0
 09007,"Middlesex, CT",2022,11537048.0
 09009,"New Haven, CT",2022,61021149.0
 09011,"New London, CT",2022,22237132.0
 09013,"Tolland, CT",2022,6330544.0
 09015,"Windham, CT",2022,5937887.0
 10000,Delaware,2022,92558178.0
 10001,"Kent, DE",2022,10169601.0
 10003,"New Castle, DE",2022,64577882.0
 10005,"Sussex, DE",2022,17810695.0
 11000,District of Columbia,2022,165768379.0
 11001,"District of Columbia, DC",2022,165768379.0
 12000,Florida,2022,1465281113.0
 12001,"Alachua, FL",2022,18272185.0
 12003,"Baker, FL",2022,896444.0
 12005,"Bay, FL",2022,11676062.0
 12007,"Bradford, FL",2022,840651.0
 12009,"Brevard, FL",2022,35550941.0
 12011,"Broward, FL",2022,149495106.0
 12013,"Calhoun, FL",2022,391792.0
 12015,"Charlotte, FL",2022,7792528.0
 12017,"Citrus, FL",2022,6000883.0
 12019,"Clay, FL",2022,7385651.0
 12021,"Collier, FL",2022,28718587.0
 12023,"Columbia, FL",2022,3155677.0
 12027,"DeSoto, FL",2022,1240574.0
 12029,"Dixie, FL",2022,361776.0
 12031,"Duval, FL",2022,90801895.0
 12033,"Escambia, FL",2022,20973679.0
 12035,"Flagler, FL",2022,4353142.0
 12037,"Franklin, FL",2022,458606.0
 12039,"Gadsden, FL",2022,1581178.0
 12041,"Gilchrist, FL",2022,481511.0
 12043,"Glades, FL",2022,409434.0
 12045,"Gulf, FL",2022,567512.0
 12047,"Hamilton, FL",2022,695967.0
 12049,"Hardee, FL",2022,1586553.0
 12051,"Hendry, FL",2022,1738189.0
 12053,"Hernando, FL",2022,6012761.0
 12055,"Highlands, FL",2022,3245963.0
 12057,"Hillsborough, FL",2022,129400792.0
 12059,"Holmes, FL",2022,483385.0
 12061,"Indian River, FL",2022,9400091.0
 12063,"Jackson, FL",2022,1681397.0
 12065,"Jefferson, FL",2022,335165.0
 12067,"Lafayette, FL",2022,221559.0
 12069,"Lake, FL",2022,14293900.0
 12071,"Lee, FL",2022,46230892.0
 12073,"Leon, FL",2022,19647025.0
 12075,"Levy, FL",2022,1227699.0
 12077,"Liberty, FL",2022,400075.0
 12079,"Madison, FL",2022,570895.0
 12081,"Manatee, FL",2022,21483766.0
 12083,"Marion, FL",2022,14408096.0
 12085,"Martin, FL",2022,10756348.0
 12086,"Miami-Dade, FL",2022,221603580.0
 12087,"Monroe, FL",2022,7046945.0
 12089,"Nassau, FL",2022,4215546.0
 12091,"Okaloosa, FL",2022,16598334.0
 12093,"Okeechobee, FL",2022,2349114.0
 12095,"Orange, FL",2022,136157569.0
 12097,"Osceola, FL",2022,16543948.0
 12099,"Palm Beach, FL",2022,119547250.0
 12101,"Pasco, FL",2022,19903454.0
 12103,"Pinellas, FL",2022,67427696.0
 12105,"Polk, FL",2022,38523043.0
 12107,"Putnam, FL",2022,2818650.0
 12109,"St. Johns, FL",2022,14918562.0
 12111,"St. Lucie, FL",2022,14165208.0
 12113,"Santa Rosa, FL",2022,6718040.0
 12115,"Sarasota, FL",2022,29887055.0
 12117,"Seminole, FL",2022,30241894.0
 12119,"Sumter, FL",2022,6123479.0
 12121,"Suwannee, FL",2022,1680881.0
 12123,"Taylor, FL",2022,847582.0
 12125,"Union, FL",2022,443115.0
 12127,"Volusia, FL",2022,25149503.0
 12129,"Wakulla, FL",2022,1049509.0
 12131,"Walton, FL",2022,5314237.0
 12133,"Washington, FL",2022,780587.0
 13000,Georgia,2022,779684001.0
 13001,"Appling, GA",2022,2294216.0
 13003,"Atkinson, GA",2022,343331.0
 13005,"Bacon, GA",2022,462106.0
 13007,"Baker, GA",2022,85348.0
 13009,"Baldwin, GA",2022,1704926.0
 13011,"Banks, GA",2022,616296.0
 13013,"Barrow, GA",2022,3390207.0
 13015,"Bartow, GA",2022,6791790.0
 13017,"Ben Hill, GA",2022,727510.0
 13019,"Berrien, GA",2022,502242.0
 13021,"Bibb, GA",2022,10080355.0
 13023,"Bleckley, GA",2022,272253.0
 13025,"Brantley, GA",2022,370834.0
 13027,"Brooks, GA",2022,636608.0
 13029,"Bryan, GA",2022,1658670.0
 13031,"Bulloch, GA",2022,3255487.0
 13033,"Burke, GA",2022,3702236.0
 13035,"Butts, GA",2022,950999.0
 13037,"Calhoun, GA",2022,140407.0
 13039,"Camden, GA",2022,2322207.0
 13043,"Candler, GA",2022,362157.0
 13045,"Carroll, GA",2022,7427718.0
 13047,"Catoosa, GA",2022,2190484.0
 13049,"Charlton, GA",2022,256365.0
 13051,"Chatham, GA",2022,24983508.0
 13053,"Chattahoochee, GA",2022,1907394.0
 13055,"Chattooga, GA",2022,674537.0
 13057,"Cherokee, GA",2022,10961838.0
 13059,"Clarke, GA",2022,9457370.0
 13061,"Clay, GA",2022,93656.0
 13063,"Clayton, GA",2022,21409211.0
 13065,"Clinch, GA",2022,290112.0
 13067,"Cobb, GA",2022,73759184.0
 13069,"Coffee, GA",2022,2016403.0
 13071,"Colquitt, GA",2022,1885437.0
 13073,"Columbia, GA",2022,5450990.0
 13075,"Cook, GA",2022,508659.0
 13077,"Coweta, GA",2022,6523413.0
 13079,"Crawford, GA",2022,193454.0
 13081,"Crisp, GA",2022,1247959.0
 13083,"Dade, GA",2022,546317.0
 13085,"Dawson, GA",2022,1252083.0
 13087,"Decatur, GA",2022,1332904.0
 13089,"DeKalb, GA",2022,52495826.0
 13091,"Dodge, GA",2022,501528.0
 13093,"Dooly, GA",2022,438832.0
 13095,"Dougherty, GA",2022,5704342.0
 13097,"Douglas, GA",2022,6791614.0
 13099,"Early, GA",2022,644391.0
 13101,"Echols, GA",2022,51237.0
 13103,"Effingham, GA",2022,2838932.0
 13105,"Elbert, GA",2022,838787.0
 13107,"Emanuel, GA",2022,866027.0
 13109,"Evans, GA",2022,462208.0
 13111,"Fannin, GA",2022,1094522.0
 13113,"Fayette, GA",2022,7322428.0
 13115,"Floyd, GA",2022,5047484.0
 13117,"Forsyth, GA",2022,13835241.0
 13119,"Franklin, GA",2022,1333074.0
 13121,"Fulton, GA",2022,220532474.0
 13123,"Gilmer, GA",2022,1240088.0
 13125,"Glascock, GA",2022,37612.0
 13127,"Glynn, GA",2022,5403027.0
 13129,"Gordon, GA",2022,3068130.0
 13131,"Grady, GA",2022,823924.0
 13133,"Greene, GA",2022,1084176.0
 13135,"Gwinnett, GA",2022,63947201.0
 13137,"Habersham, GA",2022,1780329.0
 13139,"Hall, GA",2022,15404898.0
 13141,"Hancock, GA",2022,188961.0
 13143,"Haralson, GA",2022,1127496.0
 13145,"Harris, GA",2022,689452.0
 13147,"Hart, GA",2022,1079412.0
 13149,"Heard, GA",2022,1812868.0
 13151,"Henry, GA",2022,9573066.0
 13153,"Houston, GA",2022,8806273.0
 13155,"Irwin, GA",2022,266039.0
 13157,"Jackson, GA",2022,5576049.0
 13159,"Jasper, GA",2022,362287.0
 13161,"Jeff Davis, GA",2022,626624.0
 13163,"Jefferson, GA",2022,683007.0
 13165,"Jenkins, GA",2022,183891.0
 13167,"Johnson, GA",2022,147175.0
 13169,"Jones, GA",2022,530969.0
 13171,"Lamar, GA",2022,587878.0
 13173,"Lanier, GA",2022,164831.0
 13175,"Laurens, GA",2022,2267931.0
 13177,"Lee, GA",2022,960613.0
 13179,"Liberty, GA",2022,4615644.0
 13181,"Lincoln, GA",2022,163735.0
 13183,"Long, GA",2022,247728.0
 13185,"Lowndes, GA",2022,6341602.0
 13187,"Lumpkin, GA",2022,1172047.0
 13189,"McDuffie, GA",2022,812424.0
 13191,"McIntosh, GA",2022,273587.0
 13193,"Macon, GA",2022,603799.0
 13195,"Madison, GA",2022,789979.0
 13197,"Marion, GA",2022,146959.0
 13199,"Meriwether, GA",2022,790450.0
 13201,"Miller, GA",2022,250306.0
 13205,"Mitchell, GA",2022,947736.0
 13207,"Monroe, GA",2022,1780563.0
 13209,"Montgomery, GA",2022,179116.0
 13211,"Morgan, GA",2022,1345404.0
 13213,"Murray, GA",2022,1808544.0
 13215,"Muscogee, GA",2022,12149771.0
 13217,"Newton, GA",2022,3717142.0
 13219,"Oconee, GA",2022,2224160.0
 13221,"Oglethorpe, GA",2022,443850.0
 13223,"Paulding, GA",2022,4270160.0
 13225,"Peach, GA",2022,1073209.0
 13227,"Pickens, GA",2022,1356122.0
 13229,"Pierce, GA",2022,609172.0
 13231,"Pike, GA",2022,436805.0
 13233,"Polk, GA",2022,1538041.0
 13235,"Pulaski, GA",2022,322684.0
 13237,"Putnam, GA",2022,757445.0
 13239,"Quitman, GA",2022,39241.0
 13241,"Rabun, GA",2022,740911.0
 13243,"Randolph, GA",2022,221204.0
 13245,"Richmond, GA",2022,15192579.0
 13247,"Rockdale, GA",2022,5162929.0
 13249,"Schley, GA",2022,138924.0
 13251,"Screven, GA",2022,378125.0
 13253,"Seminole, GA",2022,354708.0
 13255,"Spalding, GA",2022,2755289.0
 13257,"Stephens, GA",2022,1227757.0
 13259,"Stewart, GA",2022,178310.0
 13261,"Sumter, GA",2022,1317942.0
 13263,"Talbot, GA",2022,196122.0
 13265,"Taliaferro, GA",2022,43500.0
 13267,"Tattnall, GA",2022,798649.0
 13269,"Taylor, GA",2022,261729.0
 13271,"Telfair, GA",2022,320081.0
 13273,"Terrell, GA",2022,289831.0
 13275,"Thomas, GA",2022,2800854.0
 13277,"Tift, GA",2022,2458823.0
 13279,"Toombs, GA",2022,1236170.0
 13281,"Towns, GA",2022,491631.0
 13283,"Treutlen, GA",2022,129984.0
 13285,"Troup, GA",2022,4419966.0
 13287,"Turner, GA",2022,265305.0
 13289,"Twiggs, GA",2022,329465.0
 13291,"Union, GA",2022,1072721.0
 13293,"Upson, GA",2022,864683.0
 13295,"Walker, GA",2022,1979023.0
 13297,"Walton, GA",2022,3618777.0
 13299,"Ware, GA",2022,1736077.0
 13301,"Warren, GA",2022,203775.0
 13303,"Washington, GA",2022,845433.0
 13305,"Wayne, GA",2022,1900593.0
 13307,"Webster, GA",2022,93638.0
 13309,"Wheeler, GA",2022,137319.0
 13311,"White, GA",2022,1132959.0
 13313,"Whitfield, GA",2022,7114984.0
 13315,"Wilcox, GA",2022,196414.0
 13317,"Wilkes, GA",2022,455907.0
 13319,"Wilkinson, GA",2022,754792.0
 13321,"Worth, GA",2022,396359.0
 15000,Hawaii,2022,103153070.0
 15001,"Hawaii, HI",2022,10396821.0
 15003,"Honolulu, HI",2022,76099901.0
 15007,"Kauai, HI",2022,4887400.0
 15901,"Maui + Kalawao, HI*",2022,11768948.0
 16000,Idaho,2022,112290097.0
 16001,"Ada, ID",2022,39911158.0
 16003,"Adams, ID",2022,164080.0
 16005,"Bannock, ID",2022,3758841.0
 16007,"Bear Lake, ID",2022,247569.0
 16009,"Benewah, ID",2022,472239.0
 16011,"Bingham, ID",2022,2007306.0
 16013,"Blaine, ID",2022,2195383.0
 16015,"Boise, ID",2022,213742.0
 16017,"Bonner, ID",2022,2187211.0
 16019,"Bonneville, ID",2022,8251330.0
 16021,"Boundary, ID",2022,524769.0
 16023,"Butte, ID",2022,1516499.0
 16025,"Camas, ID",2022,112221.0
 16027,"Canyon, ID",2022,10059458.0
 16029,"Caribou, ID",2022,885605.0
 16031,"Cassia, ID",2022,2051577.0
 16033,"Clark, ID",2022,56922.0
 16035,"Clearwater, ID",2022,490876.0
 16037,"Custer, ID",2022,214537.0
 16039,"Elmore, ID",2022,1621206.0
 16041,"Franklin, ID",2022,565779.0
 16043,"Fremont (includes Yellowstone Park), ID",2022,533261.0
 16045,"Gem, ID",2022,572866.0
 16047,"Gooding, ID",2022,1592753.0
 16049,"Idaho, ID",2022,608629.0
 16051,"Jefferson, ID",2022,1258724.0
 16053,"Jerome, ID",2022,1715339.0
 16055,"Kootenai, ID",2022,9635323.0
 16057,"Latah, ID",2022,1867462.0
 16059,"Lemhi, ID",2022,343185.0
 16061,"Lewis, ID",2022,224271.0
 16063,"Lincoln, ID",2022,368087.0
 16065,"Madison, ID",2022,1822672.0
 16067,"Minidoka, ID",2022,1181847.0
 16069,"Nez Perce, ID",2022,2785683.0
 16071,"Oneida, ID",2022,179050.0
 16073,"Owyhee, ID",2022,552634.0
 16075,"Payette, ID",2022,1091614.0
 16077,"Power, ID",2022,568622.0
 16079,"Shoshone, ID",2022,778005.0
 16081,"Teton, ID",2022,569129.0
 16083,"Twin Falls, ID",2022,5283255.0
 16085,"Valley, ID",2022,685667.0
 16087,"Washington, ID",2022,563711.0
 17000,Illinois,2022,1040353268.0
 17001,"Adams, IL",2022,4284027.0
 17003,"Alexander, IL",2022,168960.0
 17005,"Bond, IL",2022,754165.0
 17007,"Boone, IL",2022,1884071.0
 17009,"Brown, IL",2022,592654.0
 17011,"Bureau, IL",2022,1542306.0
 17013,"Calhoun, IL",2022,127671.0
 17015,"Carroll, IL",2022,757025.0
 17017,"Cass, IL",2022,815912.0
 17019,"Champaign, IL",2022,13767620.0
 17021,"Christian, IL",2022,2014433.0
 17023,"Clark, IL",2022,659283.0
 17025,"Clay, IL",2022,653841.0
 17027,"Clinton, IL",2022,1467415.0
 17029,"Coles, IL",2022,3087923.0
 17031,"Cook, IL",2022,490411596.0
 17033,"Crawford, IL",2022,1586867.0
 17035,"Cumberland, IL",2022,1195994.0
 17037,"DeKalb, IL",2022,5208248.0
 17039,"De Witt, IL",2022,1655128.0
 17041,"Douglas, IL",2022,1513044.0
 17043,"DuPage, IL",2022,117382094.0
 17045,"Edgar, IL",2022,1017598.0
 17047,"Edwards, IL",2022,305443.0
 17049,"Effingham, IL",2022,2697525.0
 17051,"Fayette, IL",2022,752058.0
 17053,"Ford, IL",2022,1062760.0
 17055,"Franklin, IL",2022,1203654.0
 17057,"Fulton, IL",2022,1088766.0
 17059,"Gallatin, IL",2022,199581.0
 17061,"Greene, IL",2022,452246.0
 17063,"Grundy, IL",2022,5468663.0
 17065,"Hamilton, IL",2022,414902.0
 17067,"Hancock, IL",2022,806961.0
 17069,"Hardin, IL",2022,121840.0
 17071,"Henderson, IL",2022,256663.0
 17073,"Henry, IL",2022,1947911.0
 17075,"Iroquois, IL",2022,1390747.0
 17077,"Jackson, IL",2022,3070100.0
 17079,"Jasper, IL",2022,674549.0
 17081,"Jefferson, IL",2022,2219454.0
 17083,"Jersey, IL",2022,651480.0
 17085,"Jo Daviess, IL",2022,1044952.0
 17087,"Johnson, IL",2022,279938.0
 17089,"Kane, IL",2022,33577953.0
 17091,"Kankakee, IL",2022,8472453.0
 17093,"Kendall, IL",2022,4664887.0
 17095,"Knox, IL",2022,2178065.0
 17097,"Lake, IL",2022,77832969.0
 17099,"LaSalle, IL",2022,7442249.0
 17101,"Lawrence, IL",2022,605995.0
 17103,"Lee, IL",2022,1944113.0
 17105,"Livingston, IL",2022,2626056.0
 17107,"Logan, IL",2022,1366595.0
 17109,"McDonough, IL",2022,1413238.0
 17111,"McHenry, IL",2022,14446225.0
 17113,"McLean, IL",2022,14370269.0
 17115,"Macon, IL",2022,8175608.0
 17117,"Macoupin, IL",2022,1486135.0
 17119,"Madison, IL",2022,14197301.0
 17121,"Marion, IL",2022,1597000.0
 17123,"Marshall, IL",2022,573705.0
 17125,"Mason, IL",2022,608388.0
 17127,"Massac, IL",2022,765233.0
 17129,"Menard, IL",2022,337521.0
 17131,"Mercer, IL",2022,589962.0
 17133,"Monroe, IL",2022,1201062.0
 17135,"Montgomery, IL",2022,1531130.0
 17137,"Morgan, IL",2022,1904556.0
 17139,"Moultrie, IL",2022,1056305.0
 17141,"Ogle, IL",2022,3744357.0
 17143,"Peoria, IL",2022,15330056.0
 17145,"Perry, IL",2022,800096.0
 17147,"Piatt, IL",2022,673394.0
 17149,"Pike, IL",2022,771609.0
 17151,"Pope, IL",2022,69475.0
 17153,"Pulaski, IL",2022,194546.0
 17155,"Putnam, IL",2022,386574.0
 17157,"Randolph, IL",2022,1855821.0
 17159,"Richland, IL",2022,743599.0
 17161,"Rock Island, IL",2022,11880175.0
 17163,"St. Clair, IL",2022,14955221.0
 17165,"Saline, IL",2022,944793.0
 17167,"Sangamon, IL",2022,13934442.0
 17169,"Schuyler, IL",2022,323003.0
 17171,"Scott, IL",2022,213574.0
 17173,"Shelby, IL",2022,1001784.0
 17175,"Stark, IL",2022,353061.0
 17177,"Stephenson, IL",2022,2246604.0
 17179,"Tazewell, IL",2022,7412288.0
 17181,"Union, IL",2022,486158.0
 17183,"Vermilion, IL",2022,4001250.0
 17185,"Wabash, IL",2022,418040.0
 17187,"Warren, IL",2022,1051471.0
 17189,"Washington, IL",2022,1202492.0
 17191,"Wayne, IL",2022,629928.0
 17193,"White, IL",2022,630740.0
 17195,"Whiteside, IL",2022,2707856.0
 17197,"Will, IL",2022,45977505.0
 17199,"Williamson, IL",2022,3486378.0
 17201,"Winnebago, IL",2022,16686744.0
 17203,"Woodford, IL",2022,1617190.0
 18000,Indiana,2022,473492885.0
 18001,"Adams, IN",2022,2118520.0
 18003,"Allen, IN",2022,26284371.0
 18005,"Bartholomew, IN",2022,7875528.0
 18007,"Benton, IN",2022,654615.0
 18009,"Blackford, IN",2022,421380.0
 18011,"Boone, IN",2022,5184694.0
 18013,"Brown, IN",2022,352359.0
 18015,"Carroll, IN",2022,828613.0
 18017,"Cass, IN",2022,1751256.0
 18019,"Clark, IN",2022,7243527.0
 18021,"Clay, IN",2022,970096.0
 18023,"Clinton, IN",2022,1784025.0
 18025,"Crawford, IN",2022,230206.0
 18027,"Daviess, IN",2022,1900951.0
 18029,"Dearborn, IN",2022,2307658.0
 18031,"Decatur, IN",2022,1744952.0
 18033,"DeKalb, IN",2022,3398804.0
 18035,"Delaware, IN",2022,5086293.0
 18037,"Dubois, IN",2022,3318360.0
 18039,"Elkhart, IN",2022,21178254.0
 18041,"Fayette, IN",2022,658669.0
 18043,"Floyd, IN",2022,3659932.0
 18045,"Fountain, IN",2022,657381.0
 18047,"Franklin, IN",2022,728270.0
 18049,"Fulton, IN",2022,873251.0
 18051,"Gibson, IN",2022,4172210.0
 18053,"Grant, IN",2022,2939207.0
 18055,"Greene, IN",2022,798827.0
 18057,"Hamilton, IN",2022,26529410.0
 18059,"Hancock, IN",2022,4339308.0
 18061,"Harrison, IN",2022,1522669.0
 18063,"Hendricks, IN",2022,9391467.0
 18065,"Henry, IN",2022,1855579.0
 18067,"Howard, IN",2022,5040219.0
 18069,"Huntington, IN",2022,1906513.0
 18071,"Jackson, IN",2022,3390668.0
 18073,"Jasper, IN",2022,1879289.0
 18075,"Jay, IN",2022,1358359.0
 18077,"Jefferson, IN",2022,2018824.0
 18079,"Jennings, IN",2022,908998.0
 18081,"Johnson, IN",2022,7359933.0
 18083,"Knox, IN",2022,2403854.0
 18085,"Kosciusko, IN",2022,7180970.0
 18087,"Lagrange, IN",2022,2373976.0
 18089,"Lake, IN",2022,29040662.0
 18091,"LaPorte, IN",2022,5301184.0
 18093,"Lawrence, IN",2022,1741168.0
 18095,"Madison, IN",2022,4861365.0
 18097,"Marion, IN",2022,122740377.0
 18099,"Marshall, IN",2022,2093247.0
 18101,"Martin, IN",2022,1436891.0
 18103,"Miami, IN",2022,1141392.0
 18105,"Monroe, IN",2022,8400925.0
 18107,"Montgomery, IN",2022,2225311.0
 18109,"Morgan, IN",2022,2331124.0
 18111,"Newton, IN",2022,497164.0
 18113,"Noble, IN",2022,2362765.0
 18115,"Ohio, IN",2022,137346.0
 18117,"Orange, IN",2022,880359.0
 18119,"Owen, IN",2022,699016.0
 18121,"Parke, IN",2022,493783.0
 18123,"Perry, IN",2022,987347.0
 18125,"Pike, IN",2022,933423.0
 18127,"Porter, IN",2022,9536343.0
 18129,"Posey, IN",2022,7206353.0
 18131,"Pulaski, IN",2022,882289.0
 18133,"Putnam, IN",2022,1306397.0
 18135,"Randolph, IN",2022,1170592.0
 18137,"Ripley, IN",2022,1317962.0
 18139,"Rush, IN",2022,771440.0
 18141,"St. Joseph, IN",2022,17347770.0
 18143,"Scott, IN",2022,817018.0
 18145,"Shelby, IN",2022,2515366.0
 18147,"Spencer, IN",2022,1260866.0
 18149,"Starke, IN",2022,648655.0
 18151,"Steuben, IN",2022,1826621.0
 18153,"Sullivan, IN",2022,1264951.0
 18155,"Switzerland, IN",2022,299455.0
 18157,"Tippecanoe, IN",2022,12038752.0
 18159,"Tipton, IN",2022,777218.0
 18161,"Union, IN",2022,188297.0
 18163,"Vanderburgh, IN",2022,13767650.0
 18165,"Vermillion, IN",2022,1191936.0
 18167,"Vigo, IN",2022,5799503.0
 18169,"Wabash, IN",2022,1584528.0
 18171,"Warren, IN",2022,393952.0
 18173,"Warrick, IN",2022,3080123.0
 18175,"Washington, IN",2022,901960.0
 18177,"Wayne, IN",2022,3443339.0
 18179,"Wells, IN",2022,1498442.0
 18181,"White, IN",2022,1462745.0
 18183,"Whitley, IN",2022,2305267.0
 19000,Iowa,2022,242752881.0
 19001,"Adair, IA",2022,660564.0
 19003,"Adams, IA",2022,281620.0
 19005,"Allamakee, IA",2022,732170.0
 19007,"Appanoose, IA",2022,503896.0
 19009,"Audubon, IA",2022,460359.0
 19011,"Benton, IA",2022,1143871.0
 19013,"Black Hawk, IA",2022,9494821.0
 19015,"Boone, IA",2022,1307153.0
 19017,"Bremer, IA",2022,1474717.0
 19019,"Buchanan, IA",2022,1066686.0
 19021,"Buena Vista, IA",2022,1710886.0
 19023,"Butler, IA",2022,721495.0
 19025,"Calhoun, IA",2022,608084.0
 19027,"Carroll, IA",2022,1758823.0
 19029,"Cass, IA",2022,891382.0
 19031,"Cedar, IA",2022,863551.0
 19033,"Cerro Gordo, IA",2022,3262278.0
 19035,"Cherokee, IA",2022,1017280.0
 19037,"Chickasaw, IA",2022,994923.0
 19039,"Clarke, IA",2022,539861.0
 19041,"Clay, IA",2022,1384997.0
 19043,"Clayton, IA",2022,1130748.0
 19045,"Clinton, IA",2022,2833190.0
 19047,"Crawford, IA",2022,991113.0
 19049,"Dallas, IA",2022,8970224.0
 19051,"Davis, IA",2022,388846.0
 19053,"Decatur, IA",2022,278968.0
 19055,"Delaware, IA",2022,1196281.0
 19057,"Des Moines, IA",2022,2593176.0
 19059,"Dickinson, IA",2022,1336638.0
 19061,"Dubuque, IA",2022,8312224.0
 19063,"Emmet, IA",2022,502743.0
 19065,"Fayette, IA",2022,1003449.0
 19067,"Floyd, IA",2022,1104964.0
 19069,"Franklin, IA",2022,849371.0
 19071,"Fremont, IA",2022,433803.0
 19073,"Greene, IA",2022,713473.0
 19075,"Grundy, IA",2022,764257.0
 19077,"Guthrie, IA",2022,680608.0
 19079,"Hamilton, IA",2022,1099316.0
 19081,"Hancock, IA",2022,1125197.0
 19083,"Hardin, IA",2022,1243690.0
 19085,"Harrison, IA",2022,685668.0
 19087,"Henry, IA",2022,1175342.0
 19089,"Howard, IA",2022,672413.0
 19091,"Humboldt, IA",2022,577970.0
 19093,"Ida, IA",2022,785548.0
 19095,"Iowa, IA",2022,1314808.0
 19097,"Jackson, IA",2022,831963.0
 19099,"Jasper, IA",2022,1470047.0
 19101,"Jefferson, IA",2022,923871.0
 19103,"Johnson, IA",2022,11428475.0
 19105,"Jones, IA",2022,852212.0
 19107,"Keokuk, IA",2022,468363.0
 19109,"Kossuth, IA",2022,1306858.0
 19111,"Lee, IA",2022,2134734.0
 19113,"Linn, IA",2022,20134623.0
 19115,"Louisa, IA",2022,893721.0
 19117,"Lucas, IA",2022,364389.0
 19119,"Lyon, IA",2022,1308615.0
 19121,"Madison, IA",2022,612040.0
 19123,"Mahaska, IA",2022,1143781.0
 19125,"Marion, IA",2022,2630311.0
 19127,"Marshall, IA",2022,2190319.0
 19129,"Mills, IA",2022,648534.0
 19131,"Mitchell, IA",2022,941515.0
 19133,"Monona, IA",2022,465446.0
 19135,"Monroe, IA",2022,563936.0
 19137,"Montgomery, IA",2022,558625.0
 19139,"Muscatine, IA",2022,3076816.0
 19141,"O'Brien, IA",2022,1197616.0
 19143,"Osceola, IA",2022,574517.0
 19145,"Page, IA",2022,794087.0
 19147,"Palo Alto, IA",2022,807543.0
 19149,"Plymouth, IA",2022,1984471.0
 19151,"Pocahontas, IA",2022,705577.0
 19153,"Polk, IA",2022,56112999.0
 19155,"Pottawattamie, IA",2022,5458281.0
 19157,"Poweshiek, IA",2022,1567427.0
 19159,"Ringgold, IA",2022,226298.0
 19161,"Sac, IA",2022,782874.0
 19163,"Scott, IA",2022,11762100.0
 19165,"Shelby, IA",2022,972899.0
 19167,"Sioux, IA",2022,3321345.0
 19169,"Story, IA",2022,6967516.0
 19171,"Tama, IA",2022,863096.0
 19173,"Taylor, IA",2022,370388.0
 19175,"Union, IA",2022,979971.0
 19177,"Van Buren, IA",2022,318992.0
 19179,"Wapello, IA",2022,2064001.0
 19181,"Warren, IA",2022,1708482.0
 19183,"Washington, IA",2022,1732736.0
 19185,"Wayne, IA",2022,307920.0
 19187,"Webster, IA",2022,2660545.0
 19189,"Winnebago, IA",2022,662333.0
 19191,"Winneshiek, IA",2022,1281214.0
 19193,"Woodbury, IA",2022,6428522.0
 19195,"Worth, IA",2022,474785.0
 19197,"Wright, IA",2022,1071706.0
 20000,Kansas,2022,212611622.0
 20001,"Allen, KS",2022,660006.0
 20003,"Anderson, KS",2022,465642.0
 20005,"Atchison, KS",2022,725633.0
 20007,"Barber, KS",2022,240412.0
 20009,"Barton, KS",2022,1460047.0
 20011,"Bourbon, KS",2022,698155.0
 20013,"Brown, KS",2022,632277.0
 20015,"Butler, KS",2022,3665026.0
 20017,"Chase, KS",2022,166396.0
 20019,"Chautauqua, KS",2022,90057.0
 20021,"Cherokee, KS",2022,1122931.0
 20023,"Cheyenne, KS",2022,189379.0
 20025,"Clark, KS",2022,272275.0
 20027,"Clay, KS",2022,331225.0
 20029,"Cloud, KS",2022,499689.0
 20031,"Coffey, KS",2022,922204.0
 20033,"Comanche, KS",2022,64657.0
 20035,"Cowley, KS",2022,1581370.0
 20037,"Crawford, KS",2022,2014899.0
 20039,"Decatur, KS",2022,264338.0
 20041,"Dickinson, KS",2022,796215.0
 20043,"Doniphan, KS",2022,313990.0
 20045,"Douglas, KS",2022,6203251.0
 20047,"Edwards, KS",2022,200485.0
 20049,"Elk, KS",2022,94475.0
 20051,"Ellis, KS",2022,1981660.0
 20053,"Ellsworth, KS",2022,332933.0
 20055,"Finney, KS",2022,2775189.0
 20057,"Ford, KS",2022,2871909.0
 20059,"Franklin, KS",2022,1076037.0
 20061,"Geary, KS",2022,3411692.0
 20063,"Gove, KS",2022,297851.0
 20065,"Graham, KS",2022,191074.0
 20067,"Grant, KS",2022,466393.0
 20069,"Gray, KS",2022,780335.0
 20071,"Greeley, KS",2022,226651.0
 20073,"Greenwood, KS",2022,171323.0
 20075,"Hamilton, KS",2022,245085.0
 20077,"Harper, KS",2022,344602.0
 20079,"Harvey, KS",2022,1597126.0
 20081,"Haskell, KS",2022,381170.0
 20083,"Hodgeman, KS",2022,147466.0
 20085,"Jackson, KS",2022,424599.0
 20087,"Jefferson, KS",2022,485849.0
 20089,"Jewell, KS",2022,104325.0
 20091,"Johnson, KS",2022,64858237.0
 20093,"Kearny, KS",2022,278794.0
 20095,"Kingman, KS",2022,381165.0
 20097,"Kiowa, KS",2022,145040.0
 20099,"Labette, KS",2022,1018039.0
 20101,"Lane, KS",2022,169594.0
 20103,"Leavenworth, KS",2022,3466254.0
 20105,"Lincoln, KS",2022,151777.0
 20107,"Linn, KS",2022,646633.0
 20109,"Logan, KS",2022,230478.0
 20111,"Lyon, KS",2022,1744935.0
 20113,"McPherson, KS",2022,2391798.0
 20115,"Marion, KS",2022,450208.0
 20117,"Marshall, KS",2022,669413.0
 20119,"Meade, KS",2022,266262.0
 20121,"Miami, KS",2022,1232595.0
 20123,"Mitchell, KS",2022,555293.0
 20125,"Montgomery, KS",2022,3007921.0
 20127,"Morris, KS",2022,227855.0
 20129,"Morton, KS",2022,173919.0
 20131,"Nemaha, KS",2022,620456.0
 20133,"Neosho, KS",2022,714785.0
 20135,"Ness, KS",2022,242706.0
 20137,"Norton, KS",2022,366039.0
 20139,"Osage, KS",2022,373223.0
 20141,"Osborne, KS",2022,195586.0
 20143,"Ottawa, KS",2022,158328.0
 20145,"Pawnee, KS",2022,313571.0
 20147,"Phillips, KS",2022,587870.0
 20149,"Pottawatomie, KS",2022,1675567.0
 20151,"Pratt, KS",2022,706971.0
 20153,"Rawlins, KS",2022,275888.0
 20155,"Reno, KS",2022,3086536.0
 20157,"Republic, KS",2022,214860.0
 20159,"Rice, KS",2022,792251.0
 20161,"Riley, KS",2022,3403023.0
 20163,"Rooks, KS",2022,215623.0
 20165,"Rush, KS",2022,167776.0
 20167,"Russell, KS",2022,340262.0
 20169,"Saline, KS",2022,3519050.0
 20171,"Scott, KS",2022,442022.0
 20173,"Sedgwick, KS",2022,37340144.0
 20175,"Seward, KS",2022,1525335.0
 20177,"Shawnee, KS",2022,12605915.0
 20179,"Sheridan, KS",2022,213125.0
 20181,"Sherman, KS",2022,447007.0
 20183,"Smith, KS",2022,216003.0
 20185,"Stafford, KS",2022,205367.0
 20187,"Stanton, KS",2022,279269.0
 20189,"Stevens, KS",2022,408774.0
 20191,"Sumner, KS",2022,904442.0
 20193,"Thomas, KS",2022,883578.0
 20195,"Trego, KS",2022,204429.0
 20197,"Wabaunsee, KS",2022,158458.0
 20199,"Wallace, KS",2022,146997.0
 20201,"Washington, KS",2022,226172.0
 20203,"Wichita, KS",2022,277899.0
 20205,"Wilson, KS",2022,397812.0
 20207,"Woodson, KS",2022,90523.0
 20209,"Wyandotte, KS",2022,13613469.0
 21000,Kentucky,2022,261540685.0
 21001,"Adair, KY",2022,488890.0
 21003,"Allen, KY",2022,575163.0
 21005,"Anderson, KY",2022,663315.0
 21007,"Ballard, KY",2022,310032.0
 21009,"Barren, KY",2022,1677438.0
 21011,"Bath, KY",2022,234753.0
 21013,"Bell, KY",2022,871757.0
 21015,"Boone, KY",2022,15586383.0
 21017,"Bourbon, KY",2022,1120012.0
 21019,"Boyd, KY",2022,3852475.0
 21021,"Boyle, KY",2022,1537738.0
 21023,"Bracken, KY",2022,210302.0
 21025,"Breathitt, KY",2022,267384.0
 21027,"Breckinridge, KY",2022,492851.0
 21029,"Bullitt, KY",2022,3387432.0
 21031,"Butler, KY",2022,368344.0
 21033,"Caldwell, KY",2022,499771.0
 21035,"Calloway, KY",2022,1722614.0
 21037,"Campbell, KY",2022,4315690.0
 21039,"Carlisle, KY",2022,230224.0
 21041,"Carroll, KY",2022,2503732.0
 21043,"Carter, KY",2022,592869.0
 21045,"Casey, KY",2022,423775.0
 21047,"Christian, KY",2022,7094563.0
 21049,"Clark, KY",2022,1847790.0
 21051,"Clay, KY",2022,411756.0
 21053,"Clinton, KY",2022,394892.0
 21055,"Crittenden, KY",2022,224316.0
 21057,"Cumberland, KY",2022,201979.0
 21059,"Daviess, KY",2022,5450234.0
 21061,"Edmonson, KY",2022,229914.0
 21063,"Elliott, KY",2022,92562.0
 21065,"Estill, KY",2022,269355.0
 21067,"Fayette, KY",2022,25251923.0
 21069,"Fleming, KY",2022,411121.0
 21071,"Floyd, KY",2022,1293435.0
 21073,"Franklin, KY",2022,3773582.0
 21075,"Fulton, KY",2022,271978.0
 21077,"Gallatin, KY",2022,425186.0
 21079,"Garrard, KY",2022,333948.0
 21081,"Grant, KY",2022,656528.0
 21083,"Graves, KY",2022,1636162.0
 21085,"Grayson, KY",2022,902638.0
 21087,"Green, KY",2022,212059.0
 21089,"Greenup, KY",2022,970127.0
 21091,"Hancock, KY",2022,987849.0
 21093,"Hardin, KY",2022,6574746.0
 21095,"Harlan, KY",2022,679584.0
 21097,"Harrison, KY",2022,620884.0
 21099,"Hart, KY",2022,742951.0
 21101,"Henderson, KY",2022,2409218.0
 21103,"Henry, KY",2022,387019.0
 21105,"Hickman, KY",2022,268992.0
 21107,"Hopkins, KY",2022,2316872.0
 21109,"Jackson, KY",2022,186883.0
 21111,"Jefferson, KY",2022,69481447.0
 21113,"Jessamine, KY",2022,2617053.0
 21115,"Johnson, KY",2022,526341.0
 21117,"Kenton, KY",2022,10686519.0
 21119,"Knott, KY",2022,241039.0
 21121,"Knox, KY",2022,729761.0
 21123,"Larue, KY",2022,273298.0
 21125,"Laurel, KY",2022,2626636.0
 21127,"Lawrence, KY",2022,460642.0
 21129,"Lee, KY",2022,152734.0
 21131,"Leslie, KY",2022,178868.0
 21133,"Letcher, KY",2022,486096.0
 21135,"Lewis, KY",2022,244101.0
 21137,"Lincoln, KY",2022,527712.0
 21139,"Livingston, KY",2022,417545.0
 21141,"Logan, KY",2022,1313831.0
 21143,"Lyon, KY",2022,292289.0
 21145,"McCracken, KY",2022,6277822.0
 21147,"McCreary, KY",2022,301587.0
 21149,"McLean, KY",2022,351742.0
 21151,"Madison, KY",2022,3728750.0
 21153,"Magoffin, KY",2022,179264.0
 21155,"Marion, KY",2022,1085472.0
 21157,"Marshall, KY",2022,1734362.0
 21159,"Martin, KY",2022,233798.0
 21161,"Mason, KY",2022,1562460.0
 21163,"Meade, KY",2022,764460.0
 21165,"Menifee, KY",2022,107838.0
 21167,"Mercer, KY",2022,999905.0
 21169,"Metcalfe, KY",2022,221371.0
 21171,"Monroe, KY",2022,423145.0
 21173,"Montgomery, KY",2022,1253862.0
 21175,"Morgan, KY",2022,314452.0
 21177,"Muhlenberg, KY",2022,1462281.0
 21179,"Nelson, KY",2022,2032469.0
 21181,"Nicholas, KY",2022,110433.0
 21183,"Ohio, KY",2022,1000922.0
 21185,"Oldham, KY",2022,2394464.0
 21187,"Owen, KY",2022,209058.0
 21189,"Owsley, KY",2022,61559.0
 21191,"Pendleton, KY",2022,363252.0
 21193,"Perry, KY",2022,1191249.0
 21195,"Pike, KY",2022,2379580.0
 21197,"Powell, KY",2022,299266.0
 21199,"Pulaski, KY",2022,2717820.0
 21201,"Robertson, KY",2022,37958.0
 21203,"Rockcastle, KY",2022,384842.0
 21205,"Rowan, KY",2022,917696.0
 21207,"Russell, KY",2022,921411.0
 21209,"Scott, KY",2022,3597559.0
 21211,"Shelby, KY",2022,2020148.0
 21213,"Simpson, KY",2022,1163336.0
 21215,"Spencer, KY",2022,364235.0
 21217,"Taylor, KY",2022,1008788.0
 21219,"Todd, KY",2022,545718.0
 21221,"Trigg, KY",2022,350158.0
 21223,"Trimble, KY",2022,855615.0
 21225,"Union, KY",2022,1063923.0
 21227,"Warren, KY",2022,9512257.0
 21229,"Washington, KY",2022,375258.0
 21231,"Wayne, KY",2022,556036.0
 21233,"Webster, KY",2022,519721.0
 21235,"Whitley, KY",2022,1303509.0
 21237,"Wolfe, KY",2022,140610.0
 21239,"Woodford, KY",2022,1419364.0
 22000,Louisiana,2022,298424460.0
 22001,"Acadia, LA",2022,1809686.0
 22003,"Allen, LA",2022,915977.0
 22005,"Ascension, LA",2022,11245419.0
 22007,"Assumption, LA",2022,597421.0
 22009,"Avoyelles, LA",2022,1089674.0
 22011,"Beauregard, LA",2022,1561270.0
 22013,"Bienville, LA",2022,974754.0
 22015,"Bossier, LA",2022,6904054.0
 22017,"Caddo, LA",2022,16976228.0
 22019,"Calcasieu, LA",2022,18054985.0
 22021,"Caldwell, LA",2022,220745.0
 22023,"Cameron, LA",2022,1055142.0
 22025,"Catahoula, LA",2022,207907.0
 22027,"Claiborne, LA",2022,469335.0
 22029,"Concordia, LA",2022,735131.0
 22031,"De Soto, LA",2022,3612294.0
 22033,"East Baton Rouge, LA",2022,41071739.0
 22035,"East Carroll, LA",2022,180520.0
 22037,"East Feliciana, LA",2022,574501.0
 22039,"Evangeline, LA",2022,1051210.0
 22041,"Franklin, LA",2022,555886.0
 22043,"Grant, LA",2022,583216.0
 22045,"Iberia, LA",2022,3225879.0
 22047,"Iberville, LA",2022,2793584.0
 22049,"Jackson, LA",2022,537885.0
 22051,"Jefferson, LA",2022,28848945.0
 22053,"Jefferson Davis, LA",2022,932461.0
 22055,"Lafayette, LA",2022,17375651.0
 22057,"Lafourche, LA",2022,4991264.0
 22059,"LaSalle, LA",2022,564235.0
 22061,"Lincoln, LA",2022,2557025.0
 22063,"Livingston, LA",2022,3958654.0
 22065,"Madison, LA",2022,460788.0
 22067,"Morehouse, LA",2022,658111.0
 22069,"Natchitoches, LA",2022,2012759.0
 22071,"Orleans, LA",2022,28108831.0
 22073,"Ouachita, LA",2022,8335686.0
 22075,"Plaquemines, LA",2022,3462936.0
 22077,"Pointe Coupee, LA",2022,1003369.0
 22079,"Rapides, LA",2022,6875170.0
 22081,"Red River, LA",2022,1193697.0
 22083,"Richland, LA",2022,797706.0
 22085,"Sabine, LA",2022,1479236.0
 22087,"St. Bernard, LA",2022,1612900.0
 22089,"St. Charles, LA",2022,12195428.0
 22091,"St. Helena, LA",2022,235009.0
 22093,"St. James, LA",2022,3131388.0
 22095,"St. John the Baptist, LA",2022,3888025.0
 22097,"St. Landry, LA",2022,2913565.0
 22099,"St. Martin, LA",2022,1678562.0
 22101,"St. Mary, LA",2022,3249213.0
 22103,"St. Tammany, LA",2022,15446880.0
 22105,"Tangipahoa, LA",2022,5688836.0
 22107,"Tensas, LA",2022,147336.0
 22109,"Terrebonne, LA",2022,6133398.0
 22111,"Union, LA",2022,613046.0
 22113,"Vermilion, LA",2022,1644217.0
 22115,"Vernon, LA",2022,2427596.0
 22117,"Washington, LA",2022,1324812.0
 22119,"Webster, LA",2022,1365467.0
 22121,"West Baton Rouge, LA",2022,1984359.0
 22123,"West Carroll, LA",2022,218243.0
 22125,"West Feliciana, LA",2022,1216920.0
 22127,"Winn, LA",2022,688296.0
 23000,Maine,2022,86493350.0
 23001,"Androscoggin, ME",2022,6214350.0
 23003,"Aroostook, ME",2022,3244444.0
 23005,"Cumberland, ME",2022,29952629.0
 23007,"Franklin, ME",2022,1402109.0
 23009,"Hancock, ME",2022,3205644.0
 23011,"Kennebec, ME",2022,7438652.0
 23013,"Knox, ME",2022,2356236.0
 23015,"Lincoln, ME",2022,1598417.0
 23017,"Oxford, ME",2022,2273625.0
 23019,"Penobscot, ME",2022,8537540.0
 23021,"Piscataquis, ME",2022,784591.0
 23023,"Sagadahoc, ME",2022,2463298.0
 23025,"Somerset, ME",2022,2170828.0
 23027,"Waldo, ME",2022,1898185.0
 23029,"Washington, ME",2022,1317905.0
 23031,"York, ME",2022,11634899.0
 24000,Maryland,2022,484907570.0
 24001,"Allegany, MD",2022,3305132.0
 24003,"Anne Arundel, MD",2022,60442697.0
 24005,"Baltimore, MD",2022,65971376.0
 24009,"Calvert, MD",2022,5590177.0
 24011,"Caroline, MD",2022,1589591.0
 24013,"Carroll, MD",2022,7810311.0
 24015,"Cecil, MD",2022,6365200.0
 24017,"Charles, MD",2022,7287546.0
 24019,"Dorchester, MD",2022,1715375.0
 24021,"Frederick, MD",2022,17476516.0
 24023,"Garrett, MD",2022,1568210.0
 24025,"Harford, MD",2022,15902891.0
 24027,"Howard, MD",2022,32888012.0
 24029,"Kent, MD",2022,1181411.0
 24031,"Montgomery, MD",2022,106887789.0
 24033,"Prince George's, MD",2022,56649372.0
 24035,"Queen Anne's, MD",2022,2549968.0
 24037,"St. Mary's, MD",2022,9106973.0
 24039,"Somerset, MD",2022,1185846.0
 24041,"Talbot, MD",2022,2441596.0
 24043,"Washington, MD",2022,8628493.0
 24045,"Wicomico, MD",2022,6414211.0
 24047,"Worcester, MD",2022,3642252.0
 24510,"Baltimore (Independent City), MD",2022,58306626.0
 25000,Massachusetts,2022,695612060.0
 25001,"Barnstable, MA",2022,16850556.0
 25003,"Berkshire, MA",2022,8373381.0
 25005,"Bristol, MA",2022,32502754.0
 25007,"Dukes, MA",2022,1852111.0
 25009,"Essex, MA",2022,54829218.0
 25011,"Franklin, MA",2022,3352387.0
 25013,"Hampden, MA",2022,27478265.0
 25015,"Hampshire, MA",2022,9217154.0
 25017,"Middlesex, MA",2022,213829920.0
 25019,"Nantucket, MA",2022,1770961.0
 25021,"Norfolk, MA",2022,66913206.0
 25023,"Plymouth, MA",2022,32394657.0
 25025,"Suffolk, MA",2022,171250554.0
 25027,"Worcester, MA",2022,54996937.0
 26000,Michigan,2022,627009129.0
 26001,"Alcona, MI",2022,281227.0
 26003,"Alger, MI",2022,310074.0
 26005,"Allegan, MI",2022,5923636.0
 26007,"Alpena, MI",2022,1369723.0
 26009,"Antrim, MI",2022,751911.0
 26011,"Arenac, MI",2022,536912.0
 26013,"Baraga, MI",2022,345598.0
 26015,"Barry, MI",2022,2040622.0
 26017,"Bay, MI",2022,4538542.0
 26019,"Benzie, MI",2022,652717.0
 26021,"Berrien, MI",2022,9074076.0
 26023,"Branch, MI",2022,1760750.0
 26025,"Calhoun, MI",2022,7897845.0
 26027,"Cass, MI",2022,1599994.0
 26029,"Charlevoix, MI",2022,1553053.0
 26031,"Cheboygan, MI",2022,806992.0
 26033,"Chippewa, MI",2022,1449676.0
 26035,"Clare, MI",2022,1319841.0
 26037,"Clinton, MI",2022,2834511.0
 26039,"Crawford, MI",2022,567391.0
 26041,"Delta, MI",2022,1489263.0
 26043,"Dickinson, MI",2022,1681855.0
 26045,"Eaton, MI",2022,6587906.0
 26047,"Emmet, MI",2022,2235866.0
 26049,"Genesee, MI",2022,17895523.0
 26051,"Gladwin, MI",2022,564026.0
 26053,"Gogebic, MI",2022,586788.0
 26055,"Grand Traverse, MI",2022,6544678.0
 26057,"Gratiot, MI",2022,1881510.0
 26059,"Hillsdale, MI",2022,2006915.0
 26061,"Houghton, MI",2022,1407101.0
 26063,"Huron, MI",2022,1913514.0
 26065,"Ingham, MI",2022,21336194.0
 26067,"Ionia, MI",2022,1995993.0
 26069,"Iosco, MI",2022,1160535.0
 26071,"Iron, MI",2022,395057.0
 26073,"Isabella, MI",2022,3076003.0
 26075,"Jackson, MI",2022,8027527.0
 26077,"Kalamazoo, MI",2022,18918895.0
 26079,"Kalkaska, MI",2022,702742.0
 26081,"Kent, MI",2022,54275481.0
 26083,"Keweenaw, MI",2022,70590.0
 26085,"Lake, MI",2022,268240.0
 26087,"Lapeer, MI",2022,2763775.0
 26089,"Leelanau, MI",2022,979357.0
 26091,"Lenawee, MI",2022,3938601.0
 26093,"Livingston, MI",2022,8965018.0
 26095,"Luce, MI",2022,193757.0
 26097,"Mackinac, MI",2022,615154.0
 26099,"Macomb, MI",2022,47763981.0
 26101,"Manistee, MI",2022,1041953.0
 26103,"Marquette, MI",2022,3410845.0
 26105,"Mason, MI",2022,1255042.0
 26107,"Mecosta, MI",2022,1503926.0
 26109,"Menominee, MI",2022,881113.0
 26111,"Midland, MI",2022,7032957.0
 26113,"Missaukee, MI",2022,560521.0
 26115,"Monroe, MI",2022,7456452.0
 26117,"Montcalm, MI",2022,1975666.0
 26119,"Montmorency, MI",2022,299717.0
 26121,"Muskegon, MI",2022,7483302.0
 26123,"Newaygo, MI",2022,1837194.0
 26125,"Oakland, MI",2022,127676398.0
 26127,"Oceana, MI",2022,745948.0
 26129,"Ogemaw, MI",2022,682027.0
 26131,"Ontonagon, MI",2022,159825.0
 26133,"Osceola, MI",2022,954455.0
 26135,"Oscoda, MI",2022,281747.0
 26137,"Otsego, MI",2022,1385688.0
 26139,"Ottawa, MI",2022,18534763.0
 26141,"Presque Isle, MI",2022,458786.0
 26143,"Roscommon, MI",2022,707809.0
 26145,"Saginaw, MI",2022,10030320.0
 26147,"St. Clair, MI",2022,6910092.0
 26149,"St. Joseph, MI",2022,2555428.0
 26151,"Sanilac, MI",2022,1581188.0
 26153,"Schoolcraft, MI",2022,322442.0
 26155,"Shiawassee, MI",2022,2149884.0
 26157,"Tuscola, MI",2022,1676850.0
 26159,"Van Buren, MI",2022,3415489.0
 26161,"Washtenaw, MI",2022,30788836.0
 26163,"Wayne, MI",2022,113826763.0
 26165,"Wexford, MI",2022,1568767.0
 27000,Minnesota,2022,454992814.0
 27001,"Aitkin, MN",2022,573788.0
 27003,"Anoka, MN",2022,18757599.0
 27005,"Becker, MN",2022,1798059.0
 27007,"Beltrami, MN",2022,2238434.0
 27009,"Benton, MN",2022,2223329.0
 27011,"Big Stone, MN",2022,325869.0
 27013,"Blue Earth, MN",2022,4973377.0
 27015,"Brown, MN",2022,1766827.0
 27017,"Carlton, MN",2022,1728414.0
 27019,"Carver, MN",2022,6994494.0
 27021,"Cass, MN",2022,1266804.0
 27023,"Chippewa, MN",2022,737436.0
 27025,"Chisago, MN",2022,2026330.0
 27027,"Clay, MN",2022,2673786.0
 27029,"Clearwater, MN",2022,353793.0
 27031,"Cook, MN",2022,337631.0
 27033,"Cottonwood, MN",2022,892998.0
 27035,"Crow Wing, MN",2022,3550678.0
 27037,"Dakota, MN",2022,32781392.0
 27039,"Dodge, MN",2022,1017592.0
 27041,"Douglas, MN",2022,2518850.0
 27043,"Faribault, MN",2022,738457.0
 27045,"Fillmore, MN",2022,853289.0
 27047,"Freeborn, MN",2022,1646419.0
 27049,"Goodhue, MN",2022,3722749.0
 27051,"Grant, MN",2022,392867.0
 27053,"Hennepin, MN",2022,172612069.0
 27055,"Houston, MN",2022,705816.0
 27057,"Hubbard, MN",2022,870311.0
 27059,"Isanti, MN",2022,1397122.0
 27061,"Itasca, MN",2022,2598353.0
 27063,"Jackson, MN",2022,824581.0
 27065,"Kanabec, MN",2022,495194.0
 27067,"Kandiyohi, MN",2022,2785392.0
 27069,"Kittson, MN",2022,314032.0
 27071,"Koochiching, MN",2022,605200.0
 27073,"Lac qui Parle, MN",2022,438712.0
 27075,"Lake, MN",2022,599291.0
 27077,"Lake of the Woods, MN",2022,235107.0
 27079,"Le Sueur, MN",2022,1190258.0
 27081,"Lincoln, MN",2022,590738.0
 27083,"Lyon, MN",2022,1933761.0
 27085,"McLeod, MN",2022,2197208.0
 27087,"Mahnomen, MN",2022,244932.0
 27089,"Marshall, MN",2022,642956.0
 27091,"Martin, MN",2022,1406149.0
 27093,"Meeker, MN",2022,1413774.0
 27095,"Mille Lacs, MN",2022,1002932.0
 27097,"Morrison, MN",2022,1434341.0
 27099,"Mower, MN",2022,2632735.0
 27101,"Murray, MN",2022,621106.0
 27103,"Nicollet, MN",2022,1922836.0
 27105,"Nobles, MN",2022,1655714.0
 27107,"Norman, MN",2022,361190.0
 27109,"Olmsted, MN",2022,13857658.0
 27111,"Otter Tail, MN",2022,2993533.0
 27113,"Pennington, MN",2022,2512843.0
 27115,"Pine, MN",2022,856411.0
 27117,"Pipestone, MN",2022,868849.0
 27119,"Polk, MN",2022,1766826.0
 27121,"Pope, MN",2022,710431.0
 27123,"Ramsey, MN",2022,49534286.0
 27125,"Red Lake, MN",2022,252103.0
 27127,"Redwood, MN",2022,1271866.0
 27129,"Renville, MN",2022,1081904.0
 27131,"Rice, MN",2022,3475774.0
 27133,"Rock, MN",2022,784403.0
 27135,"Roseau, MN",2022,1509196.0
 27137,"St. Louis, MN",2022,12524257.0
 27139,"Scott, MN",2022,9298078.0
 27141,"Sherburne, MN",2022,4505754.0
 27143,"Sibley, MN",2022,607223.0
 27145,"Stearns, MN",2022,11238372.0
 27147,"Steele, MN",2022,2649716.0
 27149,"Stevens, MN",2022,800971.0
 27151,"Swift, MN",2022,757304.0
 27153,"Todd, MN",2022,1000761.0
 27155,"Traverse, MN",2022,329697.0
 27157,"Wabasha, MN",2022,965347.0
 27159,"Wadena, MN",2022,646220.0
 27161,"Waseca, MN",2022,1064023.0
 27163,"Washington, MN",2022,15506353.0
 27165,"Watonwan, MN",2022,594895.0
 27167,"Wilkin, MN",2022,457437.0
 27169,"Winona, MN",2022,2791134.0
 27171,"Wright, MN",2022,6423508.0
 27173,"Yellow Medicine, MN",2022,732613.0
 28000,Mississippi,2022,142762342.0
 28001,"Adams, MS",2022,1197385.0
 28003,"Alcorn, MS",2022,1524511.0
 28005,"Amite, MS",2022,422394.0
 28007,"Attala, MS",2022,670705.0
 28009,"Benton, MS",2022,390496.0
 28011,"Bolivar, MS",2022,1296511.0
 28013,"Calhoun, MS",2022,369206.0
 28015,"Carroll, MS",2022,126957.0
 28017,"Chickasaw, MS",2022,573839.0
 28019,"Choctaw, MS",2022,907600.0
 28021,"Claiborne, MS",2022,854844.0
 28023,"Clarke, MS",2022,334183.0
 28025,"Clay, MS",2022,668292.0
 28027,"Coahoma, MS",2022,835163.0
 28029,"Copiah, MS",2022,879875.0
 28031,"Covington, MS",2022,878601.0
 28033,"DeSoto, MS",2022,8498403.0
 28035,"Forrest, MS",2022,4404792.0
 28037,"Franklin, MS",2022,250728.0
 28039,"George, MS",2022,594632.0
 28041,"Greene, MS",2022,210645.0
 28043,"Grenada, MS",2022,1109219.0
 28045,"Hancock, MS",2022,2000507.0
 28047,"Harrison, MS",2022,11345881.0
 28049,"Hinds, MS",2022,14378141.0
 28051,"Holmes, MS",2022,319589.0
 28053,"Humphreys, MS",2022,232459.0
 28055,"Issaquena, MS",2022,33019.0
 28057,"Itawamba, MS",2022,694685.0
 28059,"Jackson, MS",2022,9433881.0
 28061,"Jasper, MS",2022,624311.0
 28063,"Jefferson, MS",2022,120838.0
 28065,"Jefferson Davis, MS",2022,218325.0
 28067,"Jones, MS",2022,3559361.0
 28069,"Kemper, MS",2022,401759.0
 28071,"Lafayette, MS",2022,2723100.0
 28073,"Lamar, MS",2022,2425870.0
 28075,"Lauderdale, MS",2022,4341997.0
 28077,"Lawrence, MS",2022,449654.0
 28079,"Leake, MS",2022,779849.0
 28081,"Lee, MS",2022,5936133.0
 28083,"Leflore, MS",2022,1483053.0
 28085,"Lincoln, MS",2022,1462628.0
 28087,"Lowndes, MS",2022,3659124.0
 28089,"Madison, MS",2022,8511978.0
 28091,"Marion, MS",2022,995926.0
 28093,"Marshall, MS",2022,992286.0
 28095,"Monroe, MS",2022,1187550.0
 28097,"Montgomery, MS",2022,241303.0
 28099,"Neshoba, MS",2022,1403677.0
 28101,"Newton, MS",2022,633637.0
 28103,"Noxubee, MS",2022,334163.0
 28105,"Oktibbeha, MS",2022,2220093.0
 28107,"Panola, MS",2022,1328002.0
 28109,"Pearl River, MS",2022,1337852.0
 28111,"Perry, MS",2022,394158.0
 28113,"Pike, MS",2022,1403508.0
 28115,"Pontotoc, MS",2022,1185642.0
 28117,"Prentiss, MS",2022,721897.0
 28119,"Quitman, MS",2022,135839.0
 28121,"Rankin, MS",2022,9002026.0
 28123,"Scott, MS",2022,1298722.0
 28125,"Sharkey, MS",2022,129767.0
 28127,"Simpson, MS",2022,789885.0
 28129,"Smith, MS",2022,550628.0
 28131,"Stone, MS",2022,520891.0
 28133,"Sunflower, MS",2022,856697.0
 28135,"Tallahatchie, MS",2022,381021.0
 28137,"Tate, MS",2022,675204.0
 28139,"Tippah, MS",2022,827795.0
 28141,"Tishomingo, MS",2022,701873.0
 28143,"Tunica, MS",2022,693875.0
 28145,"Union, MS",2022,1323064.0
 28147,"Walthall, MS",2022,358402.0
 28149,"Warren, MS",2022,3204797.0
 28151,"Washington, MS",2022,1731431.0
 28153,"Wayne, MS",2022,805416.0
 28155,"Webster, MS",2022,237329.0
 28157,"Wilkinson, MS",2022,187647.0
 28159,"Winston, MS",2022,627650.0
 28161,"Yalobusha, MS",2022,343934.0
 28163,"Yazoo, MS",2022,863636.0
 29000,Missouri,2022,400265064.0
 29001,"Adair, MO",2022,966683.0
 29003,"Andrew, MO",2022,387180.0
 29005,"Atchison, MO",2022,530008.0
 29007,"Audrain, MO",2022,1087308.0
 29009,"Barry, MO",2022,1979932.0
 29011,"Barton, MO",2022,530820.0
 29013,"Bates, MO",2022,549414.0
 29015,"Benton, MO",2022,557218.0
 29017,"Bollinger, MO",2022,213191.0
 29019,"Boone, MO",2022,11723318.0
 29021,"Buchanan, MO",2022,5916540.0
 29023,"Butler, MO",2022,1845568.0
 29025,"Caldwell, MO",2022,279874.0
 29027,"Callaway, MO",2022,2287804.0
 29029,"Camden, MO",2022,2023054.0
 29031,"Cape Girardeau, MO",2022,4964708.0
 29033,"Carroll, MO",2022,439362.0
 29035,"Carter, MO",2022,151927.0
 29037,"Cass, MO",2022,3670121.0
 29039,"Cedar, MO",2022,374166.0
 29041,"Chariton, MO",2022,367755.0
 29043,"Christian, MO",2022,2344778.0
 29045,"Clark, MO",2022,210374.0
 29047,"Clay, MO",2022,15439645.0
 29049,"Clinton, MO",2022,518381.0
 29051,"Cole, MO",2022,6502738.0
 29053,"Cooper, MO",2022,594036.0
 29055,"Crawford, MO",2022,862973.0
 29057,"Dade, MO",2022,248396.0
 29059,"Dallas, MO",2022,353901.0
 29061,"Daviess, MO",2022,213263.0
 29063,"DeKalb, MO",2022,412835.0
 29065,"Dent, MO",2022,439923.0
 29067,"Douglas, MO",2022,263728.0
 29069,"Dunklin, MO",2022,963408.0
 29071,"Franklin, MO",2022,5922803.0
 29073,"Gasconade, MO",2022,560899.0
 29075,"Gentry, MO",2022,265299.0
 29077,"Greene, MO",2022,21773402.0
 29079,"Grundy, MO",2022,356967.0
 29081,"Harrison, MO",2022,314421.0
 29083,"Henry, MO",2022,925402.0
 29085,"Hickory, MO",2022,201871.0
 29087,"Holt, MO",2022,263409.0
 29089,"Howard, MO",2022,291188.0
 29091,"Howell, MO",2022,1574177.0
 29093,"Iron, MO",2022,465647.0
 29095,"Jackson, MO",2022,57782501.0
 29097,"Jasper, MO",2022,6645623.0
 29099,"Jefferson, MO",2022,6399689.0
 29101,"Johnson, MO",2022,2321116.0
 29103,"Knox, MO",2022,159221.0
 29105,"Laclede, MO",2022,1846194.0
 29107,"Lafayette, MO",2022,1077096.0
 29109,"Lawrence, MO",2022,1194272.0
 29111,"Lewis, MO",2022,302263.0
 29113,"Lincoln, MO",2022,1605952.0
 29115,"Linn, MO",2022,484540.0
 29117,"Livingston, MO",2022,709640.0
 29119,"McDonald, MO",2022,980374.0
 29121,"Macon, MO",2022,727219.0
 29123,"Madison, MO",2022,337828.0
 29125,"Maries, MO",2022,213804.0
 29127,"Marion, MO",2022,1492108.0
 29129,"Mercer, MO",2022,122402.0
 29131,"Miller, MO",2022,881139.0
 29133,"Mississippi, MO",2022,450425.0
 29135,"Moniteau, MO",2022,577564.0
 29137,"Monroe, MO",2022,256077.0
 29139,"Montgomery, MO",2022,456378.0
 29141,"Morgan, MO",2022,768523.0
 29143,"New Madrid, MO",2022,1482966.0
 29145,"Newton, MO",2022,2715158.0
 29147,"Nodaway, MO",2022,922954.0
 29149,"Oregon, MO",2022,239793.0
 29151,"Osage, MO",2022,520014.0
 29153,"Ozark, MO",2022,174803.0
 29155,"Pemiscot, MO",2022,587894.0
 29157,"Perry, MO",2022,1116400.0
 29159,"Pettis, MO",2022,2505017.0
 29161,"Phelps, MO",2022,1936342.0
 29163,"Pike, MO",2022,651075.0
 29165,"Platte, MO",2022,9095512.0
 29167,"Polk, MO",2022,1057721.0
 29169,"Pulaski, MO",2022,2618490.0
 29171,"Putnam, MO",2022,145929.0
 29173,"Ralls, MO",2022,703258.0
 29175,"Randolph, MO",2022,1611620.0
 29177,"Ray, MO",2022,606503.0
 29179,"Reynolds, MO",2022,276622.0
 29181,"Ripley, MO",2022,266087.0
 29183,"St. Charles, MO",2022,22751980.0
 29185,"St. Clair, MO",2022,215934.0
 29186,"Ste. Genevieve, MO",2022,819733.0
 29187,"St. Francois, MO",2022,2096605.0
 29189,"St. Louis, MO",2022,103164872.0
 29195,"Saline, MO",2022,1197716.0
 29197,"Schuyler, MO",2022,162323.0
 29199,"Scotland, MO",2022,213442.0
 29201,"Scott, MO",2022,2061444.0
 29203,"Shannon, MO",2022,171358.0
 29205,"Shelby, MO",2022,230490.0
 29207,"Stoddard, MO",2022,1393700.0
 29209,"Stone, MO",2022,964395.0
 29211,"Sullivan, MO",2022,458777.0
 29213,"Taney, MO",2022,3283835.0
 29215,"Texas, MO",2022,652010.0
 29217,"Vernon, MO",2022,1043176.0
 29219,"Warren, MO",2022,1053443.0
 29221,"Washington, MO",2022,496353.0
 29223,"Wayne, MO",2022,249309.0
 29225,"Webster, MO",2022,1055694.0
 29227,"Worth, MO",2022,57867.0
 29229,"Wright, MO",2022,525808.0
 29510,"St. Louis (Independent City), MO",2022,35788874.0
 30000,Montana,2022,68701970.0
 30001,"Beaverhead, MT",2022,552356.0
 30003,"Big Horn, MT",2022,1230255.0
 30005,"Blaine, MT",2022,253907.0
 30007,"Broadwater, MT",2022,248492.0
 30009,"Carbon, MT",2022,443038.0
 30011,"Carter, MT",2022,55011.0
 30013,"Cascade, MT",2022,5028289.0
 30015,"Chouteau, MT",2022,391801.0
 30017,"Custer, MT",2022,620841.0
 30019,"Daniels, MT",2022,136711.0
 30021,"Dawson, MT",2022,513628.0
 30023,"Deer Lodge, MT",2022,375735.0
 30025,"Fallon, MT",2022,256964.0
 30027,"Fergus, MT",2022,646049.0
 30029,"Flathead, MT",2022,6157506.0
 30031,"Gallatin, MT",2022,9628476.0
 30033,"Garfield, MT",2022,67818.0
 30035,"Glacier, MT",2022,581706.0
 30037,"Golden Valley, MT",2022,34273.0
 30039,"Granite, MT",2022,135517.0
 30041,"Hill, MT",2022,964811.0
 30043,"Jefferson, MT",2022,313402.0
 30045,"Judith Basin, MT",2022,128406.0
 30047,"Lake, MT",2022,1078138.0
 30049,"Lewis and Clark, MT",2022,4685336.0
 30051,"Liberty, MT",2022,321883.0
 30053,"Lincoln, MT",2022,771260.0
 30055,"McCone, MT",2022,129856.0
 30057,"Madison, MT",2022,722742.0
 30059,"Meagher, MT",2022,79454.0
 30061,"Mineral, MT",2022,134703.0
 30063,"Missoula, MT",2022,7541119.0
 30065,"Musselshell, MT",2022,503307.0
 30067,"Park, MT",2022,758997.0
 30069,"Petroleum, MT",2022,20074.0
 30071,"Phillips, MT",2022,191573.0
 30073,"Pondera, MT",2022,329294.0
 30075,"Powder River, MT",2022,254369.0
 30077,"Powell, MT",2022,277346.0
 30079,"Prairie, MT",2022,52157.0
 30081,"Ravalli, MT",2022,1566162.0
 30083,"Richland, MT",2022,1151262.0
 30085,"Roosevelt, MT",2022,547974.0
 30087,"Rosebud, MT",2022,1016217.0
 30089,"Sanders, MT",2022,468800.0
 30091,"Sheridan, MT",2022,223508.0
 30093,"Silver Bow, MT",2022,1964250.0
 30095,"Stillwater, MT",2022,824076.0
 30097,"Sweet Grass, MT",2022,300975.0
 30099,"Teton, MT",2022,341652.0
 30101,"Toole, MT",2022,476581.0
 30103,"Treasure, MT",2022,94390.0
 30105,"Valley, MT",2022,448518.0
 30107,"Wheatland, MT",2022,114054.0
 30109,"Wibaux, MT",2022,57832.0
 30111,"Yellowstone, MT",2022,12489119.0
 31000,Nebraska,2022,167480244.0
 31001,"Adams, NE",2022,2517246.0
 31003,"Antelope, NE",2022,783642.0
 31005,"Arthur, NE",2022,17278.0
 31007,"Banner, NE",2022,52500.0
 31009,"Blaine, NE",2022,28479.0
 31011,"Boone, NE",2022,560548.0
 31013,"Box Butte, NE",2022,679463.0
 31015,"Boyd, NE",2022,166943.0
 31017,"Brown, NE",2022,223301.0
 31019,"Buffalo, NE",2022,4142704.0
 31021,"Burt, NE",2022,395376.0
 31023,"Butler, NE",2022,513554.0
 31025,"Cass, NE",2022,1052708.0
 31027,"Cedar, NE",2022,590037.0
 31029,"Chase, NE",2022,451386.0
 31031,"Cherry, NE",2022,334681.0
 31033,"Cheyenne, NE",2022,679601.0
 31035,"Clay, NE",2022,447986.0
 31037,"Colfax, NE",2022,939945.0
 31039,"Cuming, NE",2022,950222.0
 31041,"Custer, NE",2022,839035.0
 31043,"Dakota, NE",2022,2166652.0
 31045,"Dawes, NE",2022,329123.0
 31047,"Dawson, NE",2022,1963985.0
 31049,"Deuel, NE",2022,135038.0
 31051,"Dixon, NE",2022,452271.0
 31053,"Dodge, NE",2022,2835773.0
 31055,"Douglas, NE",2022,63904457.0
 31057,"Dundy, NE",2022,233454.0
 31059,"Fillmore, NE",2022,512424.0
 31061,"Franklin, NE",2022,129329.0
 31063,"Frontier, NE",2022,163264.0
 31065,"Furnas, NE",2022,370300.0
 31067,"Gage, NE",2022,1385539.0
 31069,"Garden, NE",2022,99261.0
 31071,"Garfield, NE",2022,95008.0
 31073,"Gosper, NE",2022,124830.0
 31075,"Grant, NE",2022,28223.0
 31077,"Greeley, NE",2022,151661.0
 31079,"Hall, NE",2022,4658040.0
 31081,"Hamilton, NE",2022,878032.0
 31083,"Harlan, NE",2022,223385.0
 31085,"Hayes, NE",2022,135183.0
 31087,"Hitchcock, NE",2022,239525.0
 31089,"Holt, NE",2022,856831.0
 31091,"Hooker, NE",2022,34870.0
 31093,"Howard, NE",2022,287386.0
 31095,"Jefferson, NE",2022,578283.0
 31097,"Johnson, NE",2022,257486.0
 31099,"Kearney, NE",2022,481281.0
 31101,"Keith, NE",2022,508962.0
 31103,"Keya Paha, NE",2022,44288.0
 31105,"Kimball, NE",2022,249793.0
 31107,"Knox, NE",2022,790637.0
 31109,"Lancaster, NE",2022,24915897.0
 31111,"Lincoln, NE",2022,2903226.0
 31113,"Logan, NE",2022,33778.0
 31115,"Loup, NE",2022,34640.0
 31117,"McPherson, NE",2022,24086.0
 31119,"Madison, NE",2022,2922609.0
 31121,"Merrick, NE",2022,487404.0
 31123,"Morrill, NE",2022,390394.0
 31125,"Nance, NE",2022,195237.0
 31127,"Nemaha, NE",2022,912829.0
 31129,"Nuckolls, NE",2022,354284.0
 31131,"Otoe, NE",2022,1689295.0
 31133,"Pawnee, NE",2022,155242.0
 31135,"Perkins, NE",2022,509000.0
 31137,"Phelps, NE",2022,968185.0
 31139,"Pierce, NE",2022,568550.0
 31141,"Platte, NE",2022,3386878.0
 31143,"Polk, NE",2022,399934.0
 31145,"Red Willow, NE",2022,710919.0
 31147,"Richardson, NE",2022,475132.0
 31149,"Rock, NE",2022,104240.0
 31151,"Saline, NE",2022,1174464.0
 31153,"Sarpy, NE",2022,11843435.0
 31155,"Saunders, NE",2022,987912.0
 31157,"Scotts Bluff, NE",2022,2078757.0
 31159,"Seward, NE",2022,977680.0
 31161,"Sheridan, NE",2022,365803.0
 31163,"Sherman, NE",2022,153594.0
 31165,"Sioux, NE",2022,84634.0
 31167,"Stanton, NE",2022,433740.0
 31169,"Thayer, NE",2022,516751.0
 31171,"Thomas, NE",2022,39932.0
 31173,"Thurston, NE",2022,546557.0
 31175,"Valley, NE",2022,365871.0
 31177,"Washington, NE",2022,1688270.0
 31179,"Wayne, NE",2022,772008.0
 31181,"Webster, NE",2022,362114.0
 31183,"Wheeler, NE",2022,95955.0
 31185,"York, NE",2022,1179803.0
 32000,Nevada,2022,227320591.0
 32001,"Churchill, NV",2022,1446556.0
 32003,"Clark, NV",2022,164029159.0
 32005,"Douglas, NV",2022,3288886.0
 32007,"Elko, NV",2022,3372050.0
 32009,"Esmeralda, NV",2022,51793.0
 32011,"Eureka, NV",2022,1647814.0
 32013,"Humboldt, NV",2022,1714942.0
 32015,"Lander, NV",2022,1067576.0
 32017,"Lincoln, NV",2022,196463.0
 32019,"Lyon, NV",2022,2174416.0
 32021,"Mineral, NV",2022,267104.0
 32023,"Nye, NV",2022,2227956.0
 32027,"Pershing, NV",2022,435054.0
 32029,"Storey, NV",2022,2783249.0
 32031,"Washoe, NV",2022,37378917.0
 32033,"White Pine, NV",2022,856329.0
 32510,"Carson City (Independent City), NV",2022,4382327.0
 33000,New Hampshire,2022,106488014.0
 33001,"Belknap, NH",2022,3591018.0
 33003,"Carroll, NH",2022,2856655.0
 33005,"Cheshire, NH",2022,4674913.0
 33007,"Coos, NH",2022,1598784.0
 33009,"Grafton, NH",2022,8644096.0
 33011,"Hillsborough, NH",2022,34499830.0
 33013,"Merrimack, NH",2022,12157411.0
 33015,"Rockingham, NH",2022,29339562.0
 33017,"Strafford, NH",2022,7205686.0
 33019,"Sullivan, NH",2022,1920059.0
 34000,New Jersey,2022,758288749.0
 34001,"Atlantic, NJ",2022,17304483.0
 34003,"Bergen, NJ",2022,95915091.0
 34005,"Burlington, NJ",2022,36235769.0
 34007,"Camden, NJ",2022,30690146.0
 34009,"Cape May, NJ",2022,7040753.0
 34011,"Cumberland, NJ",2022,7748472.0
 34013,"Essex, NJ",2022,66257790.0
 34015,"Gloucester, NJ",2022,17220266.0
 34017,"Hudson, NJ",2022,59047764.0
 34019,"Hunterdon, NJ",2022,8930345.0
 34021,"Mercer, NJ",2022,50364581.0
 34023,"Middlesex, NJ",2022,78803130.0
 34025,"Monmouth, NJ",2022,47033562.0
 34027,"Morris, NJ",2022,68302659.0
 34029,"Ocean, NJ",2022,27813157.0
 34031,"Passaic, NJ",2022,25749825.0
 34033,"Salem, NJ",2022,6836582.0
 34035,"Somerset, NJ",2022,49670701.0
 34037,"Sussex, NJ",2022,6201144.0
 34039,"Union, NJ",2022,46048147.0
 34041,"Warren, NJ",2022,5074382.0
 35000,New Mexico,2022,128138768.0
 35001,"Bernalillo, NM",2022,47669704.0
 35003,"Catron, NM",2022,135990.0
 35005,"Chaves, NM",2022,2579793.0
 35006,"Cibola, NM",2022,718530.0
 35007,"Colfax, NM",2022,553223.0
 35009,"Curry, NM",2022,3901646.0
 35011,"De Baca, NM",2022,99778.0
 35013,"Doña Ana, NM",2022,9640797.0
 35015,"Eddy, NM",2022,10150676.0
 35017,"Grant, NM",2022,1545970.0
 35019,"Guadalupe, NM",2022,216923.0
 35021,"Harding, NM",2022,70469.0
 35023,"Hidalgo, NM",2022,234177.0
 35025,"Lea, NM",2022,10738558.0
 35027,"Lincoln, NM",2022,775289.0
 35028,"Los Alamos, NM",2022,2973481.0
 35029,"Luna, NM",2022,1064209.0
 35031,"McKinley, NM",2022,2673919.0
 35033,"Mora, NM",2022,121753.0
 35035,"Otero, NM",2022,3423019.0
 35037,"Quay, NM",2022,380603.0
 35039,"Rio Arriba, NM",2022,1304968.0
 35041,"Roosevelt, NM",2022,937063.0
 35043,"Sandoval, NM",2022,4874900.0
 35045,"San Juan, NM",2022,6673186.0
 35047,"San Miguel, NM",2022,777744.0
 35049,"Santa Fe, NM",2022,8703754.0
 35051,"Sierra, NM",2022,379335.0
 35053,"Socorro, NM",2022,604749.0
 35055,"Taos, NM",2022,1259724.0
 35057,"Torrance, NM",2022,699725.0
 35059,"Union, NM",2022,212883.0
 35061,"Valencia, NM",2022,2042227.0
 36000,New York,2022,2052758842.0
 36001,"Albany, NY",2022,40557893.0
 36003,"Allegany, NY",2022,1666173.0
 36005,"Bronx, NY",2022,51299970.0
 36007,"Broome, NY",2022,10522931.0
 36009,"Cattaraugus, NY",2022,3407681.0
 36011,"Cayuga, NY",2022,3666333.0
 36013,"Chautauqua, NY",2022,5652893.0
 36015,"Chemung, NY",2022,4309689.0
 36017,"Chenango, NY",2022,2579413.0
 36019,"Clinton, NY",2022,4457637.0
 36021,"Columbia, NY",2022,3133048.0
 36023,"Cortland, NY",2022,2201663.0
 36025,"Delaware, NY",2022,2613496.0
 36027,"Dutchess, NY",2022,17598087.0
 36029,"Erie, NY",2022,71884109.0
 36031,"Essex, NY",2022,1996076.0
 36033,"Franklin, NY",2022,2384934.0
 36035,"Fulton, NY",2022,2211353.0
 36037,"Genesee, NY",2022,3055937.0
 36039,"Greene, NY",2022,3366552.0
 36041,"Hamilton, NY",2022,271729.0
 36043,"Herkimer, NY",2022,2106455.0
 36045,"Jefferson, NY",2022,7651747.0
 36047,"Kings, NY",2022,125087518.0
 36049,"Lewis, NY",2022,1469124.0
 36051,"Livingston, NY",2022,2708442.0
 36053,"Madison, NY",2022,2853068.0
 36055,"Monroe, NY",2022,56504201.0
 36057,"Montgomery, NY",2022,2383580.0
 36059,"Nassau, NY",2022,119620746.0
 36061,"New York, NY",2022,895498298.0
 36063,"Niagara, NY",2022,12278496.0
 36065,"Oneida, NY",2022,13105718.0
 36067,"Onondaga, NY",2022,37539059.0
 36069,"Ontario, NY",2022,7680524.0
 36071,"Orange, NY",2022,24583070.0
 36073,"Orleans, NY",2022,1656901.0
 36075,"Oswego, NY",2022,8563867.0
 36077,"Otsego, NY",2022,3085601.0
 36079,"Putnam, NY",2022,4624011.0
 36081,"Queens, NY",2022,123146494.0
 36083,"Rensselaer, NY",2022,13092486.0
 36085,"Richmond, NY",2022,20812909.0
 36087,"Rockland, NY",2022,21798175.0
 36089,"St. Lawrence, NY",2022,5935591.0
 36091,"Saratoga, NY",2022,14415578.0
 36093,"Schenectady, NY",2022,10188261.0
 36095,"Schoharie, NY",2022,1222965.0
 36097,"Schuyler, NY",2022,643610.0
 36099,"Seneca, NY",2022,1878192.0
 36101,"Steuben, NY",2022,5426925.0
 36103,"Suffolk, NY",2022,124201892.0
 36105,"Sullivan, NY",2022,3849263.0
 36107,"Tioga, NY",2022,1734935.0
 36109,"Tompkins, NY",2022,7043792.0
 36111,"Ulster, NY",2022,9176969.0
 36113,"Warren, NY",2022,5747679.0
 36115,"Washington, NY",2022,2445533.0
 36117,"Wayne, NY",2022,4749965.0
 36119,"Westchester, NY",2022,103899669.0
 36121,"Wyoming, NY",2022,2255518.0
 36123,"Yates, NY",2022,1254418.0
 37000,North Carolina,2022,728498665.0
 37001,"Alamance, NC",2022,7921983.0
 37003,"Alexander, NC",2022,1135969.0
 37005,"Alleghany, NC",2022,380377.0
 37007,"Anson, NC",2022,1128790.0
 37009,"Ashe, NC",2022,929378.0
 37011,"Avery, NC",2022,769437.0
 37013,"Beaufort, NC",2022,2159196.0
 37015,"Bertie, NC",2022,784799.0
 37017,"Bladen, NC",2022,1790879.0
 37019,"Brunswick, NC",2022,6969866.0
 37021,"Buncombe, NC",2022,18444145.0
 37023,"Burke, NC",2022,3236355.0
 37025,"Cabarrus, NC",2022,10517905.0
 37027,"Caldwell, NC",2022,2983848.0
 37029,"Camden, NC",2022,205596.0
 37031,"Carteret, NC",2022,3137886.0
 37033,"Caswell, NC",2022,408651.0
 37035,"Catawba, NC",2022,11382970.0
 37037,"Chatham, NC",2022,2426885.0
 37039,"Cherokee, NC",2022,1008816.0
 37041,"Chowan, NC",2022,654495.0
 37043,"Clay, NC",2022,277329.0
 37045,"Cleveland, NC",2022,5336226.0
 37047,"Columbus, NC",2022,1832474.0
 37049,"Craven, NC",2022,6052084.0
 37051,"Cumberland, NC",2022,21587912.0
 37053,"Currituck, NC",2022,1028136.0
 37055,"Dare, NC",2022,2892815.0
 37057,"Davidson, NC",2022,6318211.0
 37059,"Davie, NC",2022,1700153.0
 37061,"Duplin, NC",2022,2860568.0
 37063,"Durham, NC",2022,45070507.0
 37065,"Edgecombe, NC",2022,1907894.0
 37067,"Forsyth, NC",2022,30855927.0
 37069,"Franklin, NC",2022,2413730.0
 37071,"Gaston, NC",2022,9698387.0
 37073,"Gates, NC",2022,251180.0
 37075,"Graham, NC",2022,281424.0
 37077,"Granville, NC",2022,4256615.0
 37079,"Greene, NC",2022,577956.0
 37081,"Guilford, NC",2022,41289769.0
 37083,"Halifax, NC",2022,1730206.0
 37085,"Harnett, NC",2022,3396721.0
 37087,"Haywood, NC",2022,2325969.0
 37089,"Henderson, NC",2022,5261079.0
 37091,"Hertford, NC",2022,1009232.0
 37093,"Hoke, NC",2022,1456544.0
 37095,"Hyde, NC",2022,222453.0
 37097,"Iredell, NC",2022,12302764.0
 37099,"Jackson, NC",2022,1986770.0
 37101,"Johnston, NC",2022,9627883.0
 37103,"Jones, NC",2022,322397.0
 37105,"Lee, NC",2022,3387102.0
 37107,"Lenoir, NC",2022,3354073.0
 37109,"Lincoln, NC",2022,3947583.0
 37111,"McDowell, NC",2022,2419395.0
 37113,"Macon, NC",2022,1885535.0
 37115,"Madison, NC",2022,517857.0
 37117,"Martin, NC",2022,729590.0
 37119,"Mecklenburg, NC",2022,154736435.0
 37121,"Mitchell, NC",2022,642453.0
 37123,"Montgomery, NC",2022,1400982.0
 37125,"Moore, NC",2022,5002040.0
 37127,"Nash, NC",2022,6228118.0
 37129,"New Hanover, NC",2022,18056974.0
 37131,"Northampton, NC",2022,675856.0
 37133,"Onslow, NC",2022,11013766.0
 37135,"Orange, NC",2022,11311587.0
 37137,"Pamlico, NC",2022,351652.0
 37139,"Pasquotank, NC",2022,1975336.0
 37141,"Pender, NC",2022,2203329.0
 37143,"Perquimans, NC",2022,377950.0
 37145,"Person, NC",2022,1776024.0
 37147,"Pitt, NC",2022,10952953.0
 37149,"Polk, NC",2022,631677.0
 37151,"Randolph, NC",2022,5226068.0
 37153,"Richmond, NC",2022,2533311.0
 37155,"Robeson, NC",2022,4660564.0
 37157,"Rockingham, NC",2022,3490525.0
 37159,"Rowan, NC",2022,7085375.0
 37161,"Rutherford, NC",2022,2240837.0
 37163,"Sampson, NC",2022,2534497.0
 37165,"Scotland, NC",2022,1410964.0
 37167,"Stanly, NC",2022,2341623.0
 37169,"Stokes, NC",2022,1567817.0
 37171,"Surry, NC",2022,3208495.0
 37173,"Swain, NC",2022,832343.0
 37175,"Transylvania, NC",2022,1993736.0
 37177,"Tyrrell, NC",2022,132207.0
 37179,"Union, NC",2022,11107745.0
 37181,"Vance, NC",2022,1495781.0
 37183,"Wake, NC",2022,109524200.0
 37185,"Warren, NC",2022,366168.0
 37187,"Washington, NC",2022,329015.0
 37189,"Watauga, NC",2022,2814739.0
 37191,"Wayne, NC",2022,6146368.0
 37193,"Wilkes, NC",2022,3078111.0
 37195,"Wilson, NC",2022,4618394.0
 37197,"Yadkin, NC",2022,1169743.0
 37199,"Yancey, NC",2022,502238.0
 38000,North Dakota,2022,73780050.0
 38001,"Adams, ND",2022,119238.0
 38003,"Barnes, ND",2022,860311.0
 38005,"Benson, ND",2022,396348.0
 38007,"Billings, ND",2022,179815.0
 38009,"Bottineau, ND",2022,630994.0
 38011,"Bowman, ND",2022,278578.0
 38013,"Burke, ND",2022,329986.0
 38015,"Burleigh, ND",2022,6833499.0
 38017,"Cass, ND",2022,16275310.0
 38019,"Cavalier, ND",2022,607334.0
 38021,"Dickey, ND",2022,485576.0
 38023,"Divide, ND",2022,276920.0
 38025,"Dunn, ND",2022,2344875.0
 38027,"Eddy, ND",2022,181924.0
 38029,"Emmons, ND",2022,310240.0
 38031,"Foster, ND",2022,357990.0
 38033,"Golden Valley, ND",2022,97149.0
 38035,"Grand Forks, ND",2022,4876543.0
 38037,"Grant, ND",2022,125656.0
 38039,"Griggs, ND",2022,222605.0
 38041,"Hettinger, ND",2022,129129.0
 38043,"Kidder, ND",2022,177688.0
 38045,"LaMoure, ND",2022,385770.0
 38047,"Logan, ND",2022,161935.0
 38049,"McHenry, ND",2022,365419.0
 38051,"McIntosh, ND",2022,198656.0
 38053,"McKenzie, ND",2022,5179866.0
 38055,"McLean, ND",2022,1067509.0
 38057,"Mercer, ND",2022,1162244.0
 38059,"Morton, ND",2022,1809232.0
 38061,"Mountrail, ND",2022,2710674.0
 38063,"Nelson, ND",2022,241182.0
 38065,"Oliver, ND",2022,310101.0
 38067,"Pembina, ND",2022,655430.0
 38069,"Pierce, ND",2022,332880.0
 38071,"Ramsey, ND",2022,848950.0
 38073,"Ransom, ND",2022,376501.0
 38075,"Renville, ND",2022,278233.0
 38077,"Richland, ND",2022,1135108.0
 38079,"Rolette, ND",2022,498377.0
 38081,"Sargent, ND",2022,1181347.0
 38083,"Sheridan, ND",2022,127235.0
 38085,"Sioux, ND",2022,153379.0
 38087,"Slope, ND",2022,30734.0
 38089,"Stark, ND",2022,3113643.0
 38091,"Steele, ND",2022,243738.0
 38093,"Stutsman, ND",2022,1681201.0
 38095,"Towner, ND",2022,317512.0
 38097,"Traill, ND",2022,610121.0
 38099,"Walsh, ND",2022,823999.0
 38101,"Ward, ND",2022,4586206.0
 38103,"Wells, ND",2022,464213.0
 38105,"Williams, ND",2022,6630948.0
 39000,Ohio,2022,832660719.0
 39001,"Adams, OH",2022,879516.0
 39003,"Allen, OH",2022,11496300.0
 39005,"Ashland, OH",2022,2226041.0
 39007,"Ashtabula, OH",2022,3948292.0
 39009,"Athens, OH",2022,2461866.0
 39011,"Auglaize, OH",2022,3016717.0
 39013,"Belmont, OH",2022,3687502.0
 39015,"Brown, OH",2022,1116865.0
 39017,"Butler, OH",2022,26319287.0
 39019,"Carroll, OH",2022,1560673.0
 39021,"Champaign, OH",2022,1496151.0
 39023,"Clark, OH",2022,5568970.0
 39025,"Clermont, OH",2022,9496145.0
 39027,"Clinton, OH",2022,2952238.0
 39029,"Columbiana, OH",2022,4316517.0
 39031,"Coshocton, OH",2022,1562321.0
 39033,"Crawford, OH",2022,1625384.0
 39035,"Cuyahoga, OH",2022,121815175.0
 39037,"Darke, OH",2022,2741627.0
 39039,"Defiance, OH",2022,2103438.0
 39041,"Delaware, OH",2022,16275024.0
 39043,"Erie, OH",2022,5412654.0
 39045,"Fairfield, OH",2022,5959150.0
 39047,"Fayette, OH",2022,2106882.0
 39049,"Franklin, OH",2022,125740876.0
 39051,"Fulton, OH",2022,2524711.0
 39053,"Gallia, OH",2022,2412621.0
 39055,"Geauga, OH",2022,5191591.0
 39057,"Greene, OH",2022,12363355.0
 39059,"Guernsey, OH",2022,2524695.0
 39061,"Hamilton, OH",2022,97654353.0
 39063,"Hancock, OH",2022,6729554.0
 39065,"Hardin, OH",2022,1174195.0
 39067,"Harrison, OH",2022,1423212.0
 39069,"Henry, OH",2022,1495310.0
 39071,"Highland, OH",2022,1652748.0
 39073,"Hocking, OH",2022,758179.0
 39075,"Holmes, OH",2022,3298960.0
 39077,"Huron, OH",2022,2787478.0
 39079,"Jackson, OH",2022,1166715.0
 39081,"Jefferson, OH",2022,5234250.0
 39083,"Knox, OH",2022,2674874.0
 39085,"Lake, OH",2022,14118155.0
 39087,"Lawrence, OH",2022,2221918.0
 39089,"Licking, OH",2022,9469750.0
 39091,"Logan, OH",2022,2480832.0
 39093,"Lorain, OH",2022,13172787.0
 39095,"Lucas, OH",2022,32501812.0
 39097,"Madison, OH",2022,2507700.0
 39099,"Mahoning, OH",2022,11221537.0
 39101,"Marion, OH",2022,3254981.0
 39103,"Medina, OH",2022,9620407.0
 39105,"Meigs, OH",2022,466653.0
 39107,"Mercer, OH",2022,2990730.0
 39109,"Miami, OH",2022,5624060.0
 39111,"Monroe, OH",2022,1468606.0
 39113,"Montgomery, OH",2022,35479097.0
 39115,"Morgan, OH",2022,463163.0
 39117,"Morrow, OH",2022,795359.0
 39119,"Muskingum, OH",2022,4880613.0
 39121,"Noble, OH",2022,541436.0
 39123,"Ottawa, OH",2022,2440828.0
 39125,"Paulding, OH",2022,759339.0
 39127,"Perry, OH",2022,873251.0
 39129,"Pickaway, OH",2022,2514491.0
 39131,"Pike, OH",2022,1385300.0
 39133,"Portage, OH",2022,7943759.0
 39135,"Preble, OH",2022,1509309.0
 39137,"Putnam, OH",2022,1618818.0
 39139,"Richland, OH",2022,5512280.0
 39141,"Ross, OH",2022,3531122.0
 39143,"Sandusky, OH",2022,3671251.0
 39145,"Scioto, OH",2022,3503634.0
 39147,"Seneca, OH",2022,2515015.0
 39149,"Shelby, OH",2022,3796133.0
 39151,"Stark, OH",2022,21640942.0
 39153,"Summit, OH",2022,36595634.0
 39155,"Trumbull, OH",2022,8549172.0
 39157,"Tuscarawas, OH",2022,4642339.0
 39159,"Union, OH",2022,5502256.0
 39161,"Van Wert, OH",2022,1672546.0
 39163,"Vinton, OH",2022,446813.0
 39165,"Warren, OH",2022,16546674.0
 39167,"Washington, OH",2022,4428276.0
 39169,"Wayne, OH",2022,7677867.0
 39171,"Williams, OH",2022,2124125.0
 39173,"Wood, OH",2022,9697349.0
 39175,"Wyandot, OH",2022,1330191.0
 40000,Oklahoma,2022,245976193.0
 40001,"Adair, OK",2022,548167.0
 40003,"Alfalfa, OK",2022,638200.0
 40005,"Atoka, OK",2022,436313.0
 40007,"Beaver, OK",2022,609542.0
 40009,"Beckham, OK",2022,1150536.0
 40011,"Blaine, OK",2022,2604638.0
 40013,"Bryan, OK",2022,2336932.0
 40015,"Caddo, OK",2022,1295348.0
 40017,"Canadian, OK",2022,8590534.0
 40019,"Carter, OK",2022,3613979.0
 40021,"Cherokee, OK",2022,1658676.0
 40023,"Choctaw, OK",2022,494886.0
 40025,"Cimarron, OK",2022,280281.0
 40027,"Cleveland, OK",2022,11106202.0
 40029,"Coal, OK",2022,496452.0
 40031,"Comanche, OK",2022,6180292.0
 40033,"Cotton, OK",2022,198448.0
 40035,"Craig, OK",2022,544651.0
 40037,"Creek, OK",2022,2488351.0
 40039,"Custer, OK",2022,2149271.0
 40041,"Delaware, OK",2022,1239172.0
 40043,"Dewey, OK",2022,972440.0
 40045,"Ellis, OK",2022,907442.0
 40047,"Garfield, OK",2022,3538129.0
 40049,"Garvin, OK",2022,2562662.0
 40051,"Grady, OK",2022,5828545.0
 40053,"Grant, OK",2022,369761.0
 40055,"Greer, OK",2022,126999.0
 40057,"Harmon, OK",2022,125263.0
 40059,"Harper, OK",2022,302956.0
 40061,"Haskell, OK",2022,471439.0
 40063,"Hughes, OK",2022,1224257.0
 40065,"Jackson, OK",2022,1398403.0
 40067,"Jefferson, OK",2022,148168.0
 40069,"Johnston, OK",2022,620250.0
 40071,"Kay, OK",2022,2245329.0
 40073,"Kingfisher, OK",2022,4458287.0
 40075,"Kiowa, OK",2022,331643.0
 40077,"Latimer, OK",2022,443356.0
 40079,"Le Flore, OK",2022,1708008.0
 40081,"Lincoln, OK",2022,965999.0
 40083,"Logan, OK",2022,1149821.0
 40085,"Love, OK",2022,975894.0
 40087,"McClain, OK",2022,2188888.0
 40089,"McCurtain, OK",2022,1630669.0
 40091,"McIntosh, OK",2022,490824.0
 40093,"Major, OK",2022,714375.0
 40095,"Marshall, OK",2022,702469.0
 40097,"Mayes, OK",2022,2371080.0
 40099,"Murray, OK",2022,628209.0
 40101,"Muskogee, OK",2022,3391495.0
 40103,"Noble, OK",2022,808485.0
 40105,"Nowata, OK",2022,241607.0
 40107,"Okfuskee, OK",2022,274780.0
 40109,"Oklahoma, OK",2022,65198953.0
 40111,"Okmulgee, OK",2022,1040884.0
 40113,"Osage, OK",2022,1272159.0
 40115,"Ottawa, OK",2022,1324866.0
 40117,"Pawnee, OK",2022,423107.0
 40119,"Payne, OK",2022,4068933.0
 40121,"Pittsburg, OK",2022,2779750.0
 40123,"Pontotoc, OK",2022,2564945.0
 40125,"Pottawatomie, OK",2022,2660258.0
 40127,"Pushmataha, OK",2022,307800.0
 40129,"Roger Mills, OK",2022,595942.0
 40131,"Rogers, OK",2022,4164600.0
 40133,"Seminole, OK",2022,928064.0
 40135,"Sequoyah, OK",2022,914418.0
 40137,"Stephens, OK",2022,3029153.0
 40139,"Texas, OK",2022,2267687.0
 40141,"Tillman, OK",2022,225525.0
 40143,"Tulsa, OK",2022,51161161.0
 40145,"Wagoner, OK",2022,1601727.0
 40147,"Washington, OK",2022,3654082.0
 40149,"Washita, OK",2022,538315.0
 40151,"Woods, OK",2022,851718.0
 40153,"Woodward, OK",2022,1423342.0
 41000,Oregon,2022,298847967.0
 41001,"Baker, OR",2022,746255.0
 41003,"Benton, OR",2022,5577799.0
 41005,"Clackamas, OR",2022,27348117.0
 41007,"Clatsop, OR",2022,2379347.0
 41009,"Columbia, OR",2022,1839975.0
 41011,"Coos, OR",2022,3002596.0
 41013,"Crook, OR",2022,1401186.0
 41015,"Curry, OR",2022,901898.0
 41017,"Deschutes, OR",2022,14096015.0
 41019,"Douglas, OR",2022,4934975.0
 41021,"Gilliam, OR",2022,405048.0
 41023,"Grant, OR",2022,347722.0
 41025,"Harney, OR",2022,424958.0
 41027,"Hood River, OR",2022,1492846.0
 41029,"Jackson, OR",2022,11936621.0
 41031,"Jefferson, OR",2022,997331.0
 41033,"Josephine, OR",2022,3531190.0
 41035,"Klamath, OR",2022,3157158.0
 41037,"Lake, OR",2022,415465.0
 41039,"Lane, OR",2022,21138143.0
 41041,"Lincoln, OR",2022,2437831.0
 41043,"Linn, OR",2022,6177586.0
 41045,"Malheur, OR",2022,1517413.0
 41047,"Marion, OR",2022,21441830.0
 41049,"Morrow, OR",2022,1762476.0
 41051,"Multnomah, OR",2022,82911415.0
 41053,"Polk, OR",2022,2514810.0
 41055,"Sherman, OR",2022,824630.0
 41057,"Tillamook, OR",2022,1420432.0
 41059,"Umatilla, OR",2022,4447534.0
 41061,"Union, OR",2022,1234532.0
 41063,"Wallowa, OR",2022,456218.0
 41065,"Wasco, OR",2022,2040407.0
 41067,"Washington, OR",2022,58858752.0
 41069,"Wheeler, OR",2022,44938.0
 41071,"Yamhill, OR",2022,4682519.0
 42000,Pennsylvania,2022,919741128.0
 42001,"Adams, PA",2022,4508275.0
 42003,"Allegheny, PA",2022,119677336.0
 42005,"Armstrong, PA",2022,2512975.0
 42007,"Beaver, PA",2022,7980854.0
 42009,"Bedford, PA",2022,1835741.0
 42011,"Berks, PA",2022,24128186.0
 42013,"Blair, PA",2022,7247654.0
 42015,"Bradford, PA",2022,5791173.0
 42017,"Bucks, PA",2022,43687707.0
 42019,"Butler, PA",2022,12922111.0
 42021,"Cambria, PA",2022,5617969.0
 42023,"Cameron, PA",2022,297514.0
 42025,"Carbon, PA",2022,2773570.0
 42027,"Centre, PA",2022,10278620.0
 42029,"Chester, PA",2022,53163217.0
 42031,"Clarion, PA",2022,1383507.0
 42033,"Clearfield, PA",2022,3649777.0
 42035,"Clinton, PA",2022,1683927.0
 42037,"Columbia, PA",2022,2877562.0
 42039,"Crawford, PA",2022,3506170.0
 42041,"Cumberland, PA",2022,20487660.0
 42043,"Dauphin, PA",2022,26242602.0
 42045,"Delaware, PA",2022,39974688.0
 42047,"Elk, PA",2022,1666961.0
 42049,"Erie, PA",2022,13248530.0
 42051,"Fayette, PA",2022,4971461.0
 42053,"Forest, PA",2022,265770.0
 42055,"Franklin, PA",2022,7607028.0
 42057,"Fulton, PA",2022,753716.0
 42059,"Greene, PA",2022,5010882.0
 42061,"Huntingdon, PA",2022,1498483.0
 42063,"Indiana, PA",2022,4294612.0
 42065,"Jefferson, PA",2022,1749570.0
 42067,"Juniata, PA",2022,1027320.0
 42069,"Lackawanna, PA",2022,12165831.0
 42071,"Lancaster, PA",2022,36854449.0
 42073,"Lawrence, PA",2022,3897362.0
 42075,"Lebanon, PA",2022,7462278.0
 42077,"Lehigh, PA",2022,28175320.0
 42079,"Luzerne, PA",2022,18155919.0
 42081,"Lycoming, PA",2022,7154393.0
 42083,"McKean, PA",2022,2322451.0
 42085,"Mercer, PA",2022,5070137.0
 42087,"Mifflin, PA",2022,2150707.0
 42089,"Monroe, PA",2022,8576529.0
 42091,"Montgomery, PA",2022,103308471.0
 42093,"Montour, PA",2022,2405626.0
 42095,"Northampton, PA",2022,19029803.0
 42097,"Northumberland, PA",2022,4050175.0
 42099,"Perry, PA",2022,1224238.0
 42101,"Philadelphia, PA",2022,121855648.0
 42103,"Pike, PA",2022,1764785.0
 42105,"Potter, PA",2022,963053.0
 42107,"Schuylkill, PA",2022,5984173.0
 42109,"Snyder, PA",2022,2108581.0
 42111,"Somerset, PA",2022,2859102.0
 42113,"Sullivan, PA",2022,460809.0
 42115,"Susquehanna, PA",2022,3838021.0
 42117,"Tioga, PA",2022,2108431.0
 42119,"Union, PA",2022,2291448.0
 42121,"Venango, PA",2022,2140919.0
 42123,"Warren, PA",2022,1670178.0
 42125,"Washington, PA",2022,17418414.0
 42127,"Wayne, PA",2022,2348129.0
 42129,"Westmoreland, PA",2022,17977595.0
 42131,"Wyoming, PA",2022,2017606.0
 42133,"York, PA",2022,25607422.0
 44000,Rhode Island,2022,72869183.0
 44001,"Bristol, RI",2022,2229870.0
 44003,"Kent, RI",2022,11518882.0
 44005,"Newport, RI",2022,7722753.0
 44007,"Providence, RI",2022,42870707.0
 44009,"Washington, RI",2022,8526970.0
 45000,South Carolina,2022,301945071.0
 45001,"Abbeville, SC",2022,701559.0
 45003,"Aiken, SC",2022,8703584.0
 45005,"Allendale, SC",2022,353230.0
 45007,"Anderson, SC",2022,9098081.0
 45009,"Bamberg, SC",2022,421464.0
 45011,"Barnwell, SC",2022,568672.0
 45013,"Beaufort, SC",2022,11263727.0
 45015,"Berkeley, SC",2022,10975900.0
 45017,"Calhoun, SC",2022,760210.0
 45019,"Charleston, SC",2022,41533283.0
 45021,"Cherokee, SC",2022,2204955.0
 45023,"Chester, SC",2022,1440173.0
 45025,"Chesterfield, SC",2022,1685219.0
 45027,"Clarendon, SC",2022,810380.0
 45029,"Colleton, SC",2022,1261159.0
 45031,"Darlington, SC",2022,3236443.0
 45033,"Dillon, SC",2022,888457.0
 45035,"Dorchester, SC",2022,5479839.0
 45037,"Edgefield, SC",2022,800373.0
 45039,"Fairfield, SC",2022,1298428.0
 45041,"Florence, SC",2022,8537939.0
 45043,"Georgetown, SC",2022,3395496.0
 45045,"Greenville, SC",2022,41755460.0
 45047,"Greenwood, SC",2022,4270162.0
 45049,"Hampton, SC",2022,584845.0
 45051,"Horry, SC",2022,18571865.0
 45053,"Jasper, SC",2022,1821890.0
 45055,"Kershaw, SC",2022,2697642.0
 45057,"Lancaster, SC",2022,4283212.0
 45059,"Laurens, SC",2022,2554449.0
 45061,"Lee, SC",2022,477329.0
 45063,"Lexington, SC",2022,16869370.0
 45065,"McCormick, SC",2022,277281.0
 45067,"Marion, SC",2022,722808.0
 45069,"Marlboro, SC",2022,898413.0
 45071,"Newberry, SC",2022,1740627.0
 45073,"Oconee, SC",2022,4645715.0
 45075,"Orangeburg, SC",2022,3480733.0
 45077,"Pickens, SC",2022,5054597.0
 45079,"Richland, SC",2022,31859967.0
 45081,"Saluda, SC",2022,557680.0
 45083,"Spartanburg, SC",2022,19734686.0
 45085,"Sumter, SC",2022,5335550.0
 45087,"Union, SC",2022,809627.0
 45089,"Williamsburg, SC",2022,901045.0
 45091,"York, SC",2022,16621547.0
 46000,South Dakota,2022,69069260.0
 46003,"Aurora, SD",2022,163054.0
 46005,"Beadle, SD",2022,1141528.0
 46007,"Bennett, SD",2022,132748.0
 46009,"Bon Homme, SD",2022,355279.0
 46011,"Brookings, SD",2022,2674595.0
 46013,"Brown, SD",2022,3041051.0
 46015,"Brule, SD",2022,343153.0
 46017,"Buffalo, SD",2022,95159.0
 46019,"Butte, SD",2022,412337.0
 46021,"Campbell, SD",2022,154896.0
 46023,"Charles Mix, SD",2022,559755.0
 46025,"Clark, SD",2022,337883.0
 46027,"Clay, SD",2022,807557.0
 46029,"Codington, SD",2022,1909812.0
 46031,"Corson, SD",2022,127996.0
 46033,"Custer, SD",2022,322488.0
 46035,"Davison, SD",2022,1542791.0
 46037,"Day, SD",2022,409287.0
 46039,"Deuel, SD",2022,487544.0
 46041,"Dewey, SD",2022,244465.0
 46043,"Douglas, SD",2022,266952.0
 46045,"Edmunds, SD",2022,398889.0
 46047,"Fall River, SD",2022,276882.0
 46049,"Faulk, SD",2022,216230.0
 46051,"Grant, SD",2022,691835.0
 46053,"Gregory, SD",2022,221266.0
 46055,"Haakon, SD",2022,153703.0
 46057,"Hamlin, SD",2022,358006.0
 46059,"Hand, SD",2022,279925.0
 46061,"Hanson, SD",2022,226754.0
 46063,"Harding, SD",2022,73392.0
 46065,"Hughes, SD",2022,1442929.0
 46067,"Hutchinson, SD",2022,571268.0
 46069,"Hyde, SD",2022,167222.0
 46071,"Jackson, SD",2022,99906.0
 46073,"Jerauld, SD",2022,225508.0
 46075,"Jones, SD",2022,79370.0
 46077,"Kingsbury, SD",2022,360824.0
 46079,"Lake, SD",2022,807280.0
 46081,"Lawrence, SD",2022,1633833.0
 46083,"Lincoln, SD",2022,7984077.0
 46085,"Lyman, SD",2022,221915.0
 46087,"McCook, SD",2022,390748.0
 46089,"McPherson, SD",2022,175465.0
 46091,"Marshall, SD",2022,393982.0
 46093,"Meade, SD",2022,1104245.0
 46095,"Mellette, SD",2022,54575.0
 46097,"Miner, SD",2022,173286.0
 46099,"Minnehaha, SD",2022,19083186.0
 46101,"Moody, SD",2022,402806.0
 46102,"Oglala Lakota, SD*",2022,404820.0
 46103,"Pennington, SD",2022,7560437.0
 46105,"Perkins, SD",2022,173606.0
 46107,"Potter, SD",2022,206561.0
 46109,"Roberts, SD",2022,516484.0
 46111,"Sanborn, SD",2022,160366.0
 46115,"Spink, SD",2022,602124.0
 46117,"Stanley, SD",2022,172950.0
 46119,"Sully, SD",2022,162282.0
 46121,"Todd, SD",2022,266605.0
 46123,"Tripp, SD",2022,329331.0
 46125,"Turner, SD",2022,586689.0
 46127,"Union, SD",2022,2069124.0
 46129,"Walworth, SD",2022,332563.0
 46135,"Yankton, SD",2022,1664015.0
 46137,"Ziebach, SD",2022,61664.0
 47000,Tennessee,2022,488670145.0
 47001,"Anderson, TN",2022,6999393.0
 47003,"Bedford, TN",2022,2509144.0
 47005,"Benton, TN",2022,506325.0
 47007,"Bledsoe, TN",2022,283042.0
 47009,"Blount, TN",2022,7769199.0
 47011,"Bradley, TN",2022,6017909.0
 47013,"Campbell, TN",2022,1247469.0
 47015,"Cannon, TN",2022,389762.0
 47017,"Carroll, TN",2022,812897.0
 47019,"Carter, TN",2022,1337245.0
 47021,"Cheatham, TN",2022,1627073.0
 47023,"Chester, TN",2022,457675.0
 47025,"Claiborne, TN",2022,985503.0
 47027,"Clay, TN",2022,296248.0
 47029,"Cocke, TN",2022,1022795.0
 47031,"Coffee, TN",2022,3629911.0
 47033,"Crockett, TN",2022,656247.0
 47035,"Cumberland, TN",2022,2198987.0
 47037,"Davidson, TN",2022,97548745.0
 47039,"Decatur, TN",2022,383028.0
 47041,"DeKalb, TN",2022,875287.0
 47043,"Dickson, TN",2022,2538512.0
 47045,"Dyer, TN",2022,2189474.0
 47047,"Fayette, TN",2022,1789643.0
 47049,"Fentress, TN",2022,609042.0
 47051,"Franklin, TN",2022,1589337.0
 47053,"Gibson, TN",2022,1825401.0
 47055,"Giles, TN",2022,1409233.0
 47057,"Grainger, TN",2022,679041.0
 47059,"Greene, TN",2022,2979918.0
 47061,"Grundy, TN",2022,307890.0
 47063,"Hamblen, TN",2022,4051127.0
 47065,"Hamilton, TN",2022,34020111.0
 47067,"Hancock, TN",2022,111893.0
 47069,"Hardeman, TN",2022,728790.0
 47071,"Hardin, TN",2022,1267862.0
 47073,"Hawkins, TN",2022,2207561.0
 47075,"Haywood, TN",2022,1020474.0
 47077,"Henderson, TN",2022,945752.0
 47079,"Henry, TN",2022,1647723.0
 47081,"Hickman, TN",2022,662198.0
 47083,"Houston, TN",2022,178526.0
 47085,"Humphreys, TN",2022,1066815.0
 47087,"Jackson, TN",2022,259198.0
 47089,"Jefferson, TN",2022,2127761.0
 47091,"Johnson, TN",2022,536496.0
 47093,"Knox, TN",2022,37116850.0
 47095,"Lake, TN",2022,156960.0
 47097,"Lauderdale, TN",2022,875267.0
 47099,"Lawrence, TN",2022,1357119.0
 47101,"Lewis, TN",2022,403053.0
 47103,"Lincoln, TN",2022,1422146.0
 47105,"Loudon, TN",2022,2873678.0
 47107,"McMinn, TN",2022,2542928.0
 47109,"McNairy, TN",2022,687500.0
 47111,"Macon, TN",2022,762606.0
 47113,"Madison, TN",2022,7784746.0
 47115,"Marion, TN",2022,1065574.0
 47117,"Marshall, TN",2022,1464344.0
 47119,"Maury, TN",2022,5707363.0
 47121,"Meigs, TN",2022,330371.0
 47123,"Monroe, TN",2022,1799240.0
 47125,"Montgomery, TN",2022,8094214.0
 47127,"Moore, TN",2022,597744.0
 47129,"Morgan, TN",2022,388985.0
 47131,"Obion, TN",2022,1568289.0
 47133,"Overton, TN",2022,699835.0
 47135,"Perry, TN",2022,217184.0
 47137,"Pickett, TN",2022,175061.0
 47139,"Polk, TN",2022,471308.0
 47141,"Putnam, TN",2022,4597550.0
 47143,"Rhea, TN",2022,2872547.0
 47145,"Roane, TN",2022,3163496.0
 47147,"Robertson, TN",2022,3296973.0
 47149,"Rutherford, TN",2022,23710629.0
 47151,"Scott, TN",2022,627331.0
 47153,"Sequatchie, TN",2022,403783.0
 47155,"Sevier, TN",2022,6435108.0
 47157,"Shelby, TN",2022,80570438.0
 47159,"Smith, TN",2022,873231.0
 47161,"Stewart, TN",2022,996992.0
 47163,"Sullivan, TN",2022,10828398.0
 47165,"Sumner, TN",2022,10162059.0
 47167,"Tipton, TN",2022,1572237.0
 47169,"Trousdale, TN",2022,265458.0
 47171,"Unicoi, TN",2022,732772.0
 47173,"Union, TN",2022,423023.0
 47175,"Van Buren, TN",2022,118540.0
 47177,"Warren, TN",2022,1743101.0
 47179,"Washington, TN",2022,7801032.0
 47181,"Wayne, TN",2022,460628.0
 47183,"Weakley, TN",2022,1442310.0
 47185,"White, TN",2022,962616.0
 47187,"Williamson, TN",2022,33327303.0
 47189,"Wilson, TN",2022,8416564.0
 48000,Texas,2022,2436925022.0
 48001,"Anderson, TX",2022,2519003.0
 48003,"Andrews, TX",2022,5221398.0
 48005,"Angelina, TX",2022,4118661.0
 48007,"Aransas, TX",2022,922077.0
 48009,"Archer, TX",2022,412211.0
 48011,"Armstrong, TX",2022,79284.0
 48013,"Atascosa, TX",2022,3990860.0
 48015,"Austin, TX",2022,2055817.0
 48017,"Bailey, TX",2022,547857.0
 48019,"Bandera, TX",2022,486884.0
 48021,"Bastrop, TX",2022,3573457.0
 48023,"Baylor, TX",2022,235763.0
 48025,"Bee, TX",2022,924568.0
 48027,"Bell, TX",2022,22005113.0
 48029,"Bexar, TX",2022,135962260.0
 48031,"Blanco, TX",2022,615600.0
 48033,"Borden, TX",2022,796090.0
 48035,"Bosque, TX",2022,775052.0
 48037,"Bowie, TX",2022,4496205.0
 48039,"Brazoria, TX",2022,21335828.0
 48041,"Brazos, TX",2022,13877565.0
 48043,"Brewster, TX",2022,506042.0
 48045,"Briscoe, TX",2022,170172.0
 48047,"Brooks, TX",2022,340005.0
 48049,"Brown, TX",2022,1748284.0
 48051,"Burleson, TX",2022,1392117.0
 48053,"Burnet, TX",2022,2435769.0
 48055,"Caldwell, TX",2022,1278950.0
 48057,"Calhoun, TX",2022,4242502.0
 48059,"Callahan, TX",2022,460047.0
 48061,"Cameron, TX",2022,14603267.0
 48063,"Camp, TX",2022,517515.0
 48065,"Carson, TX",2022,1281458.0
 48067,"Cass, TX",2022,1234584.0
 48069,"Castro, TX",2022,944719.0
 48071,"Chambers, TX",2022,3323806.0
 48073,"Cherokee, TX",2022,1737105.0
 48075,"Childress, TX",2022,374016.0
 48077,"Clay, TX",2022,289179.0
 48079,"Cochran, TX",2022,391115.0
 48081,"Coke, TX",2022,248380.0
 48083,"Coleman, TX",2022,268766.0
 48085,"Collin, TX",2022,95327598.0
 48087,"Collingsworth, TX",2022,103253.0
 48089,"Colorado, TX",2022,1125892.0
 48091,"Comal, TX",2022,9954157.0
 48093,"Comanche, TX",2022,603968.0
 48095,"Concho, TX",2022,278289.0
 48097,"Cooke, TX",2022,2651498.0
 48099,"Coryell, TX",2022,2043621.0
 48101,"Cottle, TX",2022,138194.0
 48103,"Crane, TX",2022,1228860.0
 48105,"Crockett, TX",2022,1013122.0
 48107,"Crosby, TX",2022,345555.0
 48109,"Culberson, TX",2022,4849884.0
 48111,"Dallam, TX",2022,870722.0
 48113,"Dallas, TX",2022,343622062.0
 48115,"Dawson, TX",2022,1177616.0
 48117,"Deaf Smith, TX",2022,1909884.0
 48119,"Delta, TX",2022,123811.0
 48121,"Denton, TX",2022,55766786.0
 48123,"DeWitt, TX",2022,5115968.0
 48125,"Dickens, TX",2022,125312.0
 48127,"Dimmit, TX",2022,4124767.0
 48129,"Donley, TX",2022,160345.0
 48131,"Duval, TX",2022,388619.0
 48133,"Eastland, TX",2022,885475.0
 48135,"Ector, TX",2022,14374961.0
 48137,"Edwards, TX",2022,87984.0
 48139,"Ellis, TX",2022,9143503.0
 48141,"El Paso, TX",2022,44854685.0
 48143,"Erath, TX",2022,2130046.0
 48145,"Falls, TX",2022,498697.0
 48147,"Fannin, TX",2022,1270513.0
 48149,"Fayette, TX",2022,2199137.0
 48151,"Fisher, TX",2022,601655.0
 48153,"Floyd, TX",2022,493463.0
 48155,"Foard, TX",2022,144490.0
 48157,"Fort Bend, TX",2022,41368894.0
 48159,"Franklin, TX",2022,594235.0
 48161,"Freestone, TX",2022,1318116.0
 48163,"Frio, TX",2022,1507373.0
 48165,"Gaines, TX",2022,2731151.0
 48167,"Galveston, TX",2022,24672601.0
 48169,"Garza, TX",2022,301772.0
 48171,"Gillespie, TX",2022,1612974.0
 48173,"Glasscock, TX",2022,4633244.0
 48175,"Goliad, TX",2022,367338.0
 48177,"Gonzales, TX",2022,4195890.0
 48179,"Gray, TX",2022,1267526.0
 48181,"Grayson, TX",2022,6553883.0
 48183,"Gregg, TX",2022,9482492.0
 48185,"Grimes, TX",2022,1381031.0
 48187,"Guadalupe, TX",2022,10870159.0
 48189,"Hale, TX",2022,1752842.0
 48191,"Hall, TX",2022,114628.0
 48193,"Hamilton, TX",2022,330509.0
 48195,"Hansford, TX",2022,684909.0
 48197,"Hardeman, TX",2022,299272.0
 48199,"Hardin, TX",2022,1681769.0
 48201,"Harris, TX",2022,503684095.0
 48203,"Harrison, TX",2022,6332446.0
 48205,"Hartley, TX",2022,977245.0
 48207,"Haskell, TX",2022,441128.0
 48209,"Hays, TX",2022,12412837.0
 48211,"Hemphill, TX",2022,639886.0
 48213,"Henderson, TX",2022,2324068.0
 48215,"Hidalgo, TX",2022,28069132.0
 48217,"Hill, TX",2022,1433510.0
 48219,"Hockley, TX",2022,2104995.0
 48221,"Hood, TX",2022,3207314.0
 48223,"Hopkins, TX",2022,2218739.0
 48225,"Houston, TX",2022,1136741.0
 48227,"Howard, TX",2022,12459571.0
 48229,"Hudspeth, TX",2022,186874.0
 48231,"Hunt, TX",2022,5377306.0
 48233,"Hutchinson, TX",2022,8931746.0
 48235,"Irion, TX",2022,1391775.0
 48237,"Jack, TX",2022,571854.0
 48239,"Jackson, TX",2022,735317.0
 48241,"Jasper, TX",2022,1261885.0
 48243,"Jeff Davis, TX",2022,86979.0
 48245,"Jefferson, TX",2022,23217197.0
 48247,"Jim Hogg, TX",2022,210038.0
 48249,"Jim Wells, TX",2022,1736994.0
 48251,"Johnson, TX",2022,8455823.0
 48253,"Jones, TX",2022,667148.0
 48255,"Karnes, TX",2022,10081226.0
 48257,"Kaufman, TX",2022,5757619.0
 48259,"Kendall, TX",2022,2949734.0
 48261,"Kenedy, TX",2022,414416.0
 48263,"Kent, TX",2022,237424.0
 48265,"Kerr, TX",2022,2794847.0
 48267,"Kimble, TX",2022,178358.0
 48269,"King, TX",2022,134039.0
 48271,"Kinney, TX",2022,137938.0
 48273,"Kleberg, TX",2022,1333847.0
 48275,"Knox, TX",2022,351135.0
 48277,"Lamar, TX",2022,3178558.0
 48279,"Lamb, TX",2022,1046937.0
 48281,"Lampasas, TX",2022,666609.0
 48283,"La Salle, TX",2022,4651477.0
 48285,"Lavaca, TX",2022,1614645.0
 48287,"Lee, TX",2022,1030305.0
 48289,"Leon, TX",2022,996873.0
 48291,"Liberty, TX",2022,2880571.0
 48293,"Limestone, TX",2022,1775043.0
 48295,"Lipscomb, TX",2022,696017.0
 48297,"Live Oak, TX",2022,2688495.0
 48299,"Llano, TX",2022,1013400.0
 48301,"Loving, TX",2022,12470337.0
 48303,"Lubbock, TX",2022,17541348.0
 48305,"Lynn, TX",2022,496032.0
 48307,"McCulloch, TX",2022,428652.0
 48309,"McLennan, TX",2022,16017012.0
 48311,"McMullen, TX",2022,2004642.0
 48313,"Madison, TX",2022,663956.0
 48315,"Marion, TX",2022,349956.0
 48317,"Martin, TX",2022,15162349.0
 48319,"Mason, TX",2022,137432.0
 48321,"Matagorda, TX",2022,2963316.0
 48323,"Maverick, TX",2022,2257819.0
 48325,"Medina, TX",2022,1415032.0
 48327,"Menard, TX",2022,57734.0
 48329,"Midland, TX",2022,39623719.0
 48331,"Milam, TX",2022,857215.0
 48333,"Mills, TX",2022,309708.0
 48335,"Mitchell, TX",2022,409594.0
 48337,"Montague, TX",2022,873621.0
 48339,"Montgomery, TX",2022,41594670.0
 48341,"Moore, TX",2022,5289920.0
 48343,"Morris, TX",2022,809967.0
 48345,"Motley, TX",2022,49793.0
 48347,"Nacogdoches, TX",2022,3637225.0
 48349,"Navarro, TX",2022,2003348.0
 48351,"Newton, TX",2022,651422.0
 48353,"Nolan, TX",2022,1235865.0
 48355,"Nueces, TX",2022,25709696.0
 48357,"Ochiltree, TX",2022,1145844.0
 48359,"Oldham, TX",2022,423458.0
 48361,"Orange, TX",2022,4706507.0
 48363,"Palo Pinto, TX",2022,1180144.0
 48365,"Panola, TX",2022,4779303.0
 48367,"Parker, TX",2022,6468682.0
 48369,"Parmer, TX",2022,1312007.0
 48371,"Pecos, TX",2022,3669330.0
 48373,"Polk, TX",2022,1724313.0
 48375,"Potter, TX",2022,10500883.0
 48377,"Presidio, TX",2022,295700.0
 48379,"Rains, TX",2022,282475.0
 48381,"Randall, TX",2022,5190028.0
 48383,"Reagan, TX",2022,4999462.0
 48385,"Real, TX",2022,93667.0
 48387,"Red River, TX",2022,391695.0
 48389,"Reeves, TX",2022,18123100.0
 48391,"Refugio, TX",2022,544206.0
 48393,"Roberts, TX",2022,308557.0
 48395,"Robertson, TX",2022,3173810.0
 48397,"Rockwall, TX",2022,6616341.0
 48399,"Runnels, TX",2022,453257.0
 48401,"Rusk, TX",2022,3301623.0
 48403,"Sabine, TX",2022,326589.0
 48405,"San Augustine, TX",2022,1355982.0
 48407,"San Jacinto, TX",2022,455444.0
 48409,"San Patricio, TX",2022,3682054.0
 48411,"San Saba, TX",2022,182123.0
 48413,"Schleicher, TX",2022,181673.0
 48415,"Scurry, TX",2022,2303147.0
 48417,"Shackelford, TX",2022,343875.0
 48419,"Shelby, TX",2022,2050446.0
 48421,"Sherman, TX",2022,535593.0
 48423,"Smith, TX",2022,14744883.0
 48425,"Somervell, TX",2022,1736398.0
 48427,"Starr, TX",2022,1641354.0
 48429,"Stephens, TX",2022,489563.0
 48431,"Sterling, TX",2022,303215.0
 48433,"Stonewall, TX",2022,173344.0
 48435,"Sutton, TX",2022,290751.0
 48437,"Swisher, TX",2022,636643.0
 48439,"Tarrant, TX",2022,151911262.0
 48441,"Taylor, TX",2022,8479771.0
 48443,"Terrell, TX",2022,122893.0
 48445,"Terry, TX",2022,758686.0
 48447,"Throckmorton, TX",2022,104555.0
 48449,"Titus, TX",2022,2431487.0
 48451,"Tom Green, TX",2022,7640587.0
 48453,"Travis, TX",2022,174606869.0
 48455,"Trinity, TX",2022,327103.0
 48457,"Tyler, TX",2022,645892.0
 48459,"Upshur, TX",2022,1037163.0
 48461,"Upton, TX",2022,8512509.0
 48463,"Uvalde, TX",2022,1132321.0
 48465,"Val Verde, TX",2022,2229855.0
 48467,"Van Zandt, TX",2022,1651683.0
 48469,"Victoria, TX",2022,5595411.0
 48471,"Walker, TX",2022,2782884.0
 48473,"Waller, TX",2022,4839068.0
 48475,"Ward, TX",2022,5212077.0
 48477,"Washington, TX",2022,3145252.0
 48479,"Webb, TX",2022,17129191.0
 48481,"Wharton, TX",2022,2353354.0
 48483,"Wheeler, TX",2022,604323.0
 48485,"Wichita, TX",2022,6987899.0
 48487,"Wilbarger, TX",2022,977547.0
 48489,"Willacy, TX",2022,709101.0
 48491,"Williamson, TX",2022,35831321.0
 48493,"Wilson, TX",2022,1519961.0
 48495,"Winkler, TX",2022,2345106.0
 48497,"Wise, TX",2022,4348011.0
 48499,"Wood, TX",2022,2078889.0
 48501,"Yoakum, TX",2022,2780796.0
 48503,"Young, TX",2022,1145640.0
 48505,"Zapata, TX",2022,834289.0
 48507,"Zavala, TX",2022,894916.0
 49000,Utah,2022,261080774.0
 49001,"Beaver, UT",2022,621719.0
 49003,"Box Elder, UT",2022,3130573.0
 49005,"Cache, UT",2022,7623965.0
 49007,"Carbon, UT",2022,1151406.0
 49009,"Daggett, UT",2022,136999.0
 49011,"Davis, UT",2022,21416983.0
 49013,"Duchesne, UT",2022,1596299.0
 49015,"Emery, UT",2022,1777077.0
 49017,"Garfield, UT",2022,380073.0
 49019,"Grand, UT",2022,861836.0
 49021,"Iron, UT",2022,2744457.0
 49023,"Juab, UT",2022,894708.0
 49025,"Kane, UT",2022,533222.0
 49027,"Millard, UT",2022,1319882.0
 49029,"Morgan, UT",2022,485809.0
 49031,"Piute, UT",2022,99950.0
 49033,"Rich, UT",2022,189600.0
 49035,"Salt Lake, UT",2022,134443835.0
 49037,"San Juan, UT",2022,638820.0
 49039,"Sanpete, UT",2022,1262328.0
 49041,"Sevier, UT",2022,1678544.0
 49043,"Summit, UT",2022,5285765.0
 49045,"Tooele, UT",2022,2687934.0
 49047,"Uintah, UT",2022,2427846.0
 49049,"Utah, UT",2022,40442037.0
 49051,"Wasatch, UT",2022,1639190.0
 49053,"Washington, UT",2022,9861961.0
 49055,"Wayne, UT",2022,144884.0
 49057,"Weber, UT",2022,15603073.0
 50000,Vermont,2022,41011612.0
 50001,"Addison, VT",2022,2060566.0
 50003,"Bennington, VT",2022,2080005.0
 50005,"Caledonia, VT",2022,1430809.0
 50007,"Chittenden, VT",2022,14822633.0
 50009,"Essex, VT",2022,173924.0
 50011,"Franklin, VT",2022,2467194.0
 50013,"Grand Isle, VT",2022,229727.0
 50015,"Lamoille, VT",2022,1440071.0
 50017,"Orange, VT",2022,1006936.0
 50019,"Orleans, VT",2022,1394924.0
 50021,"Rutland, VT",2022,3306204.0
 50023,"Washington, VT",2022,4554193.0
 50025,"Windham, VT",2022,2755622.0
 50027,"Windsor, VT",2022,3288804.0
 51000,Virginia,2022,666681771.0
 51001,"Accomack, VA",2022,2072001.0
 51007,"Amelia, VA",2022,427602.0
 51009,"Amherst, VA",2022,958710.0
 51011,"Appomattox, VA",2022,399772.0
 51013,"Arlington, VA",2022,43122295.0
 51017,"Bath, VA",2022,274885.0
 51019,"Bedford, VA*",2022,2387402.0
 51021,"Bland, VA",2022,237231.0
 51023,"Botetourt, VA",2022,1626595.0
 51025,"Brunswick, VA",2022,1031998.0
 51027,"Buchanan, VA",2022,1615635.0
 51029,"Buckingham, VA",2022,629112.0
 51033,"Caroline, VA",2022,1018025.0
 51036,"Charles City, VA",2022,289416.0
 51037,"Charlotte, VA",2022,370431.0
 51041,"Chesterfield, VA",2022,20671822.0
 51043,"Clarke, VA",2022,539674.0
 51045,"Craig, VA",2022,130782.0
 51047,"Culpeper, VA",2022,2350631.0
 51049,"Cumberland, VA",2022,226729.0
 51051,"Dickenson, VA",2022,908051.0
 51057,"Essex, VA",2022,432319.0
 51061,"Fauquier, VA",2022,3564912.0
 51063,"Floyd, VA",2022,457392.0
 51065,"Fluvanna, VA",2022,1086509.0
 51067,"Franklin, VA",2022,2009644.0
 51071,"Giles, VA",2022,707524.0
 51073,"Gloucester, VA",2022,1142214.0
 51075,"Goochland, VA",2022,3766348.0
 51077,"Grayson, VA",2022,321234.0
 51079,"Greene, VA",2022,567568.0
 51083,"Halifax, VA",2022,1426861.0
 51085,"Hanover, VA",2022,8048196.0
 51087,"Henrico, VA",2022,36059068.0
 51091,"Highland, VA",2022,95100.0
 51093,"Isle of Wight, VA",2022,1578534.0
 51097,"King and Queen, VA",2022,186295.0
 51099,"King George, VA",2022,2459131.0
 51101,"King William, VA",2022,647996.0
 51103,"Lancaster, VA",2022,578881.0
 51105,"Lee, VA",2022,481254.0
 51107,"Loudoun, VA",2022,37273816.0
 51109,"Louisa, VA",2022,2947208.0
 51111,"Lunenburg, VA",2022,293571.0
 51113,"Madison, VA",2022,453412.0
 51115,"Mathews, VA",2022,223092.0
 51117,"Mecklenburg, VA",2022,1370132.0
 51119,"Middlesex, VA",2022,461312.0
 51125,"Nelson, VA",2022,626673.0
 51127,"New Kent, VA",2022,760049.0
 51131,"Northampton, VA",2022,541482.0
 51133,"Northumberland, VA",2022,405017.0
 51135,"Nottoway, VA",2022,685554.0
 51137,"Orange, VA",2022,1357917.0
 51139,"Page, VA",2022,874179.0
 51141,"Patrick, VA",2022,495794.0
 51145,"Powhatan, VA",2022,1056390.0
 51147,"Prince Edward, VA",2022,901279.0
 51155,"Pulaski, VA",2022,1725054.0
 51157,"Rappahannock, VA",2022,339718.0
 51159,"Richmond, VA",2022,345522.0
 51167,"Russell, VA",2022,807016.0
 51169,"Scott, VA",2022,519555.0
 51171,"Shenandoah, VA",2022,2093130.0
 51173,"Smyth, VA",2022,1215736.0
 51179,"Stafford, VA",2022,7464456.0
 51181,"Surry, VA",2022,1629103.0
 51183,"Sussex, VA",2022,412082.0
 51185,"Tazewell, VA",2022,1539570.0
 51187,"Warren, VA",2022,2250706.0
 51193,"Westmoreland, VA",2022,566815.0
 51197,"Wythe, VA",2022,1746439.0
 51510,"Alexandria (Independent City), VA",2022,17108699.0
 51550,"Chesapeake (Independent City), VA",2022,13317760.0
 51650,"Hampton (Independent City), VA",2022,7843461.0
 51700,"Newport News (Independent City), VA",2022,16769163.0
 51710,"Norfolk (Independent City), VA",2022,24137190.0
 51740,"Portsmouth (Independent City), VA",2022,7281487.0
 51760,"Richmond (Independent City), VA",2022,29328206.0
 51770,"Roanoke (Independent City), VA",2022,8817088.0
 51800,"Suffolk (Independent City), VA",2022,4949994.0
 51810,"Virginia Beach (Independent City), VA",2022,27341577.0
 51901,"Albemarle + Charlottesville, VA*",2022,14994296.0
 51903,"Alleghany + Covington, VA*",2022,1045763.0
 51907,"Augusta, Staunton + Waynesboro, VA*",2022,6419005.0
 51911,"Campbell + Lynchburg, VA*",2022,8736052.0
 51913,"Carroll + Galax, VA*",2022,1146451.0
 51918,"Dinwiddie, Colonial Heights + Petersburg, VA*",2022,3613508.0
 51919,"Fairfax, Fairfax City + Falls Church, VA*",2022,153193290.0
 51921,"Frederick + Winchester, VA*",2022,8689498.0
 51923,"Greensville + Emporia, VA*",2022,1980584.0
 51929,"Henry + Martinsville, VA*",2022,2802088.0
 51931,"James City + Williamsburg, VA*",2022,6716156.0
 51933,"Montgomery + Radford, VA*",2022,6756951.0
 51939,"Pittsylvania + Danville, VA*",2022,4320371.0
 51941,"Prince George + Hopewell, VA*",2022,4563161.0
 51942,"Prince William, Manassas + Manassas Park, VA*",2022,26772658.0
 51944,"Roanoke + Salem, VA*",2022,7407174.0
 51945,"Rockbridge, Buena Vista + Lexington, VA*",2022,1549348.0
 51947,"Rockingham + Harrisonburg, VA*",2022,10133342.0
 51949,"Southampton + Franklin, VA*",2022,1006770.0
 51951,"Spotsylvania + Fredericksburg, VA*",2022,8258160.0
 51953,"Washington + Bristol, VA*",2022,3886777.0
 51955,"Wise + Norton, VA*",2022,2026478.0
 51958,"York + Poquoson, VA*",2022,3481706.0
 53000,Washington,2022,742909492.0
 53001,"Adams, WA",2022,1429025.0
 53003,"Asotin, WA",2022,887428.0
 53005,"Benton, WA",2022,14278466.0
 53007,"Chelan, WA",2022,6217373.0
 53009,"Clallam, WA",2022,3415007.0
 53011,"Clark, WA",2022,29387322.0
 53013,"Columbia, WA",2022,487115.0
 53015,"Cowlitz, WA",2022,6773557.0
 53017,"Douglas, WA",2022,2485327.0
 53019,"Ferry, WA",2022,249065.0
 53021,"Franklin, WA",2022,5313102.0
 53023,"Garfield, WA",2022,276327.0
 53025,"Grant, WA",2022,6933963.0
 53027,"Grays Harbor, WA",2022,3442875.0
 53029,"Island, WA",2022,4148961.0
 53031,"Jefferson, WA",2022,1539267.0
 53033,"King, WA",2022,403430873.0
 53035,"Kitsap, WA",2022,16019191.0
 53037,"Kittitas, WA",2022,2363609.0
 53039,"Klickitat, WA",2022,2236398.0
 53041,"Lewis, WA",2022,5102733.0
 53043,"Lincoln, WA",2022,828944.0
 53045,"Mason, WA",2022,2109592.0
 53047,"Okanogan, WA",2022,1784774.0
 53049,"Pacific, WA",2022,941321.0
 53051,"Pend Oreille, WA",2022,690424.0
 53053,"Pierce, WA",2022,57747281.0
 53055,"San Juan, WA",2022,1114551.0
 53057,"Skagit, WA",2022,8619679.0
 53059,"Skamania, WA",2022,399781.0
 53061,"Snohomish, WA",2022,54815135.0
 53063,"Spokane, WA",2022,35349425.0
 53065,"Stevens, WA",2022,1521322.0
 53067,"Thurston, WA",2022,18715298.0
 53069,"Wahkiakum, WA",2022,128542.0
 53071,"Walla Walla, WA",2022,4006838.0
 53073,"Whatcom, WA",2022,21231134.0
 53075,"Whitman, WA",2022,3575294.0
 53077,"Yakima, WA",2022,12913176.0
 54000,West Virginia,2022,98289950.0
 54001,"Barbour, WV",2022,631923.0
 54003,"Berkeley, WV",2022,5076694.0
 54005,"Boone, WV",2022,784476.0
 54007,"Braxton, WV",2022,369712.0
 54009,"Brooke, WV",2022,1387803.0
 54011,"Cabell, WV",2022,5827362.0
 54013,"Calhoun, WV",2022,138100.0
 54015,"Clay, WV",2022,129697.0
 54017,"Doddridge, WV",2022,1070083.0
 54019,"Fayette, WV",2022,1335626.0
 54021,"Gilmer, WV",2022,214322.0
 54023,"Grant, WV",2022,604864.0
 54025,"Greenbrier, WV",2022,1386673.0
 54027,"Hampshire, WV",2022,494630.0
 54029,"Hancock, WV",2022,1197674.0
 54031,"Hardy, WV",2022,1033027.0
 54033,"Harrison, WV",2022,5680624.0
 54035,"Jackson, WV",2022,991531.0
 54037,"Jefferson, WV",2022,2261866.0
 54039,"Kanawha, WV",2022,12819067.0
 54041,"Lewis, WV",2022,673371.0
 54043,"Lincoln, WV",2022,271096.0
 54045,"Logan, WV",2022,1791601.0
 54047,"McDowell, WV",2022,681972.0
 54049,"Marion, WV",2022,2819424.0
 54051,"Marshall, WV",2022,4217866.0
 54053,"Mason, WV",2022,900598.0
 54055,"Mercer, WV",2022,2085907.0
 54057,"Mineral, WV",2022,989451.0
 54059,"Mingo, WV",2022,671520.0
 54061,"Monongalia, WV",2022,8816008.0
 54063,"Monroe, WV",2022,272780.0
 54065,"Morgan, WV",2022,354739.0
 54067,"Nicholas, WV",2022,797056.0
 54069,"Ohio, WV",2022,4743645.0
 54071,"Pendleton, WV",2022,275759.0
 54073,"Pleasants, WV",2022,769806.0
 54075,"Pocahontas, WV",2022,329353.0
 54077,"Preston, WV",2022,902089.0
 54079,"Putnam, WV",2022,3360618.0
 54081,"Raleigh, WV",2022,3828571.0
 54083,"Randolph, WV",2022,1068014.0
 54085,"Ritchie, WV",2022,941945.0
 54087,"Roane, WV",2022,354222.0
 54089,"Summers, WV",2022,260203.0
 54091,"Taylor, WV",2022,782618.0
 54093,"Tucker, WV",2022,413689.0
 54095,"Tyler, WV",2022,2397922.0
 54097,"Upshur, WV",2022,896932.0
 54099,"Wayne, WV",2022,1132235.0
 54101,"Webster, WV",2022,167796.0
 54103,"Wetzel, WV",2022,1542661.0
 54105,"Wirt, WV",2022,82658.0
 54107,"Wood, WV",2022,4292209.0
 54109,"Wyoming, WV",2022,967863.0
 55000,Wisconsin,2022,400621353.0
 55001,"Adams, WI",2022,694108.0
 55003,"Ashland, WI",2022,841715.0
 55005,"Barron, WI",2022,2661797.0
 55007,"Bayfield, WI",2022,517564.0
 55009,"Brown, WI",2022,22406516.0
 55011,"Buffalo, WI",2022,791195.0
 55013,"Burnett, WI",2022,653292.0
 55015,"Calumet, WI",2022,2038235.0
 55017,"Chippewa, WI",2022,3397435.0
 55019,"Clark, WI",2022,1670374.0
 55021,"Columbia, WI",2022,3591719.0
 55023,"Crawford, WI",2022,871926.0
 55025,"Dane, WI",2022,53995631.0
 55027,"Dodge, WI",2022,4549317.0
 55029,"Door, WI",2022,1702640.0
 55031,"Douglas, WI",2022,2330301.0
 55033,"Dunn, WI",2022,2279752.0
 55035,"Eau Claire, WI",2022,7557458.0
 55037,"Florence, WI",2022,148629.0
 55039,"Fond du Lac, WI",2022,6191785.0
 55041,"Forest, WI",2022,373848.0
 55043,"Grant, WI",2022,2652193.0
 55045,"Green, WI",2022,2219515.0
 55047,"Green Lake, WI",2022,776391.0
 55049,"Iowa, WI",2022,1521928.0
 55051,"Iron, WI",2022,205715.0
 55053,"Jackson, WI",2022,1055567.0
 55055,"Jefferson, WI",2022,4425435.0
 55057,"Juneau, WI",2022,1150652.0
 55059,"Kenosha, WI",2022,9263250.0
 55061,"Kewaunee, WI",2022,941282.0
 55063,"La Crosse, WI",2022,8857614.0
 55065,"Lafayette, WI",2022,794758.0
 55067,"Langlade, WI",2022,870299.0
 55069,"Lincoln, WI",2022,1563532.0
 55071,"Manitowoc, WI",2022,4993525.0
 55073,"Marathon, WI",2022,10619726.0
 55075,"Marinette, WI",2022,2261151.0
 55077,"Marquette, WI",2022,488184.0
 55078,"Menominee, WI",2022,195479.0
 55079,"Milwaukee, WI",2022,69979415.0
 55081,"Monroe, WI",2022,2776894.0
 55083,"Oconto, WI",2022,1200395.0
 55085,"Oneida, WI",2022,2121010.0
 55087,"Outagamie, WI",2022,15252031.0
 55089,"Ozaukee, WI",2022,6423195.0
 55091,"Pepin, WI",2022,363108.0
 55093,"Pierce, WI",2022,1461901.0
 55095,"Polk, WI",2022,1935149.0
 55097,"Portage, WI",2022,4962869.0
 55099,"Price, WI",2022,692968.0
 55101,"Racine, WI",2022,10124619.0
 55103,"Richland, WI",2022,830040.0
 55105,"Rock, WI",2022,9463836.0
 55107,"Rusk, WI",2022,680640.0
 55109,"St. Croix, WI",2022,5144847.0
 55111,"Sauk, WI",2022,4926459.0
 55113,"Sawyer, WI",2022,868628.0
 55115,"Shawano, WI",2022,1566100.0
 55117,"Sheboygan, WI",2022,8120028.0
 55119,"Taylor, WI",2022,999559.0
 55121,"Trempealeau, WI",2022,1704243.0
 55123,"Vernon, WI",2022,1328542.0
 55125,"Vilas, WI",2022,1121297.0
 55127,"Walworth, WI",2022,5549266.0
 55129,"Washburn, WI",2022,710407.0
 55131,"Washington, WI",2022,8176978.0
 55133,"Waukesha, WI",2022,37630503.0
 55135,"Waupaca, WI",2022,2239069.0
 55137,"Waushara, WI",2022,771218.0
 55139,"Winnebago, WI",2022,12534634.0
 55141,"Wood, WI",2022,4840071.0
 56000,Wyoming,2022,49782569.0
 56001,"Albany, WY",2022,1894141.0
 56003,"Big Horn, WY",2022,649280.0
 56005,"Campbell, WY",2022,7242684.0
 56007,"Carbon, WY",2022,2204276.0
 56009,"Converse, WY",2022,2044775.0
 56011,"Crook, WY",2022,433260.0
 56013,"Fremont, WY",2022,2011960.0
 56015,"Goshen, WY",2022,543430.0
 56017,"Hot Springs, WY",2022,340719.0
 56019,"Johnson, WY",2022,538642.0
 56021,"Laramie, WY",2022,7756815.0
 56023,"Lincoln, WY",2022,1200894.0
 56025,"Natrona, WY",2022,6405089.0
 56027,"Niobrara, WY",2022,139432.0
 56029,"Park, WY",2022,1896405.0
 56031,"Platte, WY",2022,665390.0
 56033,"Sheridan, WY",2022,1858400.0
 56035,"Sublette, WY",2022,1515664.0
 56037,"Sweetwater, WY",2022,4311769.0
 56039,"Teton, WY",2022,4225374.0
 56041,"Uinta, WY",2022,1062478.0
 56043,"Washakie, WY",2022,415865.0
 56045,"Weston, WY",2022,425826.0
 91000,New England,2022,1324160650.0
 92000,Mideast,2022,4474022847.0
 93000,Great Lakes,2022,3374137354.0
 94000,Plains,2022,1620951934.0
 95000,Southeast,2022,5685333127.0
 96000,Southwest,2022,3295092219.0
 97000,Rocky Mountain,2022,986528188.0
 98000,Far West,2022,5098918682.0
 00000,United States *,2023,27720709000.0
 01000,Alabama,2023,304935567.0
 01001,"Autauga, AL",2023,2452642.0
 01003,"Baldwin, AL",2023,12071468.0
 01005,"Barbour, AL",2023,926685.0
 01007,"Bibb, AL",2023,610429.0
 01009,"Blount, AL",2023,1261107.0
 01011,"Bullock, AL",2023,336598.0
 01013,"Butler, AL",2023,844597.0
 01015,"Calhoun, AL",2023,5891059.0
 01017,"Chambers, AL",2023,1108813.0
 01019,"Cherokee, AL",2023,745483.0
 01021,"Chilton, AL",2023,1554562.0
 01023,"Choctaw, AL",2023,818813.0
 01025,"Clarke, AL",2023,1134678.0
 01027,"Clay, AL",2023,507971.0
 01029,"Cleburne, AL",2023,411316.0
 01031,"Coffee, AL",2023,2129264.0
 01033,"Colbert, AL",2023,3476472.0
 01035,"Conecuh, AL",2023,496736.0
 01037,"Coosa, AL",2023,235363.0
 01039,"Covington, AL",2023,1574615.0
 01041,"Crenshaw, AL",2023,542565.0
 01043,"Cullman, AL",2023,3967531.0
 01045,"Dale, AL",2023,3699874.0
 01047,"Dallas, AL",2023,1725255.0
 01049,"DeKalb, AL",2023,2778526.0
 01051,"Elmore, AL",2023,2703128.0
 01053,"Escambia, AL",2023,1627046.0
 01055,"Etowah, AL",2023,3776967.0
 01057,"Fayette, AL",2023,453008.0
 01059,"Franklin, AL",2023,1236685.0
 01061,"Geneva, AL",2023,763232.0
 01063,"Greene, AL",2023,280807.0
 01065,"Hale, AL",2023,364210.0
 01067,"Henry, AL",2023,633099.0
 01069,"Houston, AL",2023,7703029.0
 01071,"Jackson, AL",2023,2057095.0
 01073,"Jefferson, AL",2023,61990780.0
 01075,"Lamar, AL",2023,448833.0
 01077,"Lauderdale, AL",2023,3736194.0
 01079,"Lawrence, AL",2023,817562.0
 01081,"Lee, AL",2023,8799349.0
 01083,"Limestone, AL",2023,6494484.0
 01085,"Lowndes, AL",2023,519259.0
 01087,"Macon, AL",2023,682080.0
 01089,"Madison, AL",2023,36321455.0
 01091,"Marengo, AL",2023,1058127.0
 01093,"Marion, AL",2023,1303389.0
 01095,"Marshall, AL",2023,4896602.0
 01097,"Mobile, AL",2023,28332816.0
 01099,"Monroe, AL",2023,809448.0
 01101,"Montgomery, AL",2023,18390810.0
 01103,"Morgan, AL",2023,8023596.0
 01105,"Perry, AL",2023,262033.0
 01107,"Pickens, AL",2023,538386.0
 01109,"Pike, AL",2023,1982236.0
 01111,"Randolph, AL",2023,643574.0
 01113,"Russell, AL",2023,2171720.0
 01115,"St. Clair, AL",2023,2701537.0
 01117,"Shelby, AL",2023,16447755.0
 01119,"Sumter, AL",2023,431366.0
 01121,"Talladega, AL",2023,3825674.0
 01123,"Tallapoosa, AL",2023,1752891.0
 01125,"Tuscaloosa, AL",2023,13584024.0
 01127,"Walker, AL",2023,2315300.0
 01129,"Washington, AL",2023,1220758.0
 01131,"Wilcox, AL",2023,448587.0
 01133,"Winston, AL",2023,1084214.0
 02000,Alaska,2023,68056035.0
 02013,"Aleutians East Borough, AK",2023,365752.0
 02016,"Aleutians West Census Area, AK",2023,1000609.0
 02020,"Anchorage Municipality, AK",2023,30019193.0
 02050,"Bethel Census Area, AK",2023,824739.0
 02060,"Bristol Bay Borough, AK",2023,181696.0
 02063,"Chugach Census Area, AK*",2023,1641291.0
 02066,"Copper River Census Area, AK*",2023,157225.0
 02068,"Denali Borough, AK",2023,373256.0
 02070,"Dillingham Census Area, AK",2023,315880.0
 02090,"Fairbanks North Star Borough, AK",2023,7198784.0
 02100,"Haines Borough, AK",2023,128674.0
 02105,"Hoonah-Angoon Census Area, AK*",2023,136579.0
 02110,"Juneau City and Borough, AK",2023,3098486.0
 02122,"Kenai Peninsula Borough, AK",2023,3468878.0
 02130,"Ketchikan Gateway Borough, AK*",2023,1101967.0
 02150,"Kodiak Island Borough, AK",2023,1009981.0
 02158,"Kusilvak Census Area, AK*",2023,180304.0
 02164,"Lake and Peninsula Borough, AK",2023,111245.0
 02170,"Matanuska-Susitna Borough, AK",2023,4046188.0
 02180,"Nome Census Area, AK",2023,562119.0
 02185,"North Slope Borough, AK",2023,8559061.0
 02188,"Northwest Arctic Borough, AK",2023,807211.0
 02195,"Petersburg Borough, AK*",2023,209686.0
 02198,"Prince of Wales-Hyder Census Area, AK*",2023,306336.0
 02201,"Prince of Wales-Outer Ketchikan Census Area, AK*",2023,
 02220,"Sitka City and Borough, AK",2023,677909.0
 02230,"Skagway Municipality, AK*",2023,102620.0
 02232,"Skagway-Hoonah-Angoon Census Area, AK*",2023,
 02240,"Southeast Fairbanks Census Area, AK",2023,935882.0
 02261,"Valdez-Cordova Census Area, AK*",2023,
 02275,"Wrangell City and Borough, AK*",2023,116114.0
 02280,"Wrangell-Petersburg Census Area, AK*",2023,
 02282,"Yakutat City and Borough, AK*",2023,44606.0
 02290,"Yukon-Koyukuk Census Area, AK",2023,373764.0
 04000,Arizona,2023,522767226.0
 04001,"Apache, AZ",2023,2770542.0
 04003,"Cochise, AZ",2023,6080882.0
 04005,"Coconino, AZ",2023,9967529.0
 04007,"Gila, AZ",2023,2267153.0
 04009,"Graham, AZ",2023,1742008.0
 04011,"Greenlee, AZ",2023,2241143.0
 04012,"La Paz, AZ",2023,860168.0
 04013,"Maricopa, AZ",2023,383872915.0
 04015,"Mohave, AZ",2023,8845478.0
 04017,"Navajo, AZ",2023,3703029.0
 04019,"Pima, AZ",2023,62169929.0
 04021,"Pinal, AZ",2023,14256537.0
 04023,"Santa Cruz, AZ",2023,2649761.0
 04025,"Yavapai, AZ",2023,10755479.0
 04027,"Yuma, AZ",2023,10584673.0
 05000,Arkansas,2023,178606419.0
 05001,"Arkansas, AR",2023,1429348.0
 05003,"Ashley, AR",2023,1188372.0
 05005,"Baxter, AR",2023,2184391.0
 05007,"Benton, AR",2023,23669514.0
 05009,"Boone, AR",2023,1870146.0
 05011,"Bradley, AR",2023,438310.0
 05013,"Calhoun, AR",2023,422651.0
 05015,"Carroll, AR",2023,1104325.0
 05017,"Chicot, AR",2023,366980.0
 05019,"Clark, AR",2023,1040240.0
 05021,"Clay, AR",2023,481032.0
 05023,"Cleburne, AR",2023,838142.0
 05025,"Cleveland, AR",2023,187423.0
 05027,"Columbia, AR",2023,1307160.0
 05029,"Conway, AR",2023,968175.0
 05031,"Craighead, AR",2023,6970418.0
 05033,"Crawford, AR",2023,2200027.0
 05035,"Crittenden, AR",2023,2304648.0
 05037,"Cross, AR",2023,634975.0
 05039,"Dallas, AR",2023,324651.0
 05041,"Desha, AR",2023,736101.0
 05043,"Drew, AR",2023,794804.0
 05045,"Faulkner, AR",2023,5390228.0
 05047,"Franklin, AR",2023,583098.0
 05049,"Fulton, AR",2023,241250.0
 05051,"Garland, AR",2023,4606197.0
 05053,"Grant, AR",2023,617839.0
 05055,"Greene, AR",2023,2150238.0
 05057,"Hempstead, AR",2023,1245561.0
 05059,"Hot Spring, AR",2023,1537199.0
 05061,"Howard, AR",2023,752835.0
 05063,"Independence, AR",2023,2525225.0
 05065,"Izard, AR",2023,382043.0
 05067,"Jackson, AR",2023,1069999.0
 05069,"Jefferson, AR",2023,3621967.0
 05071,"Johnson, AR",2023,890441.0
 05073,"Lafayette, AR",2023,177548.0
 05075,"Lawrence, AR",2023,581474.0
 05077,"Lee, AR",2023,220547.0
 05079,"Lincoln, AR",2023,337185.0
 05081,"Little River, AR",2023,634604.0
 05083,"Logan, AR",2023,590710.0
 05085,"Lonoke, AR",2023,2013251.0
 05087,"Madison, AR",2023,546271.0
 05089,"Marion, AR",2023,776891.0
 05091,"Miller, AR",2023,1719636.0
 05093,"Mississippi, AR",2023,4292553.0
 05095,"Monroe, AR",2023,283074.0
 05097,"Montgomery, AR",2023,191161.0
 05099,"Nevada, AR",2023,291629.0
 05101,"Newton, AR",2023,125598.0
 05103,"Ouachita, AR",2023,846091.0
 05105,"Perry, AR",2023,235863.0
 05107,"Phillips, AR",2023,710274.0
 05109,"Pike, AR",2023,364586.0
 05111,"Poinsett, AR",2023,905255.0
 05113,"Polk, AR",2023,742315.0
 05115,"Pope, AR",2023,4074569.0
 05117,"Prairie, AR",2023,299845.0
 05119,"Pulaski, AR",2023,39037390.0
 05121,"Randolph, AR",2023,666027.0
 05123,"St. Francis, AR",2023,928123.0
 05125,"Saline, AR",2023,3904704.0
 05127,"Scott, AR",2023,424600.0
 05129,"Searcy, AR",2023,247400.0
 05131,"Sebastian, AR",2023,8972701.0
 05133,"Sevier, AR",2023,637954.0
 05135,"Sharp, AR",2023,506782.0
 05137,"Stone, AR",2023,345854.0
 05139,"Union, AR",2023,3591931.0
 05141,"Van Buren, AR",2023,499527.0
 05143,"Washington, AR",2023,16560700.0
 05145,"White, AR",2023,3090101.0
 05147,"Woodruff, AR",2023,385270.0
 05149,"Yell, AR",2023,770473.0
 06000,California,2023,3870378947.0
 06001,"Alameda, CA",2023,178765959.0
 06003,"Alpine, CA",2023,128190.0
 06005,"Amador, CA",2023,2065666.0
 06007,"Butte, CA",2023,11727399.0
 06009,"Calaveras, CA",2023,1854514.0
 06011,"Colusa, CA",2023,2085697.0
 06013,"Contra Costa, CA",2023,97677817.0
 06015,"Del Norte, CA",2023,1048775.0
 06017,"El Dorado, CA",2023,10968296.0
 06019,"Fresno, CA",2023,60151259.0
 06021,"Glenn, CA",2023,1357827.0
 06023,"Humboldt, CA",2023,7408007.0
 06025,"Imperial, CA",2023,13483299.0
 06027,"Inyo, CA",2023,1423839.0
 06029,"Kern, CA",2023,59846810.0
 06031,"Kings, CA",2023,8873931.0
 06033,"Lake, CA",2023,2469284.0
 06035,"Lassen, CA",2023,1415144.0
 06037,"Los Angeles, CA",2023,961908123.0
 06039,"Madera, CA",2023,8025001.0
 06041,"Marin, CA",2023,36837335.0
 06043,"Mariposa, CA",2023,986157.0
 06045,"Mendocino, CA",2023,4659813.0
 06047,"Merced, CA",2023,12214481.0
 06049,"Modoc, CA",2023,734119.0
 06051,"Mono, CA",2023,1503561.0
 06053,"Monterey, CA",2023,36861463.0
 06055,"Napa, CA",2023,14227116.0
 06057,"Nevada, CA",2023,5948973.0
 06059,"Orange, CA",2023,333453280.0
 06061,"Placer, CA",2023,33596149.0
 06063,"Plumas, CA",2023,1322900.0
 06065,"Riverside, CA",2023,126292771.0
 06067,"Sacramento, CA",2023,125634997.0
 06069,"San Benito, CA",2023,2900206.0
 06071,"San Bernardino, CA",2023,130566310.0
 06073,"San Diego, CA",2023,314943175.0
 06075,"San Francisco, CA",2023,263108633.0
 06077,"San Joaquin, CA",2023,42836031.0
 06079,"San Luis Obispo, CA",2023,22753294.0
 06081,"San Mateo, CA",2023,202488060.0
 06083,"Santa Barbara, CA",2023,38512465.0
 06085,"Santa Clara, CA",2023,419917249.0
 06087,"Santa Cruz, CA",2023,20186709.0
 06089,"Shasta, CA",2023,11047068.0
 06091,"Sierra, CA",2023,121921.0
 06093,"Siskiyou, CA",2023,2370763.0
 06095,"Solano, CA",2023,37156243.0
 06097,"Sonoma, CA",2023,38453328.0
 06099,"Stanislaus, CA",2023,30597632.0
 06101,"Sutter, CA",2023,5034052.0
 06103,"Tehama, CA",2023,2772973.0
 06105,"Trinity, CA",2023,515177.0
 06107,"Tulare, CA",2023,24256732.0
 06109,"Tuolumne, CA",2023,3275577.0
 06111,"Ventura, CA",2023,65991334.0
 06113,"Yolo, CA",2023,19424841.0
 06115,"Yuba, CA",2023,4191220.0
 08000,Colorado,2023,529626520.0
 08001,"Adams, CO*",2023,41298985.0
 08003,"Alamosa, CO",2023,872777.0
 08005,"Arapahoe, CO",2023,64323218.0
 08007,"Archuleta, CO",2023,733306.0
 08009,"Baca, CO",2023,273759.0
 08011,"Bent, CO",2023,181224.0
 08013,"Boulder, CO*",2023,37662897.0
 08014,"Broomfield, CO*",2023,11037437.0
 08015,"Chaffee, CO",2023,1206188.0
 08017,"Cheyenne, CO",2023,411416.0
 08019,"Clear Creek, CO",2023,703029.0
 08021,"Conejos, CO",2023,256015.0
 08023,"Costilla, CO",2023,106334.0
 08025,"Crowley, CO",2023,150193.0
 08027,"Custer, CO",2023,212229.0
 08029,"Delta, CO",2023,1149771.0
 08031,"Denver, CO",2023,118568808.0
 08033,"Dolores, CO",2023,115026.0
 08035,"Douglas, CO",2023,29016749.0
 08037,"Eagle, CO",2023,6442082.0
 08039,"Elbert, CO",2023,943947.0
 08041,"El Paso, CO",2023,51748130.0
 08043,"Fremont, CO",2023,1962984.0
 08045,"Garfield, CO",2023,4995438.0
 08047,"Gilpin, CO",2023,934979.0
 08049,"Grand, CO",2023,1427137.0
 08051,"Gunnison, CO",2023,1600626.0
 08053,"Hinsdale, CO",2023,57026.0
 08055,"Huerfano, CO",2023,333096.0
 08057,"Jackson, CO",2023,152904.0
 08059,"Jefferson, CO*",2023,44459565.0
 08061,"Kiowa, CO",2023,136364.0
 08063,"Kit Carson, CO",2023,725015.0
 08065,"Lake, CO",2023,447741.0
 08067,"La Plata, CO",2023,4098961.0
 08069,"Larimer, CO",2023,26974178.0
 08071,"Las Animas, CO",2023,655444.0
 08073,"Lincoln, CO",2023,540764.0
 08075,"Logan, CO",2023,1412430.0
 08077,"Mesa, CO",2023,9147468.0
 08079,"Mineral, CO",2023,90118.0
 08081,"Moffat, CO",2023,1337785.0
 08083,"Montezuma, CO",2023,1538101.0
 08085,"Montrose, CO",2023,2300518.0
 08087,"Morgan, CO",2023,1969012.0
 08089,"Otero, CO",2023,695807.0
 08091,"Ouray, CO",2023,334902.0
 08093,"Park, CO",2023,589636.0
 08095,"Phillips, CO",2023,335992.0
 08097,"Pitkin, CO",2023,3559697.0
 08099,"Prowers, CO",2023,692620.0
 08101,"Pueblo, CO",2023,8576776.0
 08103,"Rio Blanco, CO",2023,797250.0
 08105,"Rio Grande, CO",2023,574154.0
 08107,"Routt, CO",2023,2895922.0
 08109,"Saguache, CO",2023,230815.0
 08111,"San Juan, CO",2023,56097.0
 08113,"San Miguel, CO",2023,1076319.0
 08115,"Sedgwick, CO",2023,119220.0
 08117,"Summit, CO",2023,4000716.0
 08119,"Teller, CO",2023,1344511.0
 08121,"Washington, CO",2023,246304.0
 08123,"Weld, CO*",2023,28181144.0
 08125,"Yuma, CO",2023,607465.0
 09000,Connecticut,2023,345911907.0
 09001,"Fairfield, CT",2023,116030979.0
 09003,"Hartford, CT",2023,103387755.0
 09005,"Litchfield, CT",2023,11438064.0
 09007,"Middlesex, CT",2023,12719511.0
 09009,"New Haven, CT",2023,65232142.0
 09011,"New London, CT",2023,23909840.0
 09013,"Tolland, CT",2023,6698036.0
 09015,"Windham, CT",2023,6495580.0
 10000,Delaware,2023,98068730.0
 10001,"Kent, DE",2023,10509748.0
 10003,"New Castle, DE",2023,68242613.0
 10005,"Sussex, DE",2023,19316369.0
 11000,District of Columbia,2023,176501668.0
 11001,"District of Columbia, DC",2023,176501668.0
 12000,Florida,2023,1600810606.0
 12001,"Alachua, FL",2023,19820853.0
 12003,"Baker, FL",2023,993981.0
 12005,"Bay, FL",2023,12731669.0
 12007,"Bradford, FL",2023,902562.0
 12009,"Brevard, FL",2023,39591386.0
 12011,"Broward, FL",2023,162924303.0
 12013,"Calhoun, FL",2023,446556.0
 12015,"Charlotte, FL",2023,8701074.0
 12017,"Citrus, FL",2023,6430594.0
 12019,"Clay, FL",2023,8317901.0
 12021,"Collier, FL",2023,31526854.0
 12023,"Columbia, FL",2023,3395621.0
 12027,"DeSoto, FL",2023,1374316.0
 12029,"Dixie, FL",2023,403097.0
 12031,"Duval, FL",2023,98042581.0
 12033,"Escambia, FL",2023,22677567.0
 12035,"Flagler, FL",2023,4968899.0
 12037,"Franklin, FL",2023,473118.0
 12039,"Gadsden, FL",2023,1742669.0
 12041,"Gilchrist, FL",2023,535745.0
 12043,"Glades, FL",2023,426985.0
 12045,"Gulf, FL",2023,616705.0
 12047,"Hamilton, FL",2023,720504.0
 12049,"Hardee, FL",2023,1469706.0
 12051,"Hendry, FL",2023,1819050.0
 12053,"Hernando, FL",2023,6660824.0
 12055,"Highlands, FL",2023,3583095.0
 12057,"Hillsborough, FL",2023,141424599.0
 12059,"Holmes, FL",2023,537354.0
 12061,"Indian River, FL",2023,10207144.0
 12063,"Jackson, FL",2023,1794556.0
 12065,"Jefferson, FL",2023,389336.0
 12067,"Lafayette, FL",2023,269938.0
 12069,"Lake, FL",2023,15878160.0
 12071,"Lee, FL",2023,50645899.0
 12073,"Leon, FL",2023,21300883.0
 12075,"Levy, FL",2023,1467179.0
 12077,"Liberty, FL",2023,496757.0
 12079,"Madison, FL",2023,662926.0
 12081,"Manatee, FL",2023,24057914.0
 12083,"Marion, FL",2023,15982712.0
 12085,"Martin, FL",2023,11887841.0
 12086,"Miami-Dade, FL",2023,239652386.0
 12087,"Monroe, FL",2023,7652529.0
 12089,"Nassau, FL",2023,4833872.0
 12091,"Okaloosa, FL",2023,17783356.0
 12093,"Okeechobee, FL",2023,2681874.0
 12095,"Orange, FL",2023,149840652.0
 12097,"Osceola, FL",2023,18342260.0
 12099,"Palm Beach, FL",2023,131097206.0
 12101,"Pasco, FL",2023,22139360.0
 12103,"Pinellas, FL",2023,73043560.0
 12105,"Polk, FL",2023,41081699.0
 12107,"Putnam, FL",2023,3269121.0
 12109,"St. Johns, FL",2023,16906187.0
 12111,"St. Lucie, FL",2023,15265226.0
 12113,"Santa Rosa, FL",2023,7299464.0
 12115,"Sarasota, FL",2023,32549683.0
 12117,"Seminole, FL",2023,32977048.0
 12119,"Sumter, FL",2023,7137460.0
 12121,"Suwannee, FL",2023,1948898.0
 12123,"Taylor, FL",2023,939795.0
 12125,"Union, FL",2023,500696.0
 12127,"Volusia, FL",2023,27570630.0
 12129,"Wakulla, FL",2023,1096859.0
 12131,"Walton, FL",2023,6011364.0
 12133,"Washington, FL",2023,888009.0
 13000,Georgia,2023,831827747.0
 13001,"Appling, GA",2023,2331863.0
 13003,"Atkinson, GA",2023,343728.0
 13005,"Bacon, GA",2023,492480.0
 13007,"Baker, GA",2023,78205.0
 13009,"Baldwin, GA",2023,1845664.0
 13011,"Banks, GA",2023,611335.0
 13013,"Barrow, GA",2023,3597027.0
 13015,"Bartow, GA",2023,7509899.0
 13017,"Ben Hill, GA",2023,788585.0
 13019,"Berrien, GA",2023,552952.0
 13021,"Bibb, GA",2023,10534079.0
 13023,"Bleckley, GA",2023,325543.0
 13025,"Brantley, GA",2023,386352.0
 13027,"Brooks, GA",2023,645864.0
 13029,"Bryan, GA",2023,1831913.0
 13031,"Bulloch, GA",2023,3460801.0
 13033,"Burke, GA",2023,3591057.0
 13035,"Butts, GA",2023,1011747.0
 13037,"Calhoun, GA",2023,150799.0
 13039,"Camden, GA",2023,2538070.0
 13043,"Candler, GA",2023,381614.0
 13045,"Carroll, GA",2023,7943911.0
 13047,"Catoosa, GA",2023,2324838.0
 13049,"Charlton, GA",2023,272153.0
 13051,"Chatham, GA",2023,27506006.0
 13053,"Chattahoochee, GA",2023,1977867.0
 13055,"Chattooga, GA",2023,685516.0
 13057,"Cherokee, GA",2023,12183705.0
 13059,"Clarke, GA",2023,10262529.0
 13061,"Clay, GA",2023,112591.0
 13063,"Clayton, GA",2023,25524341.0
 13065,"Clinch, GA",2023,302005.0
 13067,"Cobb, GA",2023,78107587.0
 13069,"Coffee, GA",2023,2121857.0
 13071,"Colquitt, GA",2023,2015464.0
 13073,"Columbia, GA",2023,5930154.0
 13075,"Cook, GA",2023,539568.0
 13077,"Coweta, GA",2023,7313763.0
 13079,"Crawford, GA",2023,198477.0
 13081,"Crisp, GA",2023,1307802.0
 13083,"Dade, GA",2023,592116.0
 13085,"Dawson, GA",2023,1351483.0
 13087,"Decatur, GA",2023,1398998.0
 13089,"DeKalb, GA",2023,56472682.0
 13091,"Dodge, GA",2023,529159.0
 13093,"Dooly, GA",2023,433341.0
 13095,"Dougherty, GA",2023,6001149.0
 13097,"Douglas, GA",2023,7421416.0
 13099,"Early, GA",2023,637141.0
 13101,"Echols, GA",2023,54329.0
 13103,"Effingham, GA",2023,3057602.0
 13105,"Elbert, GA",2023,873898.0
 13107,"Emanuel, GA",2023,908524.0
 13109,"Evans, GA",2023,503889.0
 13111,"Fannin, GA",2023,1192584.0
 13113,"Fayette, GA",2023,7888422.0
 13115,"Floyd, GA",2023,5449843.0
 13117,"Forsyth, GA",2023,14922169.0
 13119,"Franklin, GA",2023,1255510.0
 13121,"Fulton, GA",2023,231487747.0
 13123,"Gilmer, GA",2023,1294541.0
 13125,"Glascock, GA",2023,39456.0
 13127,"Glynn, GA",2023,5780083.0
 13129,"Gordon, GA",2023,3142403.0
 13131,"Grady, GA",2023,823080.0
 13133,"Greene, GA",2023,1168463.0
 13135,"Gwinnett, GA",2023,68140574.0
 13137,"Habersham, GA",2023,1867935.0
 13139,"Hall, GA",2023,16640845.0
 13141,"Hancock, GA",2023,200416.0
 13143,"Haralson, GA",2023,1225495.0
 13145,"Harris, GA",2023,799141.0
 13147,"Hart, GA",2023,1121937.0
 13149,"Heard, GA",2023,1786299.0
 13151,"Henry, GA",2023,10638698.0
 13153,"Houston, GA",2023,9380698.0
 13155,"Irwin, GA",2023,276850.0
 13157,"Jackson, GA",2023,5849957.0
 13159,"Jasper, GA",2023,386618.0
 13161,"Jeff Davis, GA",2023,633643.0
 13163,"Jefferson, GA",2023,713425.0
 13165,"Jenkins, GA",2023,195993.0
 13167,"Johnson, GA",2023,151698.0
 13169,"Jones, GA",2023,558085.0
 13171,"Lamar, GA",2023,622571.0
 13173,"Lanier, GA",2023,178928.0
 13175,"Laurens, GA",2023,2501244.0
 13177,"Lee, GA",2023,1065475.0
 13179,"Liberty, GA",2023,4879737.0
 13181,"Lincoln, GA",2023,176043.0
 13183,"Long, GA",2023,275003.0
 13185,"Lowndes, GA",2023,6800131.0
 13187,"Lumpkin, GA",2023,1245350.0
 13189,"McDuffie, GA",2023,903337.0
 13191,"McIntosh, GA",2023,277691.0
 13193,"Macon, GA",2023,533203.0
 13195,"Madison, GA",2023,766468.0
 13197,"Marion, GA",2023,146676.0
 13199,"Meriwether, GA",2023,848619.0
 13201,"Miller, GA",2023,260790.0
 13205,"Mitchell, GA",2023,935982.0
 13207,"Monroe, GA",2023,1732070.0
 13209,"Montgomery, GA",2023,193241.0
 13211,"Morgan, GA",2023,1377707.0
 13213,"Murray, GA",2023,1900687.0
 13215,"Muscogee, GA",2023,13222197.0
 13217,"Newton, GA",2023,4050415.0
 13219,"Oconee, GA",2023,2316729.0
 13221,"Oglethorpe, GA",2023,422622.0
 13223,"Paulding, GA",2023,4656084.0
 13225,"Peach, GA",2023,1168461.0
 13227,"Pickens, GA",2023,1439483.0
 13229,"Pierce, GA",2023,645676.0
 13231,"Pike, GA",2023,471650.0
 13233,"Polk, GA",2023,1697819.0
 13235,"Pulaski, GA",2023,335091.0
 13237,"Putnam, GA",2023,801478.0
 13239,"Quitman, GA",2023,40862.0
 13241,"Rabun, GA",2023,783232.0
 13243,"Randolph, GA",2023,233353.0
 13245,"Richmond, GA",2023,16177582.0
 13247,"Rockdale, GA",2023,5445832.0
 13249,"Schley, GA",2023,145769.0
 13251,"Screven, GA",2023,393217.0
 13253,"Seminole, GA",2023,392976.0
 13255,"Spalding, GA",2023,2915960.0
 13257,"Stephens, GA",2023,1238105.0
 13259,"Stewart, GA",2023,195206.0
 13261,"Sumter, GA",2023,1295507.0
 13263,"Talbot, GA",2023,197775.0
 13265,"Taliaferro, GA",2023,36664.0
 13267,"Tattnall, GA",2023,767657.0
 13269,"Taylor, GA",2023,287680.0
 13271,"Telfair, GA",2023,349885.0
 13273,"Terrell, GA",2023,313033.0
 13275,"Thomas, GA",2023,3013918.0
 13277,"Tift, GA",2023,2627214.0
 13279,"Toombs, GA",2023,1353366.0
 13281,"Towns, GA",2023,534650.0
 13283,"Treutlen, GA",2023,139943.0
 13285,"Troup, GA",2023,4772326.0
 13287,"Turner, GA",2023,277233.0
 13289,"Twiggs, GA",2023,314398.0
 13291,"Union, GA",2023,1141515.0
 13293,"Upson, GA",2023,881102.0
 13295,"Walker, GA",2023,2099683.0
 13297,"Walton, GA",2023,3920931.0
 13299,"Ware, GA",2023,1799317.0
 13301,"Warren, GA",2023,221006.0
 13303,"Washington, GA",2023,827971.0
 13305,"Wayne, GA",2023,2416249.0
 13307,"Webster, GA",2023,93640.0
 13309,"Wheeler, GA",2023,147723.0
 13311,"White, GA",2023,1156082.0
 13313,"Whitfield, GA",2023,7370579.0
 13315,"Wilcox, GA",2023,191013.0
 13317,"Wilkes, GA",2023,448727.0
 13319,"Wilkinson, GA",2023,729725.0
 13321,"Worth, GA",2023,402436.0
 15000,Hawaii,2023,110265420.0
 15001,"Hawaii, HI",2023,11069167.0
 15003,"Honolulu, HI",2023,81675550.0
 15007,"Kauai, HI",2023,5221440.0
 15901,"Maui + Kalawao, HI*",2023,12299263.0
 16000,Idaho,2023,120958306.0
 16001,"Ada, ID",2023,43085592.0
 16003,"Adams, ID",2023,174882.0
 16005,"Bannock, ID",2023,4012133.0
 16007,"Bear Lake, ID",2023,264410.0
 16009,"Benewah, ID",2023,489280.0
 16011,"Bingham, ID",2023,2084813.0
 16013,"Blaine, ID",2023,2382481.0
 16015,"Boise, ID",2023,226103.0
 16017,"Bonner, ID",2023,2382117.0
 16019,"Bonneville, ID",2023,8983757.0
 16021,"Boundary, ID",2023,553371.0
 16023,"Butte, ID",2023,1726036.0
 16025,"Camas, ID",2023,111706.0
 16027,"Canyon, ID",2023,10799916.0
 16029,"Caribou, ID",2023,1027553.0
 16031,"Cassia, ID",2023,2176567.0
 16033,"Clark, ID",2023,47942.0
 16035,"Clearwater, ID",2023,481043.0
 16037,"Custer, ID",2023,243827.0
 16039,"Elmore, ID",2023,1782203.0
 16041,"Franklin, ID",2023,614452.0
 16043,"Fremont (includes Yellowstone Park), ID",2023,562837.0
 16045,"Gem, ID",2023,624701.0
 16047,"Gooding, ID",2023,1588210.0
 16049,"Idaho, ID",2023,614864.0
 16051,"Jefferson, ID",2023,1253143.0
 16053,"Jerome, ID",2023,1806162.0
 16055,"Kootenai, ID",2023,10583848.0
 16057,"Latah, ID",2023,1991090.0
 16059,"Lemhi, ID",2023,383433.0
 16061,"Lewis, ID",2023,222272.0
 16063,"Lincoln, ID",2023,356636.0
 16065,"Madison, ID",2023,1945207.0
 16067,"Minidoka, ID",2023,1190189.0
 16069,"Nez Perce, ID",2023,2988046.0
 16071,"Oneida, ID",2023,211371.0
 16073,"Owyhee, ID",2023,594823.0
 16075,"Payette, ID",2023,1146751.0
 16077,"Power, ID",2023,557636.0
 16079,"Shoshone, ID",2023,941742.0
 16081,"Teton, ID",2023,628222.0
 16083,"Twin Falls, ID",2023,5735866.0
 16085,"Valley, ID",2023,745080.0
 16087,"Washington, ID",2023,635992.0
 17000,Illinois,2023,1098346099.0
 17001,"Adams, IL",2023,4505381.0
 17003,"Alexander, IL",2023,175406.0
 17005,"Bond, IL",2023,778723.0
 17007,"Boone, IL",2023,1983981.0
 17009,"Brown, IL",2023,605281.0
 17011,"Bureau, IL",2023,1599503.0
 17013,"Calhoun, IL",2023,124493.0
 17015,"Carroll, IL",2023,750436.0
 17017,"Cass, IL",2023,875742.0
 17019,"Champaign, IL",2023,14822272.0
 17021,"Christian, IL",2023,1978481.0
 17023,"Clark, IL",2023,664380.0
 17025,"Clay, IL",2023,683336.0
 17027,"Clinton, IL",2023,1525282.0
 17029,"Coles, IL",2023,3287181.0
 17031,"Cook, IL",2023,521617262.0
 17033,"Crawford, IL",2023,1577452.0
 17035,"Cumberland, IL",2023,1399902.0
 17037,"DeKalb, IL",2023,5380745.0
 17039,"De Witt, IL",2023,1661105.0
 17041,"Douglas, IL",2023,1487306.0
 17043,"DuPage, IL",2023,124271475.0
 17045,"Edgar, IL",2023,1024106.0
 17047,"Edwards, IL",2023,317724.0
 17049,"Effingham, IL",2023,2836937.0
 17051,"Fayette, IL",2023,757460.0
 17053,"Ford, IL",2023,1096211.0
 17055,"Franklin, IL",2023,1269409.0
 17057,"Fulton, IL",2023,1116992.0
 17059,"Gallatin, IL",2023,193995.0
 17061,"Greene, IL",2023,434067.0
 17063,"Grundy, IL",2023,5821523.0
 17065,"Hamilton, IL",2023,423197.0
 17067,"Hancock, IL",2023,801017.0
 17069,"Hardin, IL",2023,131221.0
 17071,"Henderson, IL",2023,245806.0
 17073,"Henry, IL",2023,2024967.0
 17075,"Iroquois, IL",2023,1397653.0
 17077,"Jackson, IL",2023,3205291.0
 17079,"Jasper, IL",2023,634236.0
 17081,"Jefferson, IL",2023,2327425.0
 17083,"Jersey, IL",2023,672723.0
 17085,"Jo Daviess, IL",2023,1069450.0
 17087,"Johnson, IL",2023,286945.0
 17089,"Kane, IL",2023,35340289.0
 17091,"Kankakee, IL",2023,8725053.0
 17093,"Kendall, IL",2023,5070111.0
 17095,"Knox, IL",2023,2246772.0
 17097,"Lake, IL",2023,80689644.0
 17099,"LaSalle, IL",2023,7724563.0
 17101,"Lawrence, IL",2023,589838.0
 17103,"Lee, IL",2023,2035118.0
 17105,"Livingston, IL",2023,2764039.0
 17107,"Logan, IL",2023,1365330.0
 17109,"McDonough, IL",2023,1458323.0
 17111,"McHenry, IL",2023,15169879.0
 17113,"McLean, IL",2023,15005648.0
 17115,"Macon, IL",2023,8822934.0
 17117,"Macoupin, IL",2023,1515936.0
 17119,"Madison, IL",2023,14572453.0
 17121,"Marion, IL",2023,1673527.0
 17123,"Marshall, IL",2023,593590.0
 17125,"Mason, IL",2023,603787.0
 17127,"Massac, IL",2023,489540.0
 17129,"Menard, IL",2023,351441.0
 17131,"Mercer, IL",2023,582906.0
 17133,"Monroe, IL",2023,1314601.0
 17135,"Montgomery, IL",2023,1624214.0
 17137,"Morgan, IL",2023,2008024.0
 17139,"Moultrie, IL",2023,1074929.0
 17141,"Ogle, IL",2023,3871245.0
 17143,"Peoria, IL",2023,16424962.0
 17145,"Perry, IL",2023,835033.0
 17147,"Piatt, IL",2023,690032.0
 17149,"Pike, IL",2023,743704.0
 17151,"Pope, IL",2023,74888.0
 17153,"Pulaski, IL",2023,195732.0
 17155,"Putnam, IL",2023,405760.0
 17157,"Randolph, IL",2023,1946441.0
 17159,"Richland, IL",2023,736048.0
 17161,"Rock Island, IL",2023,12472249.0
 17163,"St. Clair, IL",2023,15688706.0
 17165,"Saline, IL",2023,1010906.0
 17167,"Sangamon, IL",2023,14547737.0
 17169,"Schuyler, IL",2023,310795.0
 17171,"Scott, IL",2023,207861.0
 17173,"Shelby, IL",2023,1074902.0
 17175,"Stark, IL",2023,347191.0
 17177,"Stephenson, IL",2023,2304235.0
 17179,"Tazewell, IL",2023,7712949.0
 17181,"Union, IL",2023,505332.0
 17183,"Vermilion, IL",2023,4136523.0
 17185,"Wabash, IL",2023,425868.0
 17187,"Warren, IL",2023,1114162.0
 17189,"Washington, IL",2023,1251659.0
 17191,"Wayne, IL",2023,606576.0
 17193,"White, IL",2023,664473.0
 17195,"Whiteside, IL",2023,2822765.0
 17197,"Will, IL",2023,48778960.0
 17199,"Williamson, IL",2023,3770892.0
 17201,"Winnebago, IL",2023,17728085.0
 17203,"Woodford, IL",2023,1683459.0
 18000,Indiana,2023,499503095.0
 18001,"Adams, IN",2023,2216096.0
 18003,"Allen, IN",2023,27897536.0
 18005,"Bartholomew, IN",2023,8668346.0
 18007,"Benton, IN",2023,652022.0
 18009,"Blackford, IN",2023,444403.0
 18011,"Boone, IN",2023,5708094.0
 18013,"Brown, IN",2023,395710.0
 18015,"Carroll, IN",2023,890613.0
 18017,"Cass, IN",2023,1877088.0
 18019,"Clark, IN",2023,7731075.0
 18021,"Clay, IN",2023,1069295.0
 18023,"Clinton, IN",2023,1937897.0
 18025,"Crawford, IN",2023,245647.0
 18027,"Daviess, IN",2023,2006620.0
 18029,"Dearborn, IN",2023,2415772.0
 18031,"Decatur, IN",2023,1867520.0
 18033,"DeKalb, IN",2023,3491820.0
 18035,"Delaware, IN",2023,5333469.0
 18037,"Dubois, IN",2023,3469171.0
 18039,"Elkhart, IN",2023,20857760.0
 18041,"Fayette, IN",2023,693454.0
 18043,"Floyd, IN",2023,3941571.0
 18045,"Fountain, IN",2023,701421.0
 18047,"Franklin, IN",2023,763478.0
 18049,"Fulton, IN",2023,928046.0
 18051,"Gibson, IN",2023,4305401.0
 18053,"Grant, IN",2023,3132007.0
 18055,"Greene, IN",2023,852324.0
 18057,"Hamilton, IN",2023,28512867.0
 18059,"Hancock, IN",2023,4757495.0
 18061,"Harrison, IN",2023,1607023.0
 18063,"Hendricks, IN",2023,10037410.0
 18065,"Henry, IN",2023,1964061.0
 18067,"Howard, IN",2023,5473566.0
 18069,"Huntington, IN",2023,1990484.0
 18071,"Jackson, IN",2023,3545061.0
 18073,"Jasper, IN",2023,1911665.0
 18075,"Jay, IN",2023,1349836.0
 18077,"Jefferson, IN",2023,2058110.0
 18079,"Jennings, IN",2023,945099.0
 18081,"Johnson, IN",2023,8036774.0
 18083,"Knox, IN",2023,2455717.0
 18085,"Kosciusko, IN",2023,7800347.0
 18087,"Lagrange, IN",2023,2353211.0
 18089,"Lake, IN",2023,30459082.0
 18091,"LaPorte, IN",2023,5676096.0
 18093,"Lawrence, IN",2023,1769168.0
 18095,"Madison, IN",2023,5212353.0
 18097,"Marion, IN",2023,129886599.0
 18099,"Marshall, IN",2023,2243321.0
 18101,"Martin, IN",2023,1470555.0
 18103,"Miami, IN",2023,1225304.0
 18105,"Monroe, IN",2023,8893355.0
 18107,"Montgomery, IN",2023,2311759.0
 18109,"Morgan, IN",2023,2509308.0
 18111,"Newton, IN",2023,488033.0
 18113,"Noble, IN",2023,2516918.0
 18115,"Ohio, IN",2023,148360.0
 18117,"Orange, IN",2023,896478.0
 18119,"Owen, IN",2023,748368.0
 18121,"Parke, IN",2023,548636.0
 18123,"Perry, IN",2023,1023226.0
 18125,"Pike, IN",2023,701734.0
 18127,"Porter, IN",2023,9897777.0
 18129,"Posey, IN",2023,6891436.0
 18131,"Pulaski, IN",2023,962969.0
 18133,"Putnam, IN",2023,1418894.0
 18135,"Randolph, IN",2023,1199034.0
 18137,"Ripley, IN",2023,1324832.0
 18139,"Rush, IN",2023,822524.0
 18141,"St. Joseph, IN",2023,18508352.0
 18143,"Scott, IN",2023,880405.0
 18145,"Shelby, IN",2023,2722474.0
 18147,"Spencer, IN",2023,1147163.0
 18149,"Starke, IN",2023,701171.0
 18151,"Steuben, IN",2023,1920542.0
 18153,"Sullivan, IN",2023,1277022.0
 18155,"Switzerland, IN",2023,320944.0
 18157,"Tippecanoe, IN",2023,13047003.0
 18159,"Tipton, IN",2023,807973.0
 18161,"Union, IN",2023,201523.0
 18163,"Vanderburgh, IN",2023,14719029.0
 18165,"Vermillion, IN",2023,1201934.0
 18167,"Vigo, IN",2023,6203656.0
 18169,"Wabash, IN",2023,1684616.0
 18171,"Warren, IN",2023,389414.0
 18173,"Warrick, IN",2023,3213988.0
 18175,"Washington, IN",2023,920220.0
 18177,"Wayne, IN",2023,3697593.0
 18179,"Wells, IN",2023,1567291.0
 18181,"White, IN",2023,1498809.0
 18183,"Whitley, IN",2023,2333473.0
 19000,Iowa,2023,254031974.0
 19001,"Adair, IA",2023,664678.0
 19003,"Adams, IA",2023,289891.0
 19005,"Allamakee, IA",2023,706983.0
 19007,"Appanoose, IA",2023,520684.0
 19009,"Audubon, IA",2023,476583.0
 19011,"Benton, IA",2023,1194423.0
 19013,"Black Hawk, IA",2023,10239674.0
 19015,"Boone, IA",2023,1326541.0
 19017,"Bremer, IA",2023,1516404.0
 19019,"Buchanan, IA",2023,1090011.0
 19021,"Buena Vista, IA",2023,1779393.0
 19023,"Butler, IA",2023,745146.0
 19025,"Calhoun, IA",2023,581095.0
 19027,"Carroll, IA",2023,1765949.0
 19029,"Cass, IA",2023,949790.0
 19031,"Cedar, IA",2023,835956.0
 19033,"Cerro Gordo, IA",2023,3514665.0
 19035,"Cherokee, IA",2023,1048894.0
 19037,"Chickasaw, IA",2023,1036817.0
 19039,"Clarke, IA",2023,552797.0
 19041,"Clay, IA",2023,1430722.0
 19043,"Clayton, IA",2023,1141019.0
 19045,"Clinton, IA",2023,2909338.0
 19047,"Crawford, IA",2023,1048657.0
 19049,"Dallas, IA",2023,10067389.0
 19051,"Davis, IA",2023,382786.0
 19053,"Decatur, IA",2023,259916.0
 19055,"Delaware, IA",2023,1230872.0
 19057,"Des Moines, IA",2023,2718196.0
 19059,"Dickinson, IA",2023,1410297.0
 19061,"Dubuque, IA",2023,9017369.0
 19063,"Emmet, IA",2023,453570.0
 19065,"Fayette, IA",2023,1005081.0
 19067,"Floyd, IA",2023,1130141.0
 19069,"Franklin, IA",2023,815940.0
 19071,"Fremont, IA",2023,444671.0
 19073,"Greene, IA",2023,680582.0
 19075,"Grundy, IA",2023,765868.0
 19077,"Guthrie, IA",2023,701398.0
 19079,"Hamilton, IA",2023,1033860.0
 19081,"Hancock, IA",2023,1100458.0
 19083,"Hardin, IA",2023,1230235.0
 19085,"Harrison, IA",2023,700303.0
 19087,"Henry, IA",2023,1179221.0
 19089,"Howard, IA",2023,692136.0
 19091,"Humboldt, IA",2023,596423.0
 19093,"Ida, IA",2023,847680.0
 19095,"Iowa, IA",2023,1331267.0
 19097,"Jackson, IA",2023,860899.0
 19099,"Jasper, IA",2023,1541901.0
 19101,"Jefferson, IA",2023,925384.0
 19103,"Johnson, IA",2023,11947432.0
 19105,"Jones, IA",2023,904629.0
 19107,"Keokuk, IA",2023,458773.0
 19109,"Kossuth, IA",2023,1279274.0
 19111,"Lee, IA",2023,2248893.0
 19113,"Linn, IA",2023,20863578.0
 19115,"Louisa, IA",2023,972087.0
 19117,"Lucas, IA",2023,354558.0
 19119,"Lyon, IA",2023,1263178.0
 19121,"Madison, IA",2023,659658.0
 19123,"Mahaska, IA",2023,1162014.0
 19125,"Marion, IA",2023,2970116.0
 19127,"Marshall, IA",2023,2299002.0
 19129,"Mills, IA",2023,665583.0
 19131,"Mitchell, IA",2023,1047860.0
 19133,"Monona, IA",2023,516918.0
 19135,"Monroe, IA",2023,602851.0
 19137,"Montgomery, IA",2023,550407.0
 19139,"Muscatine, IA",2023,3125865.0
 19141,"O'Brien, IA",2023,1178626.0
 19143,"Osceola, IA",2023,502112.0
 19145,"Page, IA",2023,827010.0
 19147,"Palo Alto, IA",2023,727737.0
 19149,"Plymouth, IA",2023,2000796.0
 19151,"Pocahontas, IA",2023,640788.0
 19153,"Polk, IA",2023,59256524.0
 19155,"Pottawattamie, IA",2023,5782771.0
 19157,"Poweshiek, IA",2023,1551119.0
 19159,"Ringgold, IA",2023,211159.0
 19161,"Sac, IA",2023,776394.0
 19163,"Scott, IA",2023,12795009.0
 19165,"Shelby, IA",2023,1037217.0
 19167,"Sioux, IA",2023,3348933.0
 19169,"Story, IA",2023,7288490.0
 19171,"Tama, IA",2023,872100.0
 19173,"Taylor, IA",2023,379276.0
 19175,"Union, IA",2023,988894.0
 19177,"Van Buren, IA",2023,301824.0
 19179,"Wapello, IA",2023,2190085.0
 19181,"Warren, IA",2023,1835636.0
 19183,"Washington, IA",2023,1654780.0
 19185,"Wayne, IA",2023,302846.0
 19187,"Webster, IA",2023,2726095.0
 19189,"Winnebago, IA",2023,619879.0
 19191,"Winneshiek, IA",2023,1300619.0
 19193,"Woodbury, IA",2023,6999587.0
 19195,"Worth, IA",2023,494686.0
 19197,"Wright, IA",2023,1058355.0
 20000,Kansas,2023,228232415.0
 20001,"Allen, KS",2023,692362.0
 20003,"Anderson, KS",2023,508590.0
 20005,"Atchison, KS",2023,776273.0
 20007,"Barber, KS",2023,253429.0
 20009,"Barton, KS",2023,1617593.0
 20011,"Bourbon, KS",2023,742522.0
 20013,"Brown, KS",2023,676112.0
 20015,"Butler, KS",2023,3835609.0
 20017,"Chase, KS",2023,167575.0
 20019,"Chautauqua, KS",2023,108191.0
 20021,"Cherokee, KS",2023,1079769.0
 20023,"Cheyenne, KS",2023,185036.0
 20025,"Clark, KS",2023,277740.0
 20027,"Clay, KS",2023,376061.0
 20029,"Cloud, KS",2023,584247.0
 20031,"Coffey, KS",2023,935855.0
 20033,"Comanche, KS",2023,89042.0
 20035,"Cowley, KS",2023,1668080.0
 20037,"Crawford, KS",2023,2110149.0
 20039,"Decatur, KS",2023,217245.0
 20041,"Dickinson, KS",2023,878533.0
 20043,"Doniphan, KS",2023,327507.0
 20045,"Douglas, KS",2023,6741959.0
 20047,"Edwards, KS",2023,230773.0
 20049,"Elk, KS",2023,108991.0
 20051,"Ellis, KS",2023,2116113.0
 20053,"Ellsworth, KS",2023,360848.0
 20055,"Finney, KS",2023,2958636.0
 20057,"Ford, KS",2023,2992245.0
 20059,"Franklin, KS",2023,1162244.0
 20061,"Geary, KS",2023,3517533.0
 20063,"Gove, KS",2023,296852.0
 20065,"Graham, KS",2023,226571.0
 20067,"Grant, KS",2023,485157.0
 20069,"Gray, KS",2023,894009.0
 20071,"Greeley, KS",2023,184241.0
 20073,"Greenwood, KS",2023,219115.0
 20075,"Hamilton, KS",2023,297781.0
 20077,"Harper, KS",2023,377712.0
 20079,"Harvey, KS",2023,1752460.0
 20081,"Haskell, KS",2023,488224.0
 20083,"Hodgeman, KS",2023,188999.0
 20085,"Jackson, KS",2023,472054.0
 20087,"Jefferson, KS",2023,503050.0
 20089,"Jewell, KS",2023,181492.0
 20091,"Johnson, KS",2023,69970241.0
 20093,"Kearny, KS",2023,311200.0
 20095,"Kingman, KS",2023,411877.0
 20097,"Kiowa, KS",2023,153103.0
 20099,"Labette, KS",2023,1043894.0
 20101,"Lane, KS",2023,200647.0
 20103,"Leavenworth, KS",2023,3779524.0
 20105,"Lincoln, KS",2023,193805.0
 20107,"Linn, KS",2023,640549.0
 20109,"Logan, KS",2023,223527.0
 20111,"Lyon, KS",2023,1907497.0
 20113,"McPherson, KS",2023,2583516.0
 20115,"Marion, KS",2023,513729.0
 20117,"Marshall, KS",2023,703386.0
 20119,"Meade, KS",2023,307244.0
 20121,"Miami, KS",2023,1369382.0
 20123,"Mitchell, KS",2023,693539.0
 20125,"Montgomery, KS",2023,3010806.0
 20127,"Morris, KS",2023,263170.0
 20129,"Morton, KS",2023,204544.0
 20131,"Nemaha, KS",2023,656799.0
 20133,"Neosho, KS",2023,782480.0
 20135,"Ness, KS",2023,268961.0
 20137,"Norton, KS",2023,406275.0
 20139,"Osage, KS",2023,418450.0
 20141,"Osborne, KS",2023,258889.0
 20143,"Ottawa, KS",2023,182901.0
 20145,"Pawnee, KS",2023,373813.0
 20147,"Phillips, KS",2023,625582.0
 20149,"Pottawatomie, KS",2023,1571746.0
 20151,"Pratt, KS",2023,735821.0
 20153,"Rawlins, KS",2023,180323.0
 20155,"Reno, KS",2023,3360747.0
 20157,"Republic, KS",2023,299874.0
 20159,"Rice, KS",2023,865460.0
 20161,"Riley, KS",2023,3713254.0
 20163,"Rooks, KS",2023,277620.0
 20165,"Rush, KS",2023,202065.0
 20167,"Russell, KS",2023,391904.0
 20169,"Saline, KS",2023,3751860.0
 20171,"Scott, KS",2023,502412.0
 20173,"Sedgwick, KS",2023,39933918.0
 20175,"Seward, KS",2023,1604580.0
 20177,"Shawnee, KS",2023,13579888.0
 20179,"Sheridan, KS",2023,251997.0
 20181,"Sherman, KS",2023,435029.0
 20183,"Smith, KS",2023,273754.0
 20185,"Stafford, KS",2023,274350.0
 20187,"Stanton, KS",2023,260828.0
 20189,"Stevens, KS",2023,448261.0
 20191,"Sumner, KS",2023,946058.0
 20193,"Thomas, KS",2023,873403.0
 20195,"Trego, KS",2023,232030.0
 20197,"Wabaunsee, KS",2023,183014.0
 20199,"Wallace, KS",2023,118132.0
 20201,"Washington, KS",2023,277976.0
 20203,"Wichita, KS",2023,321291.0
 20205,"Wilson, KS",2023,416910.0
 20207,"Woodson, KS",2023,107052.0
 20209,"Wyandotte, KS",2023,14516943.0
 21000,Kentucky,2023,279707500.0
 21001,"Adair, KY",2023,516641.0
 21003,"Allen, KY",2023,584178.0
 21005,"Anderson, KY",2023,729843.0
 21007,"Ballard, KY",2023,339671.0
 21009,"Barren, KY",2023,1761883.0
 21011,"Bath, KY",2023,258275.0
 21013,"Bell, KY",2023,947112.0
 21015,"Boone, KY",2023,16250915.0
 21017,"Bourbon, KY",2023,1185638.0
 21019,"Boyd, KY",2023,3958077.0
 21021,"Boyle, KY",2023,1667288.0
 21023,"Bracken, KY",2023,226720.0
 21025,"Breathitt, KY",2023,294737.0
 21027,"Breckinridge, KY",2023,494585.0
 21029,"Bullitt, KY",2023,3482882.0
 21031,"Butler, KY",2023,393371.0
 21033,"Caldwell, KY",2023,521139.0
 21035,"Calloway, KY",2023,1827453.0
 21037,"Campbell, KY",2023,4715227.0
 21039,"Carlisle, KY",2023,249968.0
 21041,"Carroll, KY",2023,2558458.0
 21043,"Carter, KY",2023,640093.0
 21045,"Casey, KY",2023,451825.0
 21047,"Christian, KY",2023,7521989.0
 21049,"Clark, KY",2023,1924485.0
 21051,"Clay, KY",2023,451029.0
 21053,"Clinton, KY",2023,396984.0
 21055,"Crittenden, KY",2023,243595.0
 21057,"Cumberland, KY",2023,223923.0
 21059,"Daviess, KY",2023,5882729.0
 21061,"Edmonson, KY",2023,240635.0
 21063,"Elliott, KY",2023,105224.0
 21065,"Estill, KY",2023,293887.0
 21067,"Fayette, KY",2023,27311453.0
 21069,"Fleming, KY",2023,424849.0
 21071,"Floyd, KY",2023,1338233.0
 21073,"Franklin, KY",2023,4166727.0
 21075,"Fulton, KY",2023,297025.0
 21077,"Gallatin, KY",2023,450810.0
 21079,"Garrard, KY",2023,381610.0
 21081,"Grant, KY",2023,709216.0
 21083,"Graves, KY",2023,1650004.0
 21085,"Grayson, KY",2023,944025.0
 21087,"Green, KY",2023,214149.0
 21089,"Greenup, KY",2023,1028082.0
 21091,"Hancock, KY",2023,949841.0
 21093,"Hardin, KY",2023,7065007.0
 21095,"Harlan, KY",2023,718473.0
 21097,"Harrison, KY",2023,670035.0
 21099,"Hart, KY",2023,795546.0
 21101,"Henderson, KY",2023,2613226.0
 21103,"Henry, KY",2023,420489.0
 21105,"Hickman, KY",2023,260423.0
 21107,"Hopkins, KY",2023,2479937.0
 21109,"Jackson, KY",2023,207966.0
 21111,"Jefferson, KY",2023,74379280.0
 21113,"Jessamine, KY",2023,2849779.0
 21115,"Johnson, KY",2023,567061.0
 21117,"Kenton, KY",2023,11783624.0
 21119,"Knott, KY",2023,262312.0
 21121,"Knox, KY",2023,792913.0
 21123,"Larue, KY",2023,282968.0
 21125,"Laurel, KY",2023,2834130.0
 21127,"Lawrence, KY",2023,528791.0
 21129,"Lee, KY",2023,168240.0
 21131,"Leslie, KY",2023,192942.0
 21133,"Letcher, KY",2023,520280.0
 21135,"Lewis, KY",2023,257702.0
 21137,"Lincoln, KY",2023,549315.0
 21139,"Livingston, KY",2023,454921.0
 21141,"Logan, KY",2023,1373497.0
 21143,"Lyon, KY",2023,312033.0
 21145,"McCracken, KY",2023,6609917.0
 21147,"McCreary, KY",2023,327598.0
 21149,"McLean, KY",2023,310165.0
 21151,"Madison, KY",2023,4126213.0
 21153,"Magoffin, KY",2023,193540.0
 21155,"Marion, KY",2023,1170879.0
 21157,"Marshall, KY",2023,1786539.0
 21159,"Martin, KY",2023,244133.0
 21161,"Mason, KY",2023,1587027.0
 21163,"Meade, KY",2023,834337.0
 21165,"Menifee, KY",2023,116936.0
 21167,"Mercer, KY",2023,1039838.0
 21169,"Metcalfe, KY",2023,239202.0
 21171,"Monroe, KY",2023,412975.0
 21173,"Montgomery, KY",2023,1335999.0
 21175,"Morgan, KY",2023,350457.0
 21177,"Muhlenberg, KY",2023,1514127.0
 21179,"Nelson, KY",2023,2219003.0
 21181,"Nicholas, KY",2023,116389.0
 21183,"Ohio, KY",2023,1053291.0
 21185,"Oldham, KY",2023,2663663.0
 21187,"Owen, KY",2023,231882.0
 21189,"Owsley, KY",2023,69415.0
 21191,"Pendleton, KY",2023,396616.0
 21193,"Perry, KY",2023,1268452.0
 21195,"Pike, KY",2023,2527585.0
 21197,"Powell, KY",2023,319085.0
 21199,"Pulaski, KY",2023,2915885.0
 21201,"Robertson, KY",2023,38736.0
 21203,"Rockcastle, KY",2023,430043.0
 21205,"Rowan, KY",2023,1022999.0
 21207,"Russell, KY",2023,959072.0
 21209,"Scott, KY",2023,3842024.0
 21211,"Shelby, KY",2023,2205947.0
 21213,"Simpson, KY",2023,1294801.0
 21215,"Spencer, KY",2023,398874.0
 21217,"Taylor, KY",2023,1082671.0
 21219,"Todd, KY",2023,547475.0
 21221,"Trigg, KY",2023,378660.0
 21223,"Trimble, KY",2023,674641.0
 21225,"Union, KY",2023,1171350.0
 21227,"Warren, KY",2023,10612250.0
 21229,"Washington, KY",2023,408828.0
 21231,"Wayne, KY",2023,541092.0
 21233,"Webster, KY",2023,486526.0
 21235,"Whitley, KY",2023,1427472.0
 21237,"Wolfe, KY",2023,156238.0
 21239,"Woodford, KY",2023,1499277.0
 22000,Louisiana,2023,314988600.0
 22001,"Acadia, LA",2023,1982022.0
 22003,"Allen, LA",2023,955799.0
 22005,"Ascension, LA",2023,11913088.0
 22007,"Assumption, LA",2023,644076.0
 22009,"Avoyelles, LA",2023,1209851.0
 22011,"Beauregard, LA",2023,1784246.0
 22013,"Bienville, LA",2023,856973.0
 22015,"Bossier, LA",2023,7136566.0
 22017,"Caddo, LA",2023,17538838.0
 22019,"Calcasieu, LA",2023,18754940.0
 22021,"Caldwell, LA",2023,240246.0
 22023,"Cameron, LA",2023,952424.0
 22025,"Catahoula, LA",2023,235133.0
 22027,"Claiborne, LA",2023,458259.0
 22029,"Concordia, LA",2023,745781.0
 22031,"De Soto, LA",2023,3237717.0
 22033,"East Baton Rouge, LA",2023,43665913.0
 22035,"East Carroll, LA",2023,168394.0
 22037,"East Feliciana, LA",2023,643931.0
 22039,"Evangeline, LA",2023,1186059.0
 22041,"Franklin, LA",2023,647924.0
 22043,"Grant, LA",2023,557003.0
 22045,"Iberia, LA",2023,3459362.0
 22047,"Iberville, LA",2023,3158321.0
 22049,"Jackson, LA",2023,554510.0
 22051,"Jefferson, LA",2023,30612563.0
 22053,"Jefferson Davis, LA",2023,984695.0
 22055,"Lafayette, LA",2023,18707261.0
 22057,"Lafourche, LA",2023,5495473.0
 22059,"LaSalle, LA",2023,607940.0
 22061,"Lincoln, LA",2023,2635411.0
 22063,"Livingston, LA",2023,4265281.0
 22065,"Madison, LA",2023,482097.0
 22067,"Morehouse, LA",2023,725572.0
 22069,"Natchitoches, LA",2023,1975855.0
 22071,"Orleans, LA",2023,29482170.0
 22073,"Ouachita, LA",2023,8911597.0
 22075,"Plaquemines, LA",2023,3638639.0
 22077,"Pointe Coupee, LA",2023,1008962.0
 22079,"Rapides, LA",2023,7196571.0
 22081,"Red River, LA",2023,972631.0
 22083,"Richland, LA",2023,820633.0
 22085,"Sabine, LA",2023,1336955.0
 22087,"St. Bernard, LA",2023,1744382.0
 22089,"St. Charles, LA",2023,13059833.0
 22091,"St. Helena, LA",2023,260655.0
 22093,"St. James, LA",2023,3304245.0
 22095,"St. John the Baptist, LA",2023,4060192.0
 22097,"St. Landry, LA",2023,3111947.0
 22099,"St. Martin, LA",2023,1807733.0
 22101,"St. Mary, LA",2023,3486283.0
 22103,"St. Tammany, LA",2023,16534566.0
 22105,"Tangipahoa, LA",2023,6219912.0
 22107,"Tensas, LA",2023,144023.0
 22109,"Terrebonne, LA",2023,6719537.0
 22111,"Union, LA",2023,639259.0
 22113,"Vermilion, LA",2023,1730687.0
 22115,"Vernon, LA",2023,2511706.0
 22117,"Washington, LA",2023,1434646.0
 22119,"Webster, LA",2023,1440567.0
 22121,"West Baton Rouge, LA",2023,2145902.0
 22123,"West Carroll, LA",2023,232062.0
 22125,"West Feliciana, LA",2023,1121052.0
 22127,"Winn, LA",2023,731732.0
 23000,Maine,2023,93270017.0
 23001,"Androscoggin, ME",2023,6750171.0
 23003,"Aroostook, ME",2023,3302824.0
 23005,"Cumberland, ME",2023,32482425.0
 23007,"Franklin, ME",2023,1456484.0
 23009,"Hancock, ME",2023,3422650.0
 23011,"Kennebec, ME",2023,8103846.0
 23013,"Knox, ME",2023,2525487.0
 23015,"Lincoln, ME",2023,1733056.0
 23017,"Oxford, ME",2023,2445504.0
 23019,"Penobscot, ME",2023,9020616.0
 23021,"Piscataquis, ME",2023,828478.0
 23023,"Sagadahoc, ME",2023,2846083.0
 23025,"Somerset, ME",2023,2300861.0
 23027,"Waldo, ME",2023,1943070.0
 23029,"Washington, ME",2023,1399836.0
 23031,"York, ME",2023,12708627.0
 24000,Maryland,2023,515607285.0
 24001,"Allegany, MD",2023,3368586.0
 24003,"Anne Arundel, MD",2023,64351226.0
 24005,"Baltimore, MD",2023,69641105.0
 24009,"Calvert, MD",2023,5674309.0
 24011,"Caroline, MD",2023,1505857.0
 24013,"Carroll, MD",2023,8442906.0
 24015,"Cecil, MD",2023,7055479.0
 24017,"Charles, MD",2023,7702432.0
 24019,"Dorchester, MD",2023,1660554.0
 24021,"Frederick, MD",2023,19187847.0
 24023,"Garrett, MD",2023,1690949.0
 24025,"Harford, MD",2023,17050719.0
 24027,"Howard, MD",2023,35553059.0
 24029,"Kent, MD",2023,1249114.0
 24031,"Montgomery, MD",2023,113186209.0
 24033,"Prince George's, MD",2023,60313919.0
 24035,"Queen Anne's, MD",2023,2697229.0
 24037,"St. Mary's, MD",2023,9882630.0
 24039,"Somerset, MD",2023,1003986.0
 24041,"Talbot, MD",2023,2668496.0
 24043,"Washington, MD",2023,9256640.0
 24045,"Wicomico, MD",2023,6728506.0
 24047,"Worcester, MD",2023,3781557.0
 24510,"Baltimore (Independent City), MD",2023,61953970.0
 25000,Massachusetts,2023,736296324.0
 25001,"Barnstable, MA",2023,18186673.0
 25003,"Berkshire, MA",2023,8955924.0
 25005,"Bristol, MA",2023,34265604.0
 25007,"Dukes, MA",2023,2021844.0
 25009,"Essex, MA",2023,58540754.0
 25011,"Franklin, MA",2023,3729795.0
 25013,"Hampden, MA",2023,28860036.0
 25015,"Hampshire, MA",2023,9766320.0
 25017,"Middlesex, MA",2023,226158068.0
 25019,"Nantucket, MA",2023,1950412.0
 25021,"Norfolk, MA",2023,70735033.0
 25023,"Plymouth, MA",2023,34787787.0
 25025,"Suffolk, MA",2023,180698276.0
 25027,"Worcester, MA",2023,57639800.0
 26000,Michigan,2023,673818127.0
 26001,"Alcona, MI",2023,278565.0
 26003,"Alger, MI",2023,331896.0
 26005,"Allegan, MI",2023,6577593.0
 26007,"Alpena, MI",2023,1504938.0
 26009,"Antrim, MI",2023,805319.0
 26011,"Arenac, MI",2023,567347.0
 26013,"Baraga, MI",2023,380878.0
 26015,"Barry, MI",2023,2201759.0
 26017,"Bay, MI",2023,4507259.0
 26019,"Benzie, MI",2023,717239.0
 26021,"Berrien, MI",2023,9484269.0
 26023,"Branch, MI",2023,1843805.0
 26025,"Calhoun, MI",2023,8543282.0
 26027,"Cass, MI",2023,2039438.0
 26029,"Charlevoix, MI",2023,1647920.0
 26031,"Cheboygan, MI",2023,867729.0
 26033,"Chippewa, MI",2023,1589660.0
 26035,"Clare, MI",2023,1524664.0
 26037,"Clinton, MI",2023,3085920.0
 26039,"Crawford, MI",2023,590907.0
 26041,"Delta, MI",2023,1573660.0
 26043,"Dickinson, MI",2023,1784308.0
 26045,"Eaton, MI",2023,7145338.0
 26047,"Emmet, MI",2023,2447484.0
 26049,"Genesee, MI",2023,19151079.0
 26051,"Gladwin, MI",2023,600538.0
 26053,"Gogebic, MI",2023,616887.0
 26055,"Grand Traverse, MI",2023,7175342.0
 26057,"Gratiot, MI",2023,1988400.0
 26059,"Hillsdale, MI",2023,2203530.0
 26061,"Houghton, MI",2023,1506566.0
 26063,"Huron, MI",2023,2089542.0
 26065,"Ingham, MI",2023,22898395.0
 26067,"Ionia, MI",2023,2283882.0
 26069,"Iosco, MI",2023,1190869.0
 26071,"Iron, MI",2023,417219.0
 26073,"Isabella, MI",2023,3242241.0
 26075,"Jackson, MI",2023,8588193.0
 26077,"Kalamazoo, MI",2023,20316132.0
 26079,"Kalkaska, MI",2023,777157.0
 26081,"Kent, MI",2023,57676350.0
 26083,"Keweenaw, MI",2023,81319.0
 26085,"Lake, MI",2023,266785.0
 26087,"Lapeer, MI",2023,3053165.0
 26089,"Leelanau, MI",2023,1062693.0
 26091,"Lenawee, MI",2023,4201917.0
 26093,"Livingston, MI",2023,9684526.0
 26095,"Luce, MI",2023,206781.0
 26097,"Mackinac, MI",2023,674536.0
 26099,"Macomb, MI",2023,51571906.0
 26101,"Manistee, MI",2023,1110350.0
 26103,"Marquette, MI",2023,3713095.0
 26105,"Mason, MI",2023,1308048.0
 26107,"Mecosta, MI",2023,1626797.0
 26109,"Menominee, MI",2023,936455.0
 26111,"Midland, MI",2023,7636137.0
 26113,"Missaukee, MI",2023,605978.0
 26115,"Monroe, MI",2023,7956412.0
 26117,"Montcalm, MI",2023,2167303.0
 26119,"Montmorency, MI",2023,315504.0
 26121,"Muskegon, MI",2023,8004713.0
 26123,"Newaygo, MI",2023,1985686.0
 26125,"Oakland, MI",2023,137428727.0
 26127,"Oceana, MI",2023,822148.0
 26129,"Ogemaw, MI",2023,715049.0
 26131,"Ontonagon, MI",2023,171863.0
 26133,"Osceola, MI",2023,1038245.0
 26135,"Oscoda, MI",2023,297601.0
 26137,"Otsego, MI",2023,1509001.0
 26139,"Ottawa, MI",2023,20183865.0
 26141,"Presque Isle, MI",2023,513588.0
 26143,"Roscommon, MI",2023,782118.0
 26145,"Saginaw, MI",2023,10801688.0
 26147,"St. Clair, MI",2023,7488472.0
 26149,"St. Joseph, MI",2023,2769789.0
 26151,"Sanilac, MI",2023,1710650.0
 26153,"Schoolcraft, MI",2023,361944.0
 26155,"Shiawassee, MI",2023,2310207.0
 26157,"Tuscola, MI",2023,1814698.0
 26159,"Van Buren, MI",2023,3358332.0
 26161,"Washtenaw, MI",2023,33013856.0
 26163,"Wayne, MI",2023,122106368.0
 26165,"Wexford, MI",2023,1686317.0
 27000,Minnesota,2023,483162136.0
 27001,"Aitkin, MN",2023,616766.0
 27003,"Anoka, MN",2023,20144244.0
 27005,"Becker, MN",2023,1946962.0
 27007,"Beltrami, MN",2023,2397104.0
 27009,"Benton, MN",2023,2371010.0
 27011,"Big Stone, MN",2023,311652.0
 27013,"Blue Earth, MN",2023,5286283.0
 27015,"Brown, MN",2023,1901326.0
 27017,"Carlton, MN",2023,1761169.0
 27019,"Carver, MN",2023,7487910.0
 27021,"Cass, MN",2023,1340965.0
 27023,"Chippewa, MN",2023,739825.0
 27025,"Chisago, MN",2023,2195015.0
 27027,"Clay, MN",2023,2827713.0
 27029,"Clearwater, MN",2023,378516.0
 27031,"Cook, MN",2023,374898.0
 27033,"Cottonwood, MN",2023,842450.0
 27035,"Crow Wing, MN",2023,3809540.0
 27037,"Dakota, MN",2023,34847151.0
 27039,"Dodge, MN",2023,1076901.0
 27041,"Douglas, MN",2023,2659448.0
 27043,"Faribault, MN",2023,731289.0
 27045,"Fillmore, MN",2023,906232.0
 27047,"Freeborn, MN",2023,1673550.0
 27049,"Goodhue, MN",2023,3694186.0
 27051,"Grant, MN",2023,352016.0
 27053,"Hennepin, MN",2023,183998164.0
 27055,"Houston, MN",2023,743470.0
 27057,"Hubbard, MN",2023,939622.0
 27059,"Isanti, MN",2023,1519733.0
 27061,"Itasca, MN",2023,2752539.0
 27063,"Jackson, MN",2023,822246.0
 27065,"Kanabec, MN",2023,509819.0
 27067,"Kandiyohi, MN",2023,2791600.0
 27069,"Kittson, MN",2023,286426.0
 27071,"Koochiching, MN",2023,628355.0
 27073,"Lac qui Parle, MN",2023,442767.0
 27075,"Lake, MN",2023,694087.0
 27077,"Lake of the Woods, MN",2023,243723.0
 27079,"Le Sueur, MN",2023,1272344.0
 27081,"Lincoln, MN",2023,580333.0
 27083,"Lyon, MN",2023,2015623.0
 27085,"McLeod, MN",2023,2273591.0
 27087,"Mahnomen, MN",2023,237346.0
 27089,"Marshall, MN",2023,537882.0
 27091,"Martin, MN",2023,1244484.0
 27093,"Meeker, MN",2023,1524088.0
 27095,"Mille Lacs, MN",2023,1086764.0
 27097,"Morrison, MN",2023,1448879.0
 27099,"Mower, MN",2023,2919499.0
 27101,"Murray, MN",2023,655918.0
 27103,"Nicollet, MN",2023,1896085.0
 27105,"Nobles, MN",2023,1664387.0
 27107,"Norman, MN",2023,267368.0
 27109,"Olmsted, MN",2023,14970315.0
 27111,"Otter Tail, MN",2023,3140965.0
 27113,"Pennington, MN",2023,2608390.0
 27115,"Pine, MN",2023,890004.0
 27117,"Pipestone, MN",2023,891139.0
 27119,"Polk, MN",2023,1671565.0
 27121,"Pope, MN",2023,709411.0
 27123,"Ramsey, MN",2023,53090014.0
 27125,"Red Lake, MN",2023,243043.0
 27127,"Redwood, MN",2023,1387172.0
 27129,"Renville, MN",2023,1040967.0
 27131,"Rice, MN",2023,3802150.0
 27133,"Rock, MN",2023,844261.0
 27135,"Roseau, MN",2023,1629786.0
 27137,"St. Louis, MN",2023,13991487.0
 27139,"Scott, MN",2023,10148043.0
 27141,"Sherburne, MN",2023,4519678.0
 27143,"Sibley, MN",2023,604632.0
 27145,"Stearns, MN",2023,11819730.0
 27147,"Steele, MN",2023,2831942.0
 27149,"Stevens, MN",2023,704692.0
 27151,"Swift, MN",2023,762823.0
 27153,"Todd, MN",2023,1042173.0
 27155,"Traverse, MN",2023,341554.0
 27157,"Wabasha, MN",2023,995534.0
 27159,"Wadena, MN",2023,680237.0
 27161,"Waseca, MN",2023,1089235.0
 27163,"Washington, MN",2023,16642821.0
 27165,"Watonwan, MN",2023,579816.0
 27167,"Wilkin, MN",2023,482510.0
 27169,"Winona, MN",2023,2846991.0
 27171,"Wright, MN",2023,6740130.0
 27173,"Yellow Medicine, MN",2023,747668.0
 28000,Mississippi,2023,151146653.0
 28001,"Adams, MS",2023,1231198.0
 28003,"Alcorn, MS",2023,1648128.0
 28005,"Amite, MS",2023,386051.0
 28007,"Attala, MS",2023,666315.0
 28009,"Benton, MS",2023,413421.0
 28011,"Bolivar, MS",2023,1409851.0
 28013,"Calhoun, MS",2023,371174.0
 28015,"Carroll, MS",2023,132741.0
 28017,"Chickasaw, MS",2023,561410.0
 28019,"Choctaw, MS",2023,890743.0
 28021,"Claiborne, MS",2023,964466.0
 28023,"Clarke, MS",2023,372091.0
 28025,"Clay, MS",2023,709309.0
 28027,"Coahoma, MS",2023,845876.0
 28029,"Copiah, MS",2023,948328.0
 28031,"Covington, MS",2023,930013.0
 28033,"DeSoto, MS",2023,9241987.0
 28035,"Forrest, MS",2023,4669611.0
 28037,"Franklin, MS",2023,251315.0
 28039,"George, MS",2023,644859.0
 28041,"Greene, MS",2023,232198.0
 28043,"Grenada, MS",2023,1162990.0
 28045,"Hancock, MS",2023,2210819.0
 28047,"Harrison, MS",2023,12196056.0
 28049,"Hinds, MS",2023,14971095.0
 28051,"Holmes, MS",2023,340348.0
 28053,"Humphreys, MS",2023,241595.0
 28055,"Issaquena, MS",2023,41095.0
 28057,"Itawamba, MS",2023,738745.0
 28059,"Jackson, MS",2023,9695070.0
 28061,"Jasper, MS",2023,623184.0
 28063,"Jefferson, MS",2023,121223.0
 28065,"Jefferson Davis, MS",2023,238098.0
 28067,"Jones, MS",2023,3738036.0
 28069,"Kemper, MS",2023,366724.0
 28071,"Lafayette, MS",2023,2926533.0
 28073,"Lamar, MS",2023,2714514.0
 28075,"Lauderdale, MS",2023,4535235.0
 28077,"Lawrence, MS",2023,453203.0
 28079,"Leake, MS",2023,769269.0
 28081,"Lee, MS",2023,6299522.0
 28083,"Leflore, MS",2023,1506677.0
 28085,"Lincoln, MS",2023,1518547.0
 28087,"Lowndes, MS",2023,3903872.0
 28089,"Madison, MS",2023,9253029.0
 28091,"Marion, MS",2023,1062100.0
 28093,"Marshall, MS",2023,1127362.0
 28095,"Monroe, MS",2023,1197277.0
 28097,"Montgomery, MS",2023,259088.0
 28099,"Neshoba, MS",2023,1417964.0
 28101,"Newton, MS",2023,652624.0
 28103,"Noxubee, MS",2023,335218.0
 28105,"Oktibbeha, MS",2023,2411008.0
 28107,"Panola, MS",2023,1410612.0
 28109,"Pearl River, MS",2023,1463677.0
 28111,"Perry, MS",2023,386106.0
 28113,"Pike, MS",2023,1478972.0
 28115,"Pontotoc, MS",2023,1243995.0
 28117,"Prentiss, MS",2023,772499.0
 28119,"Quitman, MS",2023,128903.0
 28121,"Rankin, MS",2023,9775120.0
 28123,"Scott, MS",2023,1317788.0
 28125,"Sharkey, MS",2023,140084.0
 28127,"Simpson, MS",2023,805693.0
 28129,"Smith, MS",2023,521327.0
 28131,"Stone, MS",2023,566642.0
 28133,"Sunflower, MS",2023,943951.0
 28135,"Tallahatchie, MS",2023,412432.0
 28137,"Tate, MS",2023,722259.0
 28139,"Tippah, MS",2023,891989.0
 28141,"Tishomingo, MS",2023,783616.0
 28143,"Tunica, MS",2023,779337.0
 28145,"Union, MS",2023,1390432.0
 28147,"Walthall, MS",2023,352759.0
 28149,"Warren, MS",2023,3279556.0
 28151,"Washington, MS",2023,1791450.0
 28153,"Wayne, MS",2023,799155.0
 28155,"Webster, MS",2023,265225.0
 28157,"Wilkinson, MS",2023,191632.0
 28159,"Winston, MS",2023,646347.0
 28161,"Yalobusha, MS",2023,375003.0
 28163,"Yazoo, MS",2023,960889.0
 29000,Missouri,2023,430114428.0
 29001,"Adair, MO",2023,1066538.0
 29003,"Andrew, MO",2023,403649.0
 29005,"Atchison, MO",2023,516640.0
 29007,"Audrain, MO",2023,1196327.0
 29009,"Barry, MO",2023,1950169.0
 29011,"Barton, MO",2023,547448.0
 29013,"Bates, MO",2023,596765.0
 29015,"Benton, MO",2023,593663.0
 29017,"Bollinger, MO",2023,219455.0
 29019,"Boone, MO",2023,12625932.0
 29021,"Buchanan, MO",2023,6382621.0
 29023,"Butler, MO",2023,1980037.0
 29025,"Caldwell, MO",2023,292997.0
 29027,"Callaway, MO",2023,2462198.0
 29029,"Camden, MO",2023,2215028.0
 29031,"Cape Girardeau, MO",2023,5402434.0
 29033,"Carroll, MO",2023,457844.0
 29035,"Carter, MO",2023,163868.0
 29037,"Cass, MO",2023,3950236.0
 29039,"Cedar, MO",2023,414558.0
 29041,"Chariton, MO",2023,405918.0
 29043,"Christian, MO",2023,2529275.0
 29045,"Clark, MO",2023,224594.0
 29047,"Clay, MO",2023,16496626.0
 29049,"Clinton, MO",2023,527561.0
 29051,"Cole, MO",2023,7080497.0
 29053,"Cooper, MO",2023,645794.0
 29055,"Crawford, MO",2023,951942.0
 29057,"Dade, MO",2023,258464.0
 29059,"Dallas, MO",2023,387363.0
 29061,"Daviess, MO",2023,231903.0
 29063,"DeKalb, MO",2023,414750.0
 29065,"Dent, MO",2023,485702.0
 29067,"Douglas, MO",2023,283008.0
 29069,"Dunklin, MO",2023,961741.0
 29071,"Franklin, MO",2023,6351213.0
 29073,"Gasconade, MO",2023,603626.0
 29075,"Gentry, MO",2023,292276.0
 29077,"Greene, MO",2023,23356885.0
 29079,"Grundy, MO",2023,382866.0
 29081,"Harrison, MO",2023,323339.0
 29083,"Henry, MO",2023,1017970.0
 29085,"Hickory, MO",2023,225465.0
 29087,"Holt, MO",2023,257848.0
 29089,"Howard, MO",2023,300632.0
 29091,"Howell, MO",2023,1715163.0
 29093,"Iron, MO",2023,474980.0
 29095,"Jackson, MO",2023,62041218.0
 29097,"Jasper, MO",2023,7026060.0
 29099,"Jefferson, MO",2023,6610874.0
 29101,"Johnson, MO",2023,2466164.0
 29103,"Knox, MO",2023,176020.0
 29105,"Laclede, MO",2023,2113488.0
 29107,"Lafayette, MO",2023,1144636.0
 29109,"Lawrence, MO",2023,1205384.0
 29111,"Lewis, MO",2023,319189.0
 29113,"Lincoln, MO",2023,1737351.0
 29115,"Linn, MO",2023,522134.0
 29117,"Livingston, MO",2023,734380.0
 29119,"McDonald, MO",2023,975795.0
 29121,"Macon, MO",2023,779290.0
 29123,"Madison, MO",2023,354834.0
 29125,"Maries, MO",2023,239915.0
 29127,"Marion, MO",2023,1600191.0
 29129,"Mercer, MO",2023,139960.0
 29131,"Miller, MO",2023,937850.0
 29133,"Mississippi, MO",2023,445492.0
 29135,"Moniteau, MO",2023,618868.0
 29137,"Monroe, MO",2023,311663.0
 29139,"Montgomery, MO",2023,491362.0
 29141,"Morgan, MO",2023,757150.0
 29143,"New Madrid, MO",2023,1305806.0
 29145,"Newton, MO",2023,2834135.0
 29147,"Nodaway, MO",2023,967816.0
 29149,"Oregon, MO",2023,267917.0
 29151,"Osage, MO",2023,561136.0
 29153,"Ozark, MO",2023,192046.0
 29155,"Pemiscot, MO",2023,595290.0
 29157,"Perry, MO",2023,1217431.0
 29159,"Pettis, MO",2023,2983789.0
 29161,"Phelps, MO",2023,2109274.0
 29163,"Pike, MO",2023,712407.0
 29165,"Platte, MO",2023,9770576.0
 29167,"Polk, MO",2023,1160165.0
 29169,"Pulaski, MO",2023,2906769.0
 29171,"Putnam, MO",2023,177391.0
 29173,"Ralls, MO",2023,825928.0
 29175,"Randolph, MO",2023,1635416.0
 29177,"Ray, MO",2023,648957.0
 29179,"Reynolds, MO",2023,284745.0
 29181,"Ripley, MO",2023,281052.0
 29183,"St. Charles, MO",2023,24907865.0
 29185,"St. Clair, MO",2023,258039.0
 29186,"Ste. Genevieve, MO",2023,857211.0
 29187,"St. Francois, MO",2023,2244805.0
 29189,"St. Louis, MO",2023,110981280.0
 29195,"Saline, MO",2023,1307543.0
 29197,"Schuyler, MO",2023,181659.0
 29199,"Scotland, MO",2023,240040.0
 29201,"Scott, MO",2023,2171417.0
 29203,"Shannon, MO",2023,186660.0
 29205,"Shelby, MO",2023,243371.0
 29207,"Stoddard, MO",2023,1355557.0
 29209,"Stone, MO",2023,1022710.0
 29211,"Sullivan, MO",2023,584615.0
 29213,"Taney, MO",2023,3554655.0
 29215,"Texas, MO",2023,713076.0
 29217,"Vernon, MO",2023,1136627.0
 29219,"Warren, MO",2023,1139674.0
 29221,"Washington, MO",2023,523236.0
 29223,"Wayne, MO",2023,273465.0
 29225,"Webster, MO",2023,1143696.0
 29227,"Worth, MO",2023,68754.0
 29229,"Wright, MO",2023,577614.0
 29510,"St. Louis (Independent City), MO",2023,38627738.0
 30000,Montana,2023,73254528.0
 30001,"Beaverhead, MT",2023,583787.0
 30003,"Big Horn, MT",2023,1172313.0
 30005,"Blaine, MT",2023,257091.0
 30007,"Broadwater, MT",2023,276301.0
 30009,"Carbon, MT",2023,480009.0
 30011,"Carter, MT",2023,55032.0
 30013,"Cascade, MT",2023,5345805.0
 30015,"Chouteau, MT",2023,436692.0
 30017,"Custer, MT",2023,644741.0
 30019,"Daniels, MT",2023,122524.0
 30021,"Dawson, MT",2023,508430.0
 30023,"Deer Lodge, MT",2023,411766.0
 30025,"Fallon, MT",2023,255553.0
 30027,"Fergus, MT",2023,669911.0
 30029,"Flathead, MT",2023,6740480.0
 30031,"Gallatin, MT",2023,10649003.0
 30033,"Garfield, MT",2023,62312.0
 30035,"Glacier, MT",2023,669878.0
 30037,"Golden Valley, MT",2023,33003.0
 30039,"Granite, MT",2023,148423.0
 30041,"Hill, MT",2023,1019351.0
 30043,"Jefferson, MT",2023,350396.0
 30045,"Judith Basin, MT",2023,128275.0
 30047,"Lake, MT",2023,1144406.0
 30049,"Lewis and Clark, MT",2023,5132567.0
 30051,"Liberty, MT",2023,356857.0
 30053,"Lincoln, MT",2023,803816.0
 30055,"McCone, MT",2023,108212.0
 30057,"Madison, MT",2023,713857.0
 30059,"Meagher, MT",2023,88967.0
 30061,"Mineral, MT",2023,144041.0
 30063,"Missoula, MT",2023,8201713.0
 30065,"Musselshell, MT",2023,467795.0
 30067,"Park, MT",2023,839874.0
 30069,"Petroleum, MT",2023,21270.0
 30071,"Phillips, MT",2023,173381.0
 30073,"Pondera, MT",2023,382880.0
 30075,"Powder River, MT",2023,179816.0
 30077,"Powell, MT",2023,325178.0
 30079,"Prairie, MT",2023,54032.0
 30081,"Ravalli, MT",2023,1708502.0
 30083,"Richland, MT",2023,1236513.0
 30085,"Roosevelt, MT",2023,546610.0
 30087,"Rosebud, MT",2023,1002175.0
 30089,"Sanders, MT",2023,485862.0
 30091,"Sheridan, MT",2023,222463.0
 30093,"Silver Bow, MT",2023,2091411.0
 30095,"Stillwater, MT",2023,765076.0
 30097,"Sweet Grass, MT",2023,292926.0
 30099,"Teton, MT",2023,370937.0
 30101,"Toole, MT",2023,528187.0
 30103,"Treasure, MT",2023,109630.0
 30105,"Valley, MT",2023,408806.0
 30107,"Wheatland, MT",2023,105871.0
 30109,"Wibaux, MT",2023,57076.0
 30111,"Yellowstone, MT",2023,13162748.0
 31000,Nebraska,2023,181284967.0
 31001,"Adams, NE",2023,2732311.0
 31003,"Antelope, NE",2023,874925.0
 31005,"Arthur, NE",2023,29636.0
 31007,"Banner, NE",2023,56788.0
 31009,"Blaine, NE",2023,43803.0
 31011,"Boone, NE",2023,650616.0
 31013,"Box Butte, NE",2023,671143.0
 31015,"Boyd, NE",2023,156563.0
 31017,"Brown, NE",2023,278750.0
 31019,"Buffalo, NE",2023,4610888.0
 31021,"Burt, NE",2023,439788.0
 31023,"Butler, NE",2023,564872.0
 31025,"Cass, NE",2023,1163311.0
 31027,"Cedar, NE",2023,637543.0
 31029,"Chase, NE",2023,455667.0
 31031,"Cherry, NE",2023,444215.0
 31033,"Cheyenne, NE",2023,662098.0
 31035,"Clay, NE",2023,510947.0
 31037,"Colfax, NE",2023,1041981.0
 31039,"Cuming, NE",2023,1154192.0
 31041,"Custer, NE",2023,989068.0
 31043,"Dakota, NE",2023,2280332.0
 31045,"Dawes, NE",2023,366424.0
 31047,"Dawson, NE",2023,2192709.0
 31049,"Deuel, NE",2023,110122.0
 31051,"Dixon, NE",2023,483388.0
 31053,"Dodge, NE",2023,3038811.0
 31055,"Douglas, NE",2023,68042820.0
 31057,"Dundy, NE",2023,243033.0
 31059,"Fillmore, NE",2023,571231.0
 31061,"Franklin, NE",2023,160198.0
 31063,"Frontier, NE",2023,177985.0
 31065,"Furnas, NE",2023,438327.0
 31067,"Gage, NE",2023,1486787.0
 31069,"Garden, NE",2023,103571.0
 31071,"Garfield, NE",2023,117170.0
 31073,"Gosper, NE",2023,145756.0
 31075,"Grant, NE",2023,40914.0
 31077,"Greeley, NE",2023,184687.0
 31079,"Hall, NE",2023,5109690.0
 31081,"Hamilton, NE",2023,945881.0
 31083,"Harlan, NE",2023,267801.0
 31085,"Hayes, NE",2023,128804.0
 31087,"Hitchcock, NE",2023,233899.0
 31089,"Holt, NE",2023,918064.0
 31091,"Hooker, NE",2023,39303.0
 31093,"Howard, NE",2023,317373.0
 31095,"Jefferson, NE",2023,626940.0
 31097,"Johnson, NE",2023,266350.0
 31099,"Kearney, NE",2023,563300.0
 31101,"Keith, NE",2023,536866.0
 31103,"Keya Paha, NE",2023,47295.0
 31105,"Kimball, NE",2023,250570.0
 31107,"Knox, NE",2023,843934.0
 31109,"Lancaster, NE",2023,26934845.0
 31111,"Lincoln, NE",2023,3178522.0
 31113,"Logan, NE",2023,44928.0
 31115,"Loup, NE",2023,48694.0
 31117,"McPherson, NE",2023,38493.0
 31119,"Madison, NE",2023,3125486.0
 31121,"Merrick, NE",2023,552321.0
 31123,"Morrill, NE",2023,448436.0
 31125,"Nance, NE",2023,250252.0
 31127,"Nemaha, NE",2023,1021516.0
 31129,"Nuckolls, NE",2023,441620.0
 31131,"Otoe, NE",2023,1661559.0
 31133,"Pawnee, NE",2023,171671.0
 31135,"Perkins, NE",2023,432072.0
 31137,"Phelps, NE",2023,1091081.0
 31139,"Pierce, NE",2023,679801.0
 31141,"Platte, NE",2023,3736456.0
 31143,"Polk, NE",2023,442555.0
 31145,"Red Willow, NE",2023,785573.0
 31147,"Richardson, NE",2023,493287.0
 31149,"Rock, NE",2023,128135.0
 31151,"Saline, NE",2023,1286100.0
 31153,"Sarpy, NE",2023,13050711.0
 31155,"Saunders, NE",2023,1100460.0
 31157,"Scotts Bluff, NE",2023,2258212.0
 31159,"Seward, NE",2023,1060423.0
 31161,"Sheridan, NE",2023,409323.0
 31163,"Sherman, NE",2023,176813.0
 31165,"Sioux, NE",2023,104634.0
 31167,"Stanton, NE",2023,464982.0
 31169,"Thayer, NE",2023,598239.0
 31171,"Thomas, NE",2023,44358.0
 31173,"Thurston, NE",2023,662109.0
 31175,"Valley, NE",2023,408054.0
 31177,"Washington, NE",2023,1850653.0
 31179,"Wayne, NE",2023,806750.0
 31181,"Webster, NE",2023,430608.0
 31183,"Wheeler, NE",2023,129269.0
 31185,"York, NE",2023,1286524.0
 32000,Nevada,2023,245978823.0
 32001,"Churchill, NV",2023,1549345.0
 32003,"Clark, NV",2023,178388313.0
 32005,"Douglas, NV",2023,3546982.0
 32007,"Elko, NV",2023,3493055.0
 32009,"Esmeralda, NV",2023,57996.0
 32011,"Eureka, NV",2023,1611599.0
 32013,"Humboldt, NV",2023,1800202.0
 32015,"Lander, NV",2023,1078307.0
 32017,"Lincoln, NV",2023,193642.0
 32019,"Lyon, NV",2023,2316703.0
 32021,"Mineral, NV",2023,256006.0
 32023,"Nye, NV",2023,2459930.0
 32027,"Pershing, NV",2023,430495.0
 32029,"Storey, NV",2023,2849631.0
 32031,"Washoe, NV",2023,40298753.0
 32033,"White Pine, NV",2023,870770.0
 32510,"Carson City (Independent City), NV",2023,4777092.0
 33000,New Hampshire,2023,114100826.0
 33001,"Belknap, NH",2023,3871336.0
 33003,"Carroll, NH",2023,3057923.0
 33005,"Cheshire, NH",2023,4968503.0
 33007,"Coos, NH",2023,1716064.0
 33009,"Grafton, NH",2023,9372986.0
 33011,"Hillsborough, NH",2023,36596890.0
 33013,"Merrimack, NH",2023,12899255.0
 33015,"Rockingham, NH",2023,31857875.0
 33017,"Strafford, NH",2023,7708282.0
 33019,"Sullivan, NH",2023,2051712.0
 34000,New Jersey,2023,806665232.0
 34001,"Atlantic, NJ",2023,18726628.0
 34003,"Bergen, NJ",2023,100991060.0
 34005,"Burlington, NJ",2023,38658502.0
 34007,"Camden, NJ",2023,32624784.0
 34009,"Cape May, NJ",2023,7772540.0
 34011,"Cumberland, NJ",2023,8208721.0
 34013,"Essex, NJ",2023,71113706.0
 34015,"Gloucester, NJ",2023,18444021.0
 34017,"Hudson, NJ",2023,62202146.0
 34019,"Hunterdon, NJ",2023,9529916.0
 34021,"Mercer, NJ",2023,53002639.0
 34023,"Middlesex, NJ",2023,83665033.0
 34025,"Monmouth, NJ",2023,50490009.0
 34027,"Morris, NJ",2023,71442386.0
 34029,"Ocean, NJ",2023,30149370.0
 34031,"Passaic, NJ",2023,27490190.0
 34033,"Salem, NJ",2023,7890950.0
 34035,"Somerset, NJ",2023,53270778.0
 34037,"Sussex, NJ",2023,6651473.0
 34039,"Union, NJ",2023,48582858.0
 34041,"Warren, NJ",2023,5757520.0
 35000,New Mexico,2023,135009620.0
 35001,"Bernalillo, NM",2023,50934260.0
 35003,"Catron, NM",2023,140486.0
 35005,"Chaves, NM",2023,2640976.0
 35006,"Cibola, NM",2023,789388.0
 35007,"Colfax, NM",2023,602844.0
 35009,"Curry, NM",2023,4072131.0
 35011,"De Baca, NM",2023,115063.0
 35013,"Doña Ana, NM",2023,10565364.0
 35015,"Eddy, NM",2023,9988981.0
 35017,"Grant, NM",2023,1590568.0
 35019,"Guadalupe, NM",2023,238071.0
 35021,"Harding, NM",2023,48515.0
 35023,"Hidalgo, NM",2023,254960.0
 35025,"Lea, NM",2023,10425806.0
 35027,"Lincoln, NM",2023,848868.0
 35028,"Los Alamos, NM",2023,3487702.0
 35029,"Luna, NM",2023,1154999.0
 35031,"McKinley, NM",2023,2879914.0
 35033,"Mora, NM",2023,143774.0
 35035,"Otero, NM",2023,3581645.0
 35037,"Quay, NM",2023,369110.0
 35039,"Rio Arriba, NM",2023,1290272.0
 35041,"Roosevelt, NM",2023,879243.0
 35043,"Sandoval, NM",2023,5389854.0
 35045,"San Juan, NM",2023,6822347.0
 35047,"San Miguel, NM",2023,854409.0
 35049,"Santa Fe, NM",2023,9278913.0
 35051,"Sierra, NM",2023,396109.0
 35053,"Socorro, NM",2023,646286.0
 35055,"Taos, NM",2023,1352954.0
 35057,"Torrance, NM",2023,763128.0
 35059,"Union, NM",2023,166981.0
 35061,"Valencia, NM",2023,2295699.0
 36000,New York,2023,2172009629.0
 36001,"Albany, NY",2023,43408101.0
 36003,"Allegany, NY",2023,1771297.0
 36005,"Bronx, NY",2023,54590609.0
 36007,"Broome, NY",2023,11167651.0
 36009,"Cattaraugus, NY",2023,3596355.0
 36011,"Cayuga, NY",2023,3813803.0
 36013,"Chautauqua, NY",2023,6059833.0
 36015,"Chemung, NY",2023,4544209.0
 36017,"Chenango, NY",2023,2835071.0
 36019,"Clinton, NY",2023,4716927.0
 36021,"Columbia, NY",2023,3342326.0
 36023,"Cortland, NY",2023,2303559.0
 36025,"Delaware, NY",2023,2825403.0
 36027,"Dutchess, NY",2023,18442506.0
 36029,"Erie, NY",2023,78078128.0
 36031,"Essex, NY",2023,2146542.0
 36033,"Franklin, NY",2023,2556956.0
 36035,"Fulton, NY",2023,2347890.0
 36037,"Genesee, NY",2023,3290075.0
 36039,"Greene, NY",2023,3147789.0
 36041,"Hamilton, NY",2023,292835.0
 36043,"Herkimer, NY",2023,2200564.0
 36045,"Jefferson, NY",2023,8037177.0
 36047,"Kings, NY",2023,135980292.0
 36049,"Lewis, NY",2023,1539679.0
 36051,"Livingston, NY",2023,2886448.0
 36053,"Madison, NY",2023,3053109.0
 36055,"Monroe, NY",2023,59627912.0
 36057,"Montgomery, NY",2023,2509562.0
 36059,"Nassau, NY",2023,124416745.0
 36061,"New York, NY",2023,938995155.0
 36063,"Niagara, NY",2023,12638329.0
 36065,"Oneida, NY",2023,14081730.0
 36067,"Onondaga, NY",2023,39606443.0
 36069,"Ontario, NY",2023,8151573.0
 36071,"Orange, NY",2023,26013610.0
 36073,"Orleans, NY",2023,1721641.0
 36075,"Oswego, NY",2023,8531465.0
 36077,"Otsego, NY",2023,3273476.0
 36079,"Putnam, NY",2023,5018777.0
 36081,"Queens, NY",2023,133874450.0
 36083,"Rensselaer, NY",2023,14046834.0
 36085,"Richmond, NY",2023,22297581.0
 36087,"Rockland, NY",2023,23087966.0
 36089,"St. Lawrence, NY",2023,6080142.0
 36091,"Saratoga, NY",2023,14870710.0
 36093,"Schenectady, NY",2023,11308892.0
 36095,"Schoharie, NY",2023,1275861.0
 36097,"Schuyler, NY",2023,683763.0
 36099,"Seneca, NY",2023,1947693.0
 36101,"Steuben, NY",2023,5630923.0
 36103,"Suffolk, NY",2023,131773969.0
 36105,"Sullivan, NY",2023,4165178.0
 36107,"Tioga, NY",2023,1759517.0
 36109,"Tompkins, NY",2023,7388818.0
 36111,"Ulster, NY",2023,9905383.0
 36113,"Warren, NY",2023,6217252.0
 36115,"Washington, NY",2023,2499838.0
 36117,"Wayne, NY",2023,4803461.0
 36119,"Westchester, NY",2023,111315719.0
 36121,"Wyoming, NY",2023,2236084.0
 36123,"Yates, NY",2023,1278042.0
 37000,North Carolina,2023,788103178.0
 37001,"Alamance, NC",2023,8624438.0
 37003,"Alexander, NC",2023,1132982.0
 37005,"Alleghany, NC",2023,386336.0
 37007,"Anson, NC",2023,1064272.0
 37009,"Ashe, NC",2023,994733.0
 37011,"Avery, NC",2023,825684.0
 37013,"Beaufort, NC",2023,2257870.0
 37015,"Bertie, NC",2023,745941.0
 37017,"Bladen, NC",2023,1781611.0
 37019,"Brunswick, NC",2023,7597029.0
 37021,"Buncombe, NC",2023,20220385.0
 37023,"Burke, NC",2023,3439607.0
 37025,"Cabarrus, NC",2023,11532961.0
 37027,"Caldwell, NC",2023,3135496.0
 37029,"Camden, NC",2023,232615.0
 37031,"Carteret, NC",2023,3452629.0
 37033,"Caswell, NC",2023,451008.0
 37035,"Catawba, NC",2023,11904902.0
 37037,"Chatham, NC",2023,2608321.0
 37039,"Cherokee, NC",2023,1078520.0
 37041,"Chowan, NC",2023,711275.0
 37043,"Clay, NC",2023,297550.0
 37045,"Cleveland, NC",2023,5627368.0
 37047,"Columbus, NC",2023,1878593.0
 37049,"Craven, NC",2023,6544328.0
 37051,"Cumberland, NC",2023,22990968.0
 37053,"Currituck, NC",2023,1119697.0
 37055,"Dare, NC",2023,3108412.0
 37057,"Davidson, NC",2023,6758716.0
 37059,"Davie, NC",2023,1823557.0
 37061,"Duplin, NC",2023,2673018.0
 37063,"Durham, NC",2023,48904252.0
 37065,"Edgecombe, NC",2023,1984522.0
 37067,"Forsyth, NC",2023,33427634.0
 37069,"Franklin, NC",2023,2644158.0
 37071,"Gaston, NC",2023,10537416.0
 37073,"Gates, NC",2023,237464.0
 37075,"Graham, NC",2023,295739.0
 37077,"Granville, NC",2023,4751516.0
 37079,"Greene, NC",2023,552177.0
 37081,"Guilford, NC",2023,43867928.0
 37083,"Halifax, NC",2023,1800154.0
 37085,"Harnett, NC",2023,3686741.0
 37087,"Haywood, NC",2023,2475495.0
 37089,"Henderson, NC",2023,5753027.0
 37091,"Hertford, NC",2023,1025553.0
 37093,"Hoke, NC",2023,1527451.0
 37095,"Hyde, NC",2023,217431.0
 37097,"Iredell, NC",2023,13157483.0
 37099,"Jackson, NC",2023,2047574.0
 37101,"Johnston, NC",2023,10577480.0
 37103,"Jones, NC",2023,270482.0
 37105,"Lee, NC",2023,3652293.0
 37107,"Lenoir, NC",2023,3481116.0
 37109,"Lincoln, NC",2023,4274427.0
 37111,"McDowell, NC",2023,2579825.0
 37113,"Macon, NC",2023,2040537.0
 37115,"Madison, NC",2023,565390.0
 37117,"Martin, NC",2023,770454.0
 37119,"Mecklenburg, NC",2023,171260237.0
 37121,"Mitchell, NC",2023,811923.0
 37123,"Montgomery, NC",2023,1425972.0
 37125,"Moore, NC",2023,5485542.0
 37127,"Nash, NC",2023,6748169.0
 37129,"New Hanover, NC",2023,19610767.0
 37131,"Northampton, NC",2023,646983.0
 37133,"Onslow, NC",2023,11858614.0
 37135,"Orange, NC",2023,12293667.0
 37137,"Pamlico, NC",2023,381872.0
 37139,"Pasquotank, NC",2023,2136918.0
 37141,"Pender, NC",2023,2385269.0
 37143,"Perquimans, NC",2023,394020.0
 37145,"Person, NC",2023,1747536.0
 37147,"Pitt, NC",2023,11865912.0
 37149,"Polk, NC",2023,695538.0
 37151,"Randolph, NC",2023,5431688.0
 37153,"Richmond, NC",2023,2432765.0
 37155,"Robeson, NC",2023,4846358.0
 37157,"Rockingham, NC",2023,3626340.0
 37159,"Rowan, NC",2023,7588196.0
 37161,"Rutherford, NC",2023,2375907.0
 37163,"Sampson, NC",2023,2300282.0
 37165,"Scotland, NC",2023,1467292.0
 37167,"Stanly, NC",2023,2554102.0
 37169,"Stokes, NC",2023,1535776.0
 37171,"Surry, NC",2023,3408387.0
 37173,"Swain, NC",2023,851264.0
 37175,"Transylvania, NC",2023,2197062.0
 37177,"Tyrrell, NC",2023,141902.0
 37179,"Union, NC",2023,12165621.0
 37181,"Vance, NC",2023,1588441.0
 37183,"Wake, NC",2023,119859687.0
 37185,"Warren, NC",2023,376446.0
 37187,"Washington, NC",2023,344665.0
 37189,"Watauga, NC",2023,2987204.0
 37191,"Wayne, NC",2023,6339867.0
 37193,"Wilkes, NC",2023,3094738.0
 37195,"Wilson, NC",2023,4974884.0
 37197,"Yadkin, NC",2023,1204922.0
 37199,"Yancey, NC",2023,553898.0
 38000,North Dakota,2023,76043317.0
 38001,"Adams, ND",2023,116826.0
 38003,"Barnes, ND",2023,934404.0
 38005,"Benson, ND",2023,373444.0
 38007,"Billings, ND",2023,170984.0
 38009,"Bottineau, ND",2023,600792.0
 38011,"Bowman, ND",2023,255256.0
 38013,"Burke, ND",2023,295678.0
 38015,"Burleigh, ND",2023,7287459.0
 38017,"Cass, ND",2023,17707863.0
 38019,"Cavalier, ND",2023,537642.0
 38021,"Dickey, ND",2023,560268.0
 38023,"Divide, ND",2023,243070.0
 38025,"Dunn, ND",2023,2120408.0
 38027,"Eddy, ND",2023,183056.0
 38029,"Emmons, ND",2023,227481.0
 38031,"Foster, ND",2023,358645.0
 38033,"Golden Valley, ND",2023,87196.0
 38035,"Grand Forks, ND",2023,5206592.0
 38037,"Grant, ND",2023,97603.0
 38039,"Griggs, ND",2023,222383.0
 38041,"Hettinger, ND",2023,92751.0
 38043,"Kidder, ND",2023,176439.0
 38045,"LaMoure, ND",2023,423449.0
 38047,"Logan, ND",2023,153903.0
 38049,"McHenry, ND",2023,364307.0
 38051,"McIntosh, ND",2023,169247.0
 38053,"McKenzie, ND",2023,4551901.0
 38055,"McLean, ND",2023,981367.0
 38057,"Mercer, ND",2023,1204610.0
 38059,"Morton, ND",2023,1823820.0
 38061,"Mountrail, ND",2023,2211434.0
 38063,"Nelson, ND",2023,227027.0
 38065,"Oliver, ND",2023,319432.0
 38067,"Pembina, ND",2023,642023.0
 38069,"Pierce, ND",2023,314288.0
 38071,"Ramsey, ND",2023,863892.0
 38073,"Ransom, ND",2023,427097.0
 38075,"Renville, ND",2023,239757.0
 38077,"Richland, ND",2023,1352338.0
 38079,"Rolette, ND",2023,499174.0
 38081,"Sargent, ND",2023,1481644.0
 38083,"Sheridan, ND",2023,90422.0
 38085,"Sioux, ND",2023,153478.0
 38087,"Slope, ND",2023,21883.0
 38089,"Stark, ND",2023,3395947.0
 38091,"Steele, ND",2023,245169.0
 38093,"Stutsman, ND",2023,1810065.0
 38095,"Towner, ND",2023,287004.0
 38097,"Traill, ND",2023,607216.0
 38099,"Walsh, ND",2023,779496.0
 38101,"Ward, ND",2023,4785033.0
 38103,"Wells, ND",2023,415820.0
 38105,"Williams, ND",2023,7344839.0
 39000,Ohio,2023,884834198.0
 39001,"Adams, OH",2023,967470.0
 39003,"Allen, OH",2023,11599931.0
 39005,"Ashland, OH",2023,2378705.0
 39007,"Ashtabula, OH",2023,4195305.0
 39009,"Athens, OH",2023,2589174.0
 39011,"Auglaize, OH",2023,3464645.0
 39013,"Belmont, OH",2023,3694074.0
 39015,"Brown, OH",2023,1183016.0
 39017,"Butler, OH",2023,28067697.0
 39019,"Carroll, OH",2023,1901498.0
 39021,"Champaign, OH",2023,1580485.0
 39023,"Clark, OH",2023,5909466.0
 39025,"Clermont, OH",2023,9923768.0
 39027,"Clinton, OH",2023,3051971.0
 39029,"Columbiana, OH",2023,4718025.0
 39031,"Coshocton, OH",2023,1652937.0
 39033,"Crawford, OH",2023,1734745.0
 39035,"Cuyahoga, OH",2023,127777162.0
 39037,"Darke, OH",2023,3010938.0
 39039,"Defiance, OH",2023,2188163.0
 39041,"Delaware, OH",2023,17640761.0
 39043,"Erie, OH",2023,5627979.0
 39045,"Fairfield, OH",2023,6425994.0
 39047,"Fayette, OH",2023,2186720.0
 39049,"Franklin, OH",2023,133976478.0
 39051,"Fulton, OH",2023,2644396.0
 39053,"Gallia, OH",2023,2739812.0
 39055,"Geauga, OH",2023,5687270.0
 39057,"Greene, OH",2023,13486390.0
 39059,"Guernsey, OH",2023,3458985.0
 39061,"Hamilton, OH",2023,104134091.0
 39063,"Hancock, OH",2023,6903373.0
 39065,"Hardin, OH",2023,1290408.0
 39067,"Harrison, OH",2023,1432394.0
 39069,"Henry, OH",2023,1584724.0
 39071,"Highland, OH",2023,1775259.0
 39073,"Hocking, OH",2023,813442.0
 39075,"Holmes, OH",2023,3563044.0
 39077,"Huron, OH",2023,3021782.0
 39079,"Jackson, OH",2023,1278431.0
 39081,"Jefferson, OH",2023,5067579.0
 39083,"Knox, OH",2023,2960736.0
 39085,"Lake, OH",2023,15395085.0
 39087,"Lawrence, OH",2023,2472516.0
 39089,"Licking, OH",2023,10301163.0
 39091,"Logan, OH",2023,2602271.0
 39093,"Lorain, OH",2023,14073882.0
 39095,"Lucas, OH",2023,33572034.0
 39097,"Madison, OH",2023,2779629.0
 39099,"Mahoning, OH",2023,11817282.0
 39101,"Marion, OH",2023,3443386.0
 39103,"Medina, OH",2023,10202208.0
 39105,"Meigs, OH",2023,505969.0
 39107,"Mercer, OH",2023,3387796.0
 39109,"Miami, OH",2023,6084861.0
 39111,"Monroe, OH",2023,1364344.0
 39113,"Montgomery, OH",2023,37908125.0
 39115,"Morgan, OH",2023,491700.0
 39117,"Morrow, OH",2023,863219.0
 39119,"Muskingum, OH",2023,5185255.0
 39121,"Noble, OH",2023,529511.0
 39123,"Ottawa, OH",2023,2723320.0
 39125,"Paulding, OH",2023,825736.0
 39127,"Perry, OH",2023,947775.0
 39129,"Pickaway, OH",2023,2695896.0
 39131,"Pike, OH",2023,1481912.0
 39133,"Portage, OH",2023,8733101.0
 39135,"Preble, OH",2023,1548445.0
 39137,"Putnam, OH",2023,1725552.0
 39139,"Richland, OH",2023,5920097.0
 39141,"Ross, OH",2023,3814976.0
 39143,"Sandusky, OH",2023,3924001.0
 39145,"Scioto, OH",2023,3591649.0
 39147,"Seneca, OH",2023,2677719.0
 39149,"Shelby, OH",2023,4035079.0
 39151,"Stark, OH",2023,22698400.0
 39153,"Summit, OH",2023,38552385.0
 39155,"Trumbull, OH",2023,9018776.0
 39157,"Tuscarawas, OH",2023,5010311.0
 39159,"Union, OH",2023,5643274.0
 39161,"Van Wert, OH",2023,1749556.0
 39163,"Vinton, OH",2023,552375.0
 39165,"Warren, OH",2023,17517887.0
 39167,"Washington, OH",2023,4730220.0
 39169,"Wayne, OH",2023,8456794.0
 39171,"Williams, OH",2023,2231661.0
 39173,"Wood, OH",2023,10314878.0
 39175,"Wyandot, OH",2023,1442965.0
 40000,Oklahoma,2023,256689388.0
 40001,"Adair, OK",2023,558453.0
 40003,"Alfalfa, OK",2023,507771.0
 40005,"Atoka, OK",2023,442134.0
 40007,"Beaver, OK",2023,579938.0
 40009,"Beckham, OK",2023,1220403.0
 40011,"Blaine, OK",2023,1966600.0
 40013,"Bryan, OK",2023,2560818.0
 40015,"Caddo, OK",2023,1286750.0
 40017,"Canadian, OK",2023,8285002.0
 40019,"Carter, OK",2023,3724354.0
 40021,"Cherokee, OK",2023,1759044.0
 40023,"Choctaw, OK",2023,542039.0
 40025,"Cimarron, OK",2023,362803.0
 40027,"Cleveland, OK",2023,12089800.0
 40029,"Coal, OK",2023,361013.0
 40031,"Comanche, OK",2023,6627259.0
 40033,"Cotton, OK",2023,211034.0
 40035,"Craig, OK",2023,584265.0
 40037,"Creek, OK",2023,2741552.0
 40039,"Custer, OK",2023,2083071.0
 40041,"Delaware, OK",2023,1306384.0
 40043,"Dewey, OK",2023,871156.0
 40045,"Ellis, OK",2023,1019892.0
 40047,"Garfield, OK",2023,3804621.0
 40049,"Garvin, OK",2023,2200422.0
 40051,"Grady, OK",2023,4752631.0
 40053,"Grant, OK",2023,378245.0
 40055,"Greer, OK",2023,135108.0
 40057,"Harmon, OK",2023,136260.0
 40059,"Harper, OK",2023,317711.0
 40061,"Haskell, OK",2023,470261.0
 40063,"Hughes, OK",2023,906152.0
 40065,"Jackson, OK",2023,1473951.0
 40067,"Jefferson, OK",2023,156586.0
 40069,"Johnston, OK",2023,665407.0
 40071,"Kay, OK",2023,2317111.0
 40073,"Kingfisher, OK",2023,3333078.0
 40075,"Kiowa, OK",2023,299789.0
 40077,"Latimer, OK",2023,377324.0
 40079,"Le Flore, OK",2023,1718768.0
 40081,"Lincoln, OK",2023,992941.0
 40083,"Logan, OK",2023,1200085.0
 40085,"Love, OK",2023,917871.0
 40087,"McClain, OK",2023,2408355.0
 40089,"McCurtain, OK",2023,1694911.0
 40091,"McIntosh, OK",2023,491582.0
 40093,"Major, OK",2023,669451.0
 40095,"Marshall, OK",2023,712109.0
 40097,"Mayes, OK",2023,2715111.0
 40099,"Murray, OK",2023,720363.0
 40101,"Muskogee, OK",2023,3608487.0
 40103,"Noble, OK",2023,787231.0
 40105,"Nowata, OK",2023,263835.0
 40107,"Okfuskee, OK",2023,292423.0
 40109,"Oklahoma, OK",2023,70325286.0
 40111,"Okmulgee, OK",2023,1117494.0
 40113,"Osage, OK",2023,1344382.0
 40115,"Ottawa, OK",2023,1407950.0
 40117,"Pawnee, OK",2023,451460.0
 40119,"Payne, OK",2023,4349014.0
 40121,"Pittsburg, OK",2023,2550299.0
 40123,"Pontotoc, OK",2023,2689389.0
 40125,"Pottawatomie, OK",2023,2803978.0
 40127,"Pushmataha, OK",2023,319478.0
 40129,"Roger Mills, OK",2023,449833.0
 40131,"Rogers, OK",2023,4484768.0
 40133,"Seminole, OK",2023,1019985.0
 40135,"Sequoyah, OK",2023,973767.0
 40137,"Stephens, OK",2023,3006105.0
 40139,"Texas, OK",2023,2556549.0
 40141,"Tillman, OK",2023,200202.0
 40143,"Tulsa, OK",2023,55484384.0
 40145,"Wagoner, OK",2023,1886806.0
 40147,"Washington, OK",2023,3965535.0
 40149,"Washita, OK",2023,446736.0
 40151,"Woods, OK",2023,781128.0
 40153,"Woodward, OK",2023,1465145.0
 41000,Oregon,2023,318884142.0
 41001,"Baker, OR",2023,774939.0
 41003,"Benton, OR",2023,6035305.0
 41005,"Clackamas, OR",2023,28918958.0
 41007,"Clatsop, OR",2023,2589769.0
 41009,"Columbia, OR",2023,2011594.0
 41011,"Coos, OR",2023,3205201.0
 41013,"Crook, OR",2023,1568409.0
 41015,"Curry, OR",2023,970683.0
 41017,"Deschutes, OR",2023,15445974.0
 41019,"Douglas, OR",2023,5233474.0
 41021,"Gilliam, OR",2023,459310.0
 41023,"Grant, OR",2023,356949.0
 41025,"Harney, OR",2023,459027.0
 41027,"Hood River, OR",2023,1771140.0
 41029,"Jackson, OR",2023,12853288.0
 41031,"Jefferson, OR",2023,1086421.0
 41033,"Josephine, OR",2023,3877152.0
 41035,"Klamath, OR",2023,3359598.0
 41037,"Lake, OR",2023,471715.0
 41039,"Lane, OR",2023,22550913.0
 41041,"Lincoln, OR",2023,2666104.0
 41043,"Linn, OR",2023,6441520.0
 41045,"Malheur, OR",2023,1472635.0
 41047,"Marion, OR",2023,22837253.0
 41049,"Morrow, OR",2023,1901470.0
 41051,"Multnomah, OR",2023,88346680.0
 41053,"Polk, OR",2023,2896290.0
 41055,"Sherman, OR",2023,721530.0
 41057,"Tillamook, OR",2023,1503456.0
 41059,"Umatilla, OR",2023,4530356.0
 41061,"Union, OR",2023,1294249.0
 41063,"Wallowa, OR",2023,490655.0
 41065,"Wasco, OR",2023,2155125.0
 41067,"Washington, OR",2023,62657297.0
 41069,"Wheeler, OR",2023,53513.0
 41071,"Yamhill, OR",2023,4916189.0
 42000,Pennsylvania,2023,976360819.0
 42001,"Adams, PA",2023,4739846.0
 42003,"Allegheny, PA",2023,127215042.0
 42005,"Armstrong, PA",2023,2498848.0
 42007,"Beaver, PA",2023,8270921.0
 42009,"Bedford, PA",2023,1923959.0
 42011,"Berks, PA",2023,25974930.0
 42013,"Blair, PA",2023,7681160.0
 42015,"Bradford, PA",2023,5838010.0
 42017,"Bucks, PA",2023,46622731.0
 42019,"Butler, PA",2023,13859776.0
 42021,"Cambria, PA",2023,6068733.0
 42023,"Cameron, PA",2023,295000.0
 42025,"Carbon, PA",2023,3013641.0
 42027,"Centre, PA",2023,10952214.0
 42029,"Chester, PA",2023,57334489.0
 42031,"Clarion, PA",2023,1453407.0
 42033,"Clearfield, PA",2023,3948874.0
 42035,"Clinton, PA",2023,1838629.0
 42037,"Columbia, PA",2023,3085661.0
 42039,"Crawford, PA",2023,3711261.0
 42041,"Cumberland, PA",2023,21738271.0
 42043,"Dauphin, PA",2023,27883123.0
 42045,"Delaware, PA",2023,42181987.0
 42047,"Elk, PA",2023,1736857.0
 42049,"Erie, PA",2023,14204975.0
 42051,"Fayette, PA",2023,5324705.0
 42053,"Forest, PA",2023,272173.0
 42055,"Franklin, PA",2023,8148840.0
 42057,"Fulton, PA",2023,822195.0
 42059,"Greene, PA",2023,4726709.0
 42061,"Huntingdon, PA",2023,1561671.0
 42063,"Indiana, PA",2023,4275084.0
 42065,"Jefferson, PA",2023,1862101.0
 42067,"Juniata, PA",2023,1093054.0
 42069,"Lackawanna, PA",2023,13005382.0
 42071,"Lancaster, PA",2023,38970487.0
 42073,"Lawrence, PA",2023,4228890.0
 42075,"Lebanon, PA",2023,7912272.0
 42077,"Lehigh, PA",2023,30414532.0
 42079,"Luzerne, PA",2023,19632568.0
 42081,"Lycoming, PA",2023,7486729.0
 42083,"McKean, PA",2023,2306816.0
 42085,"Mercer, PA",2023,5342098.0
 42087,"Mifflin, PA",2023,2241860.0
 42089,"Monroe, PA",2023,9215416.0
 42091,"Montgomery, PA",2023,106631582.0
 42093,"Montour, PA",2023,2527349.0
 42095,"Northampton, PA",2023,20705296.0
 42097,"Northumberland, PA",2023,4285671.0
 42099,"Perry, PA",2023,1281025.0
 42101,"Philadelphia, PA",2023,131913541.0
 42103,"Pike, PA",2023,1938205.0
 42105,"Potter, PA",2023,923273.0
 42107,"Schuylkill, PA",2023,6314098.0
 42109,"Snyder, PA",2023,2239183.0
 42111,"Somerset, PA",2023,2968094.0
 42113,"Sullivan, PA",2023,408729.0
 42115,"Susquehanna, PA",2023,3414576.0
 42117,"Tioga, PA",2023,2126244.0
 42119,"Union, PA",2023,2423745.0
 42121,"Venango, PA",2023,2229558.0
 42123,"Warren, PA",2023,1740958.0
 42125,"Washington, PA",2023,17806233.0
 42127,"Wayne, PA",2023,2573316.0
 42129,"Westmoreland, PA",2023,19253727.0
 42131,"Wyoming, PA",2023,1873338.0
 42133,"York, PA",2023,27867147.0
 44000,Rhode Island,2023,77573947.0
 44001,"Bristol, RI",2023,2446658.0
 44003,"Kent, RI",2023,12309129.0
 44005,"Newport, RI",2023,8331401.0
 44007,"Providence, RI",2023,45089796.0
 44009,"Washington, RI",2023,9396963.0
 45000,South Carolina,2023,327420127.0
 45001,"Abbeville, SC",2023,742392.0
 45003,"Aiken, SC",2023,9630929.0
 45005,"Allendale, SC",2023,379042.0
 45007,"Anderson, SC",2023,9941325.0
 45009,"Bamberg, SC",2023,465423.0
 45011,"Barnwell, SC",2023,630289.0
 45013,"Beaufort, SC",2023,12232128.0
 45015,"Berkeley, SC",2023,12499861.0
 45017,"Calhoun, SC",2023,807335.0
 45019,"Charleston, SC",2023,45277527.0
 45021,"Cherokee, SC",2023,2278412.0
 45023,"Chester, SC",2023,1561448.0
 45025,"Chesterfield, SC",2023,1758328.0
 45027,"Clarendon, SC",2023,871072.0
 45029,"Colleton, SC",2023,1421398.0
 45031,"Darlington, SC",2023,3368948.0
 45033,"Dillon, SC",2023,944729.0
 45035,"Dorchester, SC",2023,6196561.0
 45037,"Edgefield, SC",2023,883609.0
 45039,"Fairfield, SC",2023,1370998.0
 45041,"Florence, SC",2023,9136680.0
 45043,"Georgetown, SC",2023,3643467.0
 45045,"Greenville, SC",2023,45047503.0
 45047,"Greenwood, SC",2023,4451756.0
 45049,"Hampton, SC",2023,653360.0
 45051,"Horry, SC",2023,20348125.0
 45053,"Jasper, SC",2023,2128670.0
 45055,"Kershaw, SC",2023,3009354.0
 45057,"Lancaster, SC",2023,4763575.0
 45059,"Laurens, SC",2023,2738767.0
 45061,"Lee, SC",2023,485283.0
 45063,"Lexington, SC",2023,18028534.0
 45065,"McCormick, SC",2023,293354.0
 45067,"Marion, SC",2023,780137.0
 45069,"Marlboro, SC",2023,902569.0
 45071,"Newberry, SC",2023,1780466.0
 45073,"Oconee, SC",2023,5057083.0
 45075,"Orangeburg, SC",2023,3564634.0
 45077,"Pickens, SC",2023,5629836.0
 45079,"Richland, SC",2023,34730733.0
 45081,"Saluda, SC",2023,550469.0
 45083,"Spartanburg, SC",2023,21159577.0
 45085,"Sumter, SC",2023,5728263.0
 45087,"Union, SC",2023,845737.0
 45089,"Williamsburg, SC",2023,939660.0
 45091,"York, SC",2023,17760781.0
 46000,South Dakota,2023,74033946.0
 46003,"Aurora, SD",2023,180740.0
 46005,"Beadle, SD",2023,1279932.0
 46007,"Bennett, SD",2023,143175.0
 46009,"Bon Homme, SD",2023,330868.0
 46011,"Brookings, SD",2023,2959992.0
 46013,"Brown, SD",2023,3124150.0
 46015,"Brule, SD",2023,358301.0
 46017,"Buffalo, SD",2023,105849.0
 46019,"Butte, SD",2023,464608.0
 46021,"Campbell, SD",2023,130343.0
 46023,"Charles Mix, SD",2023,620702.0
 46025,"Clark, SD",2023,373004.0
 46027,"Clay, SD",2023,839277.0
 46029,"Codington, SD",2023,2056682.0
 46031,"Corson, SD",2023,114975.0
 46033,"Custer, SD",2023,359213.0
 46035,"Davison, SD",2023,1663115.0
 46037,"Day, SD",2023,420591.0
 46039,"Deuel, SD",2023,540587.0
 46041,"Dewey, SD",2023,262371.0
 46043,"Douglas, SD",2023,281006.0
 46045,"Edmunds, SD",2023,338331.0
 46047,"Fall River, SD",2023,313219.0
 46049,"Faulk, SD",2023,197660.0
 46051,"Grant, SD",2023,765579.0
 46053,"Gregory, SD",2023,246614.0
 46055,"Haakon, SD",2023,180725.0
 46057,"Hamlin, SD",2023,407386.0
 46059,"Hand, SD",2023,298064.0
 46061,"Hanson, SD",2023,237049.0
 46063,"Harding, SD",2023,62162.0
 46065,"Hughes, SD",2023,1549015.0
 46067,"Hutchinson, SD",2023,573582.0
 46069,"Hyde, SD",2023,163473.0
 46071,"Jackson, SD",2023,103282.0
 46073,"Jerauld, SD",2023,226580.0
 46075,"Jones, SD",2023,67428.0
 46077,"Kingsbury, SD",2023,420380.0
 46079,"Lake, SD",2023,910037.0
 46081,"Lawrence, SD",2023,1785972.0
 46083,"Lincoln, SD",2023,8318647.0
 46085,"Lyman, SD",2023,221265.0
 46087,"McCook, SD",2023,397146.0
 46089,"McPherson, SD",2023,156653.0
 46091,"Marshall, SD",2023,415240.0
 46093,"Meade, SD",2023,1257613.0
 46095,"Mellette, SD",2023,64149.0
 46097,"Miner, SD",2023,197499.0
 46099,"Minnehaha, SD",2023,20759223.0
 46101,"Moody, SD",2023,483515.0
 46102,"Oglala Lakota, SD*",2023,399647.0
 46103,"Pennington, SD",2023,8167999.0
 46105,"Perkins, SD",2023,169205.0
 46107,"Potter, SD",2023,169154.0
 46109,"Roberts, SD",2023,544088.0
 46111,"Sanborn, SD",2023,198869.0
 46115,"Spink, SD",2023,650214.0
 46117,"Stanley, SD",2023,178104.0
 46119,"Sully, SD",2023,158691.0
 46121,"Todd, SD",2023,290952.0
 46123,"Tripp, SD",2023,348070.0
 46125,"Turner, SD",2023,609959.0
 46127,"Union, SD",2023,2215167.0
 46129,"Walworth, SD",2023,337862.0
 46135,"Yankton, SD",2023,1793232.0
 46137,"Ziebach, SD",2023,75767.0
 47000,Tennessee,2023,523031560.0
 47001,"Anderson, TN",2023,7408489.0
 47003,"Bedford, TN",2023,2505887.0
 47005,"Benton, TN",2023,534229.0
 47007,"Bledsoe, TN",2023,289274.0
 47009,"Blount, TN",2023,8457359.0
 47011,"Bradley, TN",2023,6376996.0
 47013,"Campbell, TN",2023,1354363.0
 47015,"Cannon, TN",2023,424801.0
 47017,"Carroll, TN",2023,878448.0
 47019,"Carter, TN",2023,1440222.0
 47021,"Cheatham, TN",2023,1751007.0
 47023,"Chester, TN",2023,512490.0
 47025,"Claiborne, TN",2023,1052379.0
 47027,"Clay, TN",2023,223389.0
 47029,"Cocke, TN",2023,1073266.0
 47031,"Coffee, TN",2023,3970913.0
 47033,"Crockett, TN",2023,725014.0
 47035,"Cumberland, TN",2023,2381852.0
 47037,"Davidson, TN",2023,106109718.0
 47039,"Decatur, TN",2023,420341.0
 47041,"DeKalb, TN",2023,924554.0
 47043,"Dickson, TN",2023,2751776.0
 47045,"Dyer, TN",2023,2369570.0
 47047,"Fayette, TN",2023,1958409.0
 47049,"Fentress, TN",2023,643660.0
 47051,"Franklin, TN",2023,1684418.0
 47053,"Gibson, TN",2023,2013500.0
 47055,"Giles, TN",2023,1535529.0
 47057,"Grainger, TN",2023,698960.0
 47059,"Greene, TN",2023,3203640.0
 47061,"Grundy, TN",2023,310393.0
 47063,"Hamblen, TN",2023,4437732.0
 47065,"Hamilton, TN",2023,35797995.0
 47067,"Hancock, TN",2023,135927.0
 47069,"Hardeman, TN",2023,788937.0
 47071,"Hardin, TN",2023,1275672.0
 47073,"Hawkins, TN",2023,2204827.0
 47075,"Haywood, TN",2023,879896.0
 47077,"Henderson, TN",2023,1012862.0
 47079,"Henry, TN",2023,1760331.0
 47081,"Hickman, TN",2023,685350.0
 47083,"Houston, TN",2023,199070.0
 47085,"Humphreys, TN",2023,1101108.0
 47087,"Jackson, TN",2023,281378.0
 47089,"Jefferson, TN",2023,2250403.0
 47091,"Johnson, TN",2023,556007.0
 47093,"Knox, TN",2023,39960671.0
 47095,"Lake, TN",2023,171807.0
 47097,"Lauderdale, TN",2023,890435.0
 47099,"Lawrence, TN",2023,1453437.0
 47101,"Lewis, TN",2023,440637.0
 47103,"Lincoln, TN",2023,1495251.0
 47105,"Loudon, TN",2023,2922530.0
 47107,"McMinn, TN",2023,2665464.0
 47109,"McNairy, TN",2023,725113.0
 47111,"Macon, TN",2023,746215.0
 47113,"Madison, TN",2023,8223530.0
 47115,"Marion, TN",2023,1123569.0
 47117,"Marshall, TN",2023,1572346.0
 47119,"Maury, TN",2023,6398973.0
 47121,"Meigs, TN",2023,350497.0
 47123,"Monroe, TN",2023,2028841.0
 47125,"Montgomery, TN",2023,9005297.0
 47127,"Moore, TN",2023,641752.0
 47129,"Morgan, TN",2023,444899.0
 47131,"Obion, TN",2023,1709770.0
 47133,"Overton, TN",2023,763895.0
 47135,"Perry, TN",2023,232926.0
 47137,"Pickett, TN",2023,164973.0
 47139,"Polk, TN",2023,430513.0
 47141,"Putnam, TN",2023,4923394.0
 47143,"Rhea, TN",2023,2396022.0
 47145,"Roane, TN",2023,3371780.0
 47147,"Robertson, TN",2023,3611481.0
 47149,"Rutherford, TN",2023,25768770.0
 47151,"Scott, TN",2023,670349.0
 47153,"Sequatchie, TN",2023,443000.0
 47155,"Sevier, TN",2023,6962028.0
 47157,"Shelby, TN",2023,85112155.0
 47159,"Smith, TN",2023,911270.0
 47161,"Stewart, TN",2023,859799.0
 47163,"Sullivan, TN",2023,11278520.0
 47165,"Sumner, TN",2023,10815982.0
 47167,"Tipton, TN",2023,1687855.0
 47169,"Trousdale, TN",2023,293722.0
 47171,"Unicoi, TN",2023,784103.0
 47173,"Union, TN",2023,462557.0
 47175,"Van Buren, TN",2023,127762.0
 47177,"Warren, TN",2023,1849970.0
 47179,"Washington, TN",2023,8533744.0
 47181,"Wayne, TN",2023,466861.0
 47183,"Weakley, TN",2023,1472200.0
 47185,"White, TN",2023,1035151.0
 47187,"Williamson, TN",2023,36031448.0
 47189,"Wilson, TN",2023,9245960.0
 48000,Texas,2023,2583866227.0
 48001,"Anderson, TX",2023,2665254.0
 48003,"Andrews, TX",2023,5044405.0
 48005,"Angelina, TX",2023,4321349.0
 48007,"Aransas, TX",2023,988490.0
 48009,"Archer, TX",2023,418765.0
 48011,"Armstrong, TX",2023,81718.0
 48013,"Atascosa, TX",2023,4259595.0
 48015,"Austin, TX",2023,2190202.0
 48017,"Bailey, TX",2023,604627.0
 48019,"Bandera, TX",2023,507570.0
 48021,"Bastrop, TX",2023,3954932.0
 48023,"Baylor, TX",2023,220507.0
 48025,"Bee, TX",2023,1036708.0
 48027,"Bell, TX",2023,23752295.0
 48029,"Bexar, TX",2023,147187931.0
 48031,"Blanco, TX",2023,691020.0
 48033,"Borden, TX",2023,925400.0
 48035,"Bosque, TX",2023,846221.0
 48037,"Bowie, TX",2023,4860856.0
 48039,"Brazoria, TX",2023,22499920.0
 48041,"Brazos, TX",2023,14982724.0
 48043,"Brewster, TX",2023,560852.0
 48045,"Briscoe, TX",2023,147505.0
 48047,"Brooks, TX",2023,343512.0
 48049,"Brown, TX",2023,1935219.0
 48051,"Burleson, TX",2023,1305947.0
 48053,"Burnet, TX",2023,2707320.0
 48055,"Caldwell, TX",2023,1371851.0
 48057,"Calhoun, TX",2023,4453792.0
 48059,"Callahan, TX",2023,526500.0
 48061,"Cameron, TX",2023,15602248.0
 48063,"Camp, TX",2023,523639.0
 48065,"Carson, TX",2023,1429919.0
 48067,"Cass, TX",2023,1367371.0
 48069,"Castro, TX",2023,1148785.0
 48071,"Chambers, TX",2023,3839496.0
 48073,"Cherokee, TX",2023,1941830.0
 48075,"Childress, TX",2023,351480.0
 48077,"Clay, TX",2023,329513.0
 48079,"Cochran, TX",2023,283494.0
 48081,"Coke, TX",2023,260260.0
 48083,"Coleman, TX",2023,290520.0
 48085,"Collin, TX",2023,103364238.0
 48087,"Collingsworth, TX",2023,108681.0
 48089,"Colorado, TX",2023,1210492.0
 48091,"Comal, TX",2023,11277635.0
 48093,"Comanche, TX",2023,622555.0
 48095,"Concho, TX",2023,297664.0
 48097,"Cooke, TX",2023,2997377.0
 48099,"Coryell, TX",2023,2199870.0
 48101,"Cottle, TX",2023,142998.0
 48103,"Crane, TX",2023,1157003.0
 48105,"Crockett, TX",2023,831824.0
 48107,"Crosby, TX",2023,327600.0
 48109,"Culberson, TX",2023,3706690.0
 48111,"Dallam, TX",2023,1102548.0
 48113,"Dallas, TX",2023,366068989.0
 48115,"Dawson, TX",2023,1190823.0
 48117,"Deaf Smith, TX",2023,2311607.0
 48119,"Delta, TX",2023,144165.0
 48121,"Denton, TX",2023,59917261.0
 48123,"DeWitt, TX",2023,4238539.0
 48125,"Dickens, TX",2023,122866.0
 48127,"Dimmit, TX",2023,3929245.0
 48129,"Donley, TX",2023,185265.0
 48131,"Duval, TX",2023,389743.0
 48133,"Eastland, TX",2023,906641.0
 48135,"Ector, TX",2023,15658079.0
 48137,"Edwards, TX",2023,96693.0
 48139,"Ellis, TX",2023,10050413.0
 48141,"El Paso, TX",2023,48395254.0
 48143,"Erath, TX",2023,2330834.0
 48145,"Falls, TX",2023,618431.0
 48147,"Fannin, TX",2023,1379524.0
 48149,"Fayette, TX",2023,2098480.0
 48151,"Fisher, TX",2023,499479.0
 48153,"Floyd, TX",2023,426279.0
 48155,"Foard, TX",2023,136910.0
 48157,"Fort Bend, TX",2023,45936809.0
 48159,"Franklin, TX",2023,610194.0
 48161,"Freestone, TX",2023,1319999.0
 48163,"Frio, TX",2023,1504911.0
 48165,"Gaines, TX",2023,2554686.0
 48167,"Galveston, TX",2023,25832933.0
 48169,"Garza, TX",2023,291119.0
 48171,"Gillespie, TX",2023,1723281.0
 48173,"Glasscock, TX",2023,4569298.0
 48175,"Goliad, TX",2023,385232.0
 48177,"Gonzales, TX",2023,3656977.0
 48179,"Gray, TX",2023,1377873.0
 48181,"Grayson, TX",2023,7289716.0
 48183,"Gregg, TX",2023,10229320.0
 48185,"Grimes, TX",2023,1503579.0
 48187,"Guadalupe, TX",2023,12298290.0
 48189,"Hale, TX",2023,1767411.0
 48191,"Hall, TX",2023,123447.0
 48193,"Hamilton, TX",2023,366625.0
 48195,"Hansford, TX",2023,1059422.0
 48197,"Hardeman, TX",2023,276255.0
 48199,"Hardin, TX",2023,1750193.0
 48201,"Harris, TX",2023,542011920.0
 48203,"Harrison, TX",2023,5606627.0
 48205,"Hartley, TX",2023,1241678.0
 48207,"Haskell, TX",2023,500080.0
 48209,"Hays, TX",2023,14027032.0
 48211,"Hemphill, TX",2023,520799.0
 48213,"Henderson, TX",2023,2543051.0
 48215,"Hidalgo, TX",2023,30225234.0
 48217,"Hill, TX",2023,1554820.0
 48219,"Hockley, TX",2023,1982709.0
 48221,"Hood, TX",2023,3536553.0
 48223,"Hopkins, TX",2023,2357655.0
 48225,"Houston, TX",2023,1225271.0
 48227,"Howard, TX",2023,11413857.0
 48229,"Hudspeth, TX",2023,213909.0
 48231,"Hunt, TX",2023,6203934.0
 48233,"Hutchinson, TX",2023,9283390.0
 48235,"Irion, TX",2023,1097370.0
 48237,"Jack, TX",2023,507065.0
 48239,"Jackson, TX",2023,770061.0
 48241,"Jasper, TX",2023,1329769.0
 48243,"Jeff Davis, TX",2023,98506.0
 48245,"Jefferson, TX",2023,24250052.0
 48247,"Jim Hogg, TX",2023,218218.0
 48249,"Jim Wells, TX",2023,1861624.0
 48251,"Johnson, TX",2023,8839522.0
 48253,"Jones, TX",2023,622478.0
 48255,"Karnes, TX",2023,7443726.0
 48257,"Kaufman, TX",2023,6518286.0
 48259,"Kendall, TX",2023,3359230.0
 48261,"Kenedy, TX",2023,320767.0
 48263,"Kent, TX",2023,222839.0
 48265,"Kerr, TX",2023,3078066.0
 48267,"Kimble, TX",2023,200148.0
 48269,"King, TX",2023,115610.0
 48271,"Kinney, TX",2023,147521.0
 48273,"Kleberg, TX",2023,1477990.0
 48275,"Knox, TX",2023,335614.0
 48277,"Lamar, TX",2023,3433946.0
 48279,"Lamb, TX",2023,1102864.0
 48281,"Lampasas, TX",2023,715159.0
 48283,"La Salle, TX",2023,3750769.0
 48285,"Lavaca, TX",2023,1529351.0
 48287,"Lee, TX",2023,1130056.0
 48289,"Leon, TX",2023,1056485.0
 48291,"Liberty, TX",2023,3149918.0
 48293,"Limestone, TX",2023,1951076.0
 48295,"Lipscomb, TX",2023,663130.0
 48297,"Live Oak, TX",2023,2461641.0
 48299,"Llano, TX",2023,1149769.0
 48301,"Loving, TX",2023,10235595.0
 48303,"Lubbock, TX",2023,18885771.0
 48305,"Lynn, TX",2023,441939.0
 48307,"McCulloch, TX",2023,481902.0
 48309,"McLennan, TX",2023,17516788.0
 48311,"McMullen, TX",2023,1884321.0
 48313,"Madison, TX",2023,686063.0
 48315,"Marion, TX",2023,367713.0
 48317,"Martin, TX",2023,14166864.0
 48319,"Mason, TX",2023,166943.0
 48321,"Matagorda, TX",2023,3130261.0
 48323,"Maverick, TX",2023,2450851.0
 48325,"Medina, TX",2023,1557075.0
 48327,"Menard, TX",2023,66146.0
 48329,"Midland, TX",2023,39497707.0
 48331,"Milam, TX",2023,904461.0
 48333,"Mills, TX",2023,370474.0
 48335,"Mitchell, TX",2023,416398.0
 48337,"Montague, TX",2023,815216.0
 48339,"Montgomery, TX",2023,45831701.0
 48341,"Moore, TX",2023,5112919.0
 48343,"Morris, TX",2023,810894.0
 48345,"Motley, TX",2023,58285.0
 48347,"Nacogdoches, TX",2023,3633472.0
 48349,"Navarro, TX",2023,2242394.0
 48351,"Newton, TX",2023,629279.0
 48353,"Nolan, TX",2023,1298619.0
 48355,"Nueces, TX",2023,26938700.0
 48357,"Ochiltree, TX",2023,1167215.0
 48359,"Oldham, TX",2023,452213.0
 48361,"Orange, TX",2023,5114381.0
 48363,"Palo Pinto, TX",2023,1291325.0
 48365,"Panola, TX",2023,2922750.0
 48367,"Parker, TX",2023,7163171.0
 48369,"Parmer, TX",2023,1452675.0
 48371,"Pecos, TX",2023,2919865.0
 48373,"Polk, TX",2023,1816364.0
 48375,"Potter, TX",2023,11174726.0
 48377,"Presidio, TX",2023,332990.0
 48379,"Rains, TX",2023,318626.0
 48381,"Randall, TX",2023,5775107.0
 48383,"Reagan, TX",2023,4113866.0
 48385,"Real, TX",2023,101257.0
 48387,"Red River, TX",2023,434346.0
 48389,"Reeves, TX",2023,14449142.0
 48391,"Refugio, TX",2023,491232.0
 48393,"Roberts, TX",2023,226048.0
 48395,"Robertson, TX",2023,3296664.0
 48397,"Rockwall, TX",2023,7253889.0
 48399,"Runnels, TX",2023,417847.0
 48401,"Rusk, TX",2023,3118401.0
 48403,"Sabine, TX",2023,365621.0
 48405,"San Augustine, TX",2023,993448.0
 48407,"San Jacinto, TX",2023,486627.0
 48409,"San Patricio, TX",2023,3992220.0
 48411,"San Saba, TX",2023,203777.0
 48413,"Schleicher, TX",2023,172757.0
 48415,"Scurry, TX",2023,2042176.0
 48417,"Shackelford, TX",2023,366135.0
 48419,"Shelby, TX",2023,1842937.0
 48421,"Sherman, TX",2023,774341.0
 48423,"Smith, TX",2023,15683898.0
 48425,"Somervell, TX",2023,1841159.0
 48427,"Starr, TX",2023,1624168.0
 48429,"Stephens, TX",2023,473916.0
 48431,"Sterling, TX",2023,310768.0
 48433,"Stonewall, TX",2023,151748.0
 48435,"Sutton, TX",2023,276477.0
 48437,"Swisher, TX",2023,727031.0
 48439,"Tarrant, TX",2023,164772714.0
 48441,"Taylor, TX",2023,9157646.0
 48443,"Terrell, TX",2023,71892.0
 48445,"Terry, TX",2023,667264.0
 48447,"Throckmorton, TX",2023,196431.0
 48449,"Titus, TX",2023,2499304.0
 48451,"Tom Green, TX",2023,8205071.0
 48453,"Travis, TX",2023,188267451.0
 48455,"Trinity, TX",2023,342978.0
 48457,"Tyler, TX",2023,643764.0
 48459,"Upshur, TX",2023,1070140.0
 48461,"Upton, TX",2023,7216629.0
 48463,"Uvalde, TX",2023,1231265.0
 48465,"Val Verde, TX",2023,2367079.0
 48467,"Van Zandt, TX",2023,1829639.0
 48469,"Victoria, TX",2023,5937976.0
 48471,"Walker, TX",2023,3022966.0
 48473,"Waller, TX",2023,5706466.0
 48475,"Ward, TX",2023,4818052.0
 48477,"Washington, TX",2023,3112117.0
 48479,"Webb, TX",2023,16186701.0
 48481,"Wharton, TX",2023,2731930.0
 48483,"Wheeler, TX",2023,464906.0
 48485,"Wichita, TX",2023,7507817.0
 48487,"Wilbarger, TX",2023,1011663.0
 48489,"Willacy, TX",2023,709741.0
 48491,"Williamson, TX",2023,40488298.0
 48493,"Wilson, TX",2023,1691716.0
 48495,"Winkler, TX",2023,2117249.0
 48497,"Wise, TX",2023,4501213.0
 48499,"Wood, TX",2023,2008877.0
 48501,"Yoakum, TX",2023,2527332.0
 48503,"Young, TX",2023,1392759.0
 48505,"Zapata, TX",2023,717575.0
 48507,"Zavala, TX",2023,950600.0
 49000,Utah,2023,281329129.0
 49001,"Beaver, UT",2023,532789.0
 49003,"Box Elder, UT",2023,3479604.0
 49005,"Cache, UT",2023,8292579.0
 49007,"Carbon, UT",2023,1237917.0
 49009,"Daggett, UT",2023,152244.0
 49011,"Davis, UT",2023,22761910.0
 49013,"Duchesne, UT",2023,1756968.0
 49015,"Emery, UT",2023,1491338.0
 49017,"Garfield, UT",2023,412451.0
 49019,"Grand, UT",2023,909321.0
 49021,"Iron, UT",2023,3053131.0
 49023,"Juab, UT",2023,959364.0
 49025,"Kane, UT",2023,576628.0
 49027,"Millard, UT",2023,1351465.0
 49029,"Morgan, UT",2023,527485.0
 49031,"Piute, UT",2023,117736.0
 49033,"Rich, UT",2023,226391.0
 49035,"Salt Lake, UT",2023,144634320.0
 49037,"San Juan, UT",2023,709378.0
 49039,"Sanpete, UT",2023,1370701.0
 49041,"Sevier, UT",2023,1761126.0
 49043,"Summit, UT",2023,5799709.0
 49045,"Tooele, UT",2023,2884830.0
 49047,"Uintah, UT",2023,2648059.0
 49049,"Utah, UT",2023,44073779.0
 49051,"Wasatch, UT",2023,1826206.0
 49053,"Washington, UT",2023,10742891.0
 49055,"Wayne, UT",2023,160848.0
 49057,"Weber, UT",2023,16877963.0
 50000,Vermont,2023,43533753.0
 50001,"Addison, VT",2023,2156287.0
 50003,"Bennington, VT",2023,2202319.0
 50005,"Caledonia, VT",2023,1491758.0
 50007,"Chittenden, VT",2023,15816508.0
 50009,"Essex, VT",2023,173519.0
 50011,"Franklin, VT",2023,2620898.0
 50013,"Grand Isle, VT",2023,233803.0
 50015,"Lamoille, VT",2023,1559514.0
 50017,"Orange, VT",2023,1069652.0
 50019,"Orleans, VT",2023,1420469.0
 50021,"Rutland, VT",2023,3494962.0
 50023,"Washington, VT",2023,4818004.0
 50025,"Windham, VT",2023,2939767.0
 50027,"Windsor, VT",2023,3536293.0
 51000,Virginia,2023,719896926.0
 51001,"Accomack, VA",2023,1886957.0
 51007,"Amelia, VA",2023,390704.0
 51009,"Amherst, VA",2023,1031192.0
 51011,"Appomattox, VA",2023,444191.0
 51013,"Arlington, VA",2023,47317911.0
 51017,"Bath, VA",2023,294931.0
 51019,"Bedford, VA*",2023,2647684.0
 51021,"Bland, VA",2023,264124.0
 51023,"Botetourt, VA",2023,1822623.0
 51025,"Brunswick, VA",2023,935255.0
 51027,"Buchanan, VA",2023,1507093.0
 51029,"Buckingham, VA",2023,655029.0
 51033,"Caroline, VA",2023,1117614.0
 51036,"Charles City, VA",2023,302846.0
 51037,"Charlotte, VA",2023,379796.0
 51041,"Chesterfield, VA",2023,22407401.0
 51043,"Clarke, VA",2023,597229.0
 51045,"Craig, VA",2023,145053.0
 51047,"Culpeper, VA",2023,2521849.0
 51049,"Cumberland, VA",2023,213758.0
 51051,"Dickenson, VA",2023,844209.0
 51057,"Essex, VA",2023,513833.0
 51061,"Fauquier, VA",2023,3781003.0
 51063,"Floyd, VA",2023,517985.0
 51065,"Fluvanna, VA",2023,1144199.0
 51067,"Franklin, VA",2023,2164311.0
 51071,"Giles, VA",2023,915431.0
 51073,"Gloucester, VA",2023,1240604.0
 51075,"Goochland, VA",2023,4001379.0
 51077,"Grayson, VA",2023,373050.0
 51079,"Greene, VA",2023,634473.0
 51083,"Halifax, VA",2023,1526668.0
 51085,"Hanover, VA",2023,8676314.0
 51087,"Henrico, VA",2023,36024451.0
 51091,"Highland, VA",2023,91026.0
 51093,"Isle of Wight, VA",2023,1994413.0
 51097,"King and Queen, VA",2023,189802.0
 51099,"King George, VA",2023,2668527.0
 51101,"King William, VA",2023,690225.0
 51103,"Lancaster, VA",2023,626784.0
 51105,"Lee, VA",2023,532112.0
 51107,"Loudoun, VA",2023,40880742.0
 51109,"Louisa, VA",2023,2933453.0
 51111,"Lunenburg, VA",2023,329332.0
 51113,"Madison, VA",2023,492018.0
 51115,"Mathews, VA",2023,238767.0
 51117,"Mecklenburg, VA",2023,1524045.0
 51119,"Middlesex, VA",2023,480581.0
 51125,"Nelson, VA",2023,680718.0
 51127,"New Kent, VA",2023,848050.0
 51131,"Northampton, VA",2023,636353.0
 51133,"Northumberland, VA",2023,441380.0
 51135,"Nottoway, VA",2023,690483.0
 51137,"Orange, VA",2023,1475828.0
 51139,"Page, VA",2023,842129.0
 51141,"Patrick, VA",2023,525993.0
 51145,"Powhatan, VA",2023,1168487.0
 51147,"Prince Edward, VA",2023,959820.0
 51155,"Pulaski, VA",2023,1853247.0
 51157,"Rappahannock, VA",2023,364187.0
 51159,"Richmond, VA",2023,359424.0
 51167,"Russell, VA",2023,858732.0
 51169,"Scott, VA",2023,572699.0
 51171,"Shenandoah, VA",2023,2105888.0
 51173,"Smyth, VA",2023,1326926.0
 51179,"Stafford, VA",2023,8021175.0
 51181,"Surry, VA",2023,1484182.0
 51183,"Sussex, VA",2023,423964.0
 51185,"Tazewell, VA",2023,1650537.0
 51187,"Warren, VA",2023,2341678.0
 51193,"Westmoreland, VA",2023,625573.0
 51197,"Wythe, VA",2023,1919086.0
 51510,"Alexandria (Independent City), VA",2023,17339164.0
 51550,"Chesapeake (Independent City), VA",2023,14459769.0
 51650,"Hampton (Independent City), VA",2023,8490324.0
 51700,"Newport News (Independent City), VA",2023,18551930.0
 51710,"Norfolk (Independent City), VA",2023,25987117.0
 51740,"Portsmouth (Independent City), VA",2023,7626429.0
 51760,"Richmond (Independent City), VA",2023,32810083.0
 51770,"Roanoke (Independent City), VA",2023,9593225.0
 51800,"Suffolk (Independent City), VA",2023,5404995.0
 51810,"Virginia Beach (Independent City), VA",2023,29532496.0
 51901,"Albemarle + Charlottesville, VA*",2023,16357953.0
 51903,"Alleghany + Covington, VA*",2023,1085240.0
 51907,"Augusta, Staunton + Waynesboro, VA*",2023,6760948.0
 51911,"Campbell + Lynchburg, VA*",2023,9388795.0
 51913,"Carroll + Galax, VA*",2023,1207647.0
 51918,"Dinwiddie, Colonial Heights + Petersburg, VA*",2023,3986923.0
 51919,"Fairfax, Fairfax City + Falls Church, VA*",2023,167456388.0
 51921,"Frederick + Winchester, VA*",2023,9494853.0
 51923,"Greensville + Emporia, VA*",2023,1861722.0
 51929,"Henry + Martinsville, VA*",2023,2971436.0
 51931,"James City + Williamsburg, VA*",2023,7489022.0
 51933,"Montgomery + Radford, VA*",2023,7397626.0
 51939,"Pittsylvania + Danville, VA*",2023,4772295.0
 51941,"Prince George + Hopewell, VA*",2023,5038913.0
 51942,"Prince William, Manassas + Manassas Park, VA*",2023,29375011.0
 51944,"Roanoke + Salem, VA*",2023,8017352.0
 51945,"Rockbridge, Buena Vista + Lexington, VA*",2023,1697352.0
 51947,"Rockingham + Harrisonburg, VA*",2023,10348301.0
 51949,"Southampton + Franklin, VA*",2023,1042883.0
 51951,"Spotsylvania + Fredericksburg, VA*",2023,9114282.0
 51953,"Washington + Bristol, VA*",2023,4270291.0
 51955,"Wise + Norton, VA*",2023,2066030.0
 51958,"York + Poquoson, VA*",2023,3810624.0
 53000,Washington,2023,807864547.0
 53001,"Adams, WA",2023,973963.0
 53003,"Asotin, WA",2023,927736.0
 53005,"Benton, WA",2023,15861343.0
 53007,"Chelan, WA",2023,6864113.0
 53009,"Clallam, WA",2023,3694493.0
 53011,"Clark, WA",2023,31612630.0
 53013,"Columbia, WA",2023,465189.0
 53015,"Cowlitz, WA",2023,7096628.0
 53017,"Douglas, WA",2023,2479329.0
 53019,"Ferry, WA",2023,263774.0
 53021,"Franklin, WA",2023,5221076.0
 53023,"Garfield, WA",2023,199033.0
 53025,"Grant, WA",2023,8500944.0
 53027,"Grays Harbor, WA",2023,3660246.0
 53029,"Island, WA",2023,4470383.0
 53031,"Jefferson, WA",2023,1728706.0
 53033,"King, WA",2023,445140156.0
 53035,"Kitsap, WA",2023,17319445.0
 53037,"Kittitas, WA",2023,2622605.0
 53039,"Klickitat, WA",2023,2445005.0
 53041,"Lewis, WA",2023,5148953.0
 53043,"Lincoln, WA",2023,497889.0
 53045,"Mason, WA",2023,2302712.0
 53047,"Okanogan, WA",2023,2205674.0
 53049,"Pacific, WA",2023,1009196.0
 53051,"Pend Oreille, WA",2023,703202.0
 53053,"Pierce, WA",2023,61441692.0
 53055,"San Juan, WA",2023,1205547.0
 53057,"Skagit, WA",2023,8858346.0
 53059,"Skamania, WA",2023,431050.0
 53061,"Snohomish, WA",2023,60159675.0
 53063,"Spokane, WA",2023,38102272.0
 53065,"Stevens, WA",2023,1633522.0
 53067,"Thurston, WA",2023,19969972.0
 53069,"Wahkiakum, WA",2023,137673.0
 53071,"Walla Walla, WA",2023,4362362.0
 53073,"Whatcom, WA",2023,21489731.0
 53075,"Whitman, WA",2023,3300795.0
 53077,"Yakima, WA",2023,13357488.0
 54000,West Virginia,2023,102151813.0
 54001,"Barbour, WV",2023,642553.0
 54003,"Berkeley, WV",2023,5650649.0
 54005,"Boone, WV",2023,809485.0
 54007,"Braxton, WV",2023,389311.0
 54009,"Brooke, WV",2023,1294343.0
 54011,"Cabell, WV",2023,6306909.0
 54013,"Calhoun, WV",2023,150727.0
 54015,"Clay, WV",2023,197538.0
 54017,"Doddridge, WV",2023,819190.0
 54019,"Fayette, WV",2023,1406905.0
 54021,"Gilmer, WV",2023,228131.0
 54023,"Grant, WV",2023,548544.0
 54025,"Greenbrier, WV",2023,1431576.0
 54027,"Hampshire, WV",2023,493995.0
 54029,"Hancock, WV",2023,1206121.0
 54031,"Hardy, WV",2023,1007448.0
 54033,"Harrison, WV",2023,5917674.0
 54035,"Jackson, WV",2023,1134100.0
 54037,"Jefferson, WV",2023,2516067.0
 54039,"Kanawha, WV",2023,13866049.0
 54041,"Lewis, WV",2023,707571.0
 54043,"Lincoln, WV",2023,284323.0
 54045,"Logan, WV",2023,1900907.0
 54047,"McDowell, WV",2023,707852.0
 54049,"Marion, WV",2023,2963600.0
 54051,"Marshall, WV",2023,3962035.0
 54053,"Mason, WV",2023,941080.0
 54055,"Mercer, WV",2023,2232471.0
 54057,"Mineral, WV",2023,990999.0
 54059,"Mingo, WV",2023,722994.0
 54061,"Monongalia, WV",2023,9108549.0
 54063,"Monroe, WV",2023,296517.0
 54065,"Morgan, WV",2023,378810.0
 54067,"Nicholas, WV",2023,879640.0
 54069,"Ohio, WV",2023,5001898.0
 54071,"Pendleton, WV",2023,200535.0
 54073,"Pleasants, WV",2023,670512.0
 54075,"Pocahontas, WV",2023,337464.0
 54077,"Preston, WV",2023,962415.0
 54079,"Putnam, WV",2023,3555041.0
 54081,"Raleigh, WV",2023,4134631.0
 54083,"Randolph, WV",2023,1142396.0
 54085,"Ritchie, WV",2023,799904.0
 54087,"Roane, WV",2023,362667.0
 54089,"Summers, WV",2023,277170.0
 54091,"Taylor, WV",2023,819146.0
 54093,"Tucker, WV",2023,431336.0
 54095,"Tyler, WV",2023,1824877.0
 54097,"Upshur, WV",2023,1000691.0
 54099,"Wayne, WV",2023,1216274.0
 54101,"Webster, WV",2023,172298.0
 54103,"Wetzel, WV",2023,1444582.0
 54105,"Wirt, WV",2023,97683.0
 54107,"Wood, WV",2023,4613873.0
 54109,"Wyoming, WV",2023,991760.0
 55000,Wisconsin,2023,428447065.0
 55001,"Adams, WI",2023,778283.0
 55003,"Ashland, WI",2023,876481.0
 55005,"Barron, WI",2023,2791131.0
 55007,"Bayfield, WI",2023,551280.0
 55009,"Brown, WI",2023,24077111.0
 55011,"Buffalo, WI",2023,741401.0
 55013,"Burnett, WI",2023,708533.0
 55015,"Calumet, WI",2023,2188206.0
 55017,"Chippewa, WI",2023,3665498.0
 55019,"Clark, WI",2023,1684716.0
 55021,"Columbia, WI",2023,3850994.0
 55023,"Crawford, WI",2023,935816.0
 55025,"Dane, WI",2023,58183250.0
 55027,"Dodge, WI",2023,4855976.0
 55029,"Door, WI",2023,1882465.0
 55031,"Douglas, WI",2023,2391868.0
 55033,"Dunn, WI",2023,2361719.0
 55035,"Eau Claire, WI",2023,8008700.0
 55037,"Florence, WI",2023,157326.0
 55039,"Fond du Lac, WI",2023,6451530.0
 55041,"Forest, WI",2023,400871.0
 55043,"Grant, WI",2023,2905828.0
 55045,"Green, WI",2023,2428295.0
 55047,"Green Lake, WI",2023,823184.0
 55049,"Iowa, WI",2023,1653070.0
 55051,"Iron, WI",2023,216752.0
 55053,"Jackson, WI",2023,1088180.0
 55055,"Jefferson, WI",2023,4661464.0
 55057,"Juneau, WI",2023,1231139.0
 55059,"Kenosha, WI",2023,9965917.0
 55061,"Kewaunee, WI",2023,931874.0
 55063,"La Crosse, WI",2023,9402732.0
 55065,"Lafayette, WI",2023,890372.0
 55067,"Langlade, WI",2023,913881.0
 55069,"Lincoln, WI",2023,1652350.0
 55071,"Manitowoc, WI",2023,5222223.0
 55073,"Marathon, WI",2023,11059354.0
 55075,"Marinette, WI",2023,2339702.0
 55077,"Marquette, WI",2023,504320.0
 55078,"Menominee, WI",2023,208446.0
 55079,"Milwaukee, WI",2023,74663875.0
 55081,"Monroe, WI",2023,2966112.0
 55083,"Oconto, WI",2023,1267701.0
 55085,"Oneida, WI",2023,2264932.0
 55087,"Outagamie, WI",2023,16344119.0
 55089,"Ozaukee, WI",2023,6950121.0
 55091,"Pepin, WI",2023,376990.0
 55093,"Pierce, WI",2023,1542171.0
 55095,"Polk, WI",2023,2059451.0
 55097,"Portage, WI",2023,5301601.0
 55099,"Price, WI",2023,734173.0
 55101,"Racine, WI",2023,10914885.0
 55103,"Richland, WI",2023,950215.0
 55105,"Rock, WI",2023,10503232.0
 55107,"Rusk, WI",2023,685033.0
 55109,"St. Croix, WI",2023,5476252.0
 55111,"Sauk, WI",2023,5341712.0
 55113,"Sawyer, WI",2023,916181.0
 55115,"Shawano, WI",2023,1632798.0
 55117,"Sheboygan, WI",2023,8738603.0
 55119,"Taylor, WI",2023,1034670.0
 55121,"Trempealeau, WI",2023,1752952.0
 55123,"Vernon, WI",2023,1473400.0
 55125,"Vilas, WI",2023,1192758.0
 55127,"Walworth, WI",2023,5973606.0
 55129,"Washburn, WI",2023,756596.0
 55131,"Washington, WI",2023,8642517.0
 55133,"Waukesha, WI",2023,40600176.0
 55135,"Waupaca, WI",2023,2355200.0
 55137,"Waushara, WI",2023,803833.0
 55139,"Winnebago, WI",2023,13408456.0
 55141,"Wood, WI",2023,5180511.0
 56000,Wyoming,2023,51990542.0
 56001,"Albany, WY",2023,2037152.0
 56003,"Big Horn, WY",2023,692692.0
 56005,"Campbell, WY",2023,7589153.0
 56007,"Carbon, WY",2023,2086135.0
 56009,"Converse, WY",2023,1971001.0
 56011,"Crook, WY",2023,453421.0
 56013,"Fremont, WY",2023,2073761.0
 56015,"Goshen, WY",2023,628176.0
 56017,"Hot Springs, WY",2023,270524.0
 56019,"Johnson, WY",2023,539295.0
 56021,"Laramie, WY",2023,8285241.0
 56023,"Lincoln, WY",2023,1282287.0
 56025,"Natrona, WY",2023,6983637.0
 56027,"Niobrara, WY",2023,151286.0
 56029,"Park, WY",2023,2025278.0
 56031,"Platte, WY",2023,733810.0
 56033,"Sheridan, WY",2023,1996797.0
 56035,"Sublette, WY",2023,1061494.0
 56037,"Sweetwater, WY",2023,4498470.0
 56039,"Teton, WY",2023,4642946.0
 56041,"Uinta, WY",2023,1113995.0
 56043,"Washakie, WY",2023,439977.0
 56045,"Weston, WY",2023,434016.0
 91000,New England,2023,1410686775.0
 92000,Mideast,2023,4745213364.0
 93000,Great Lakes,2023,3584948585.0
 94000,Plains,2023,1726903182.0
 95000,Southeast,2023,6122626696.0
 96000,Southwest,2023,3498332461.0
 97000,Rocky Mountain,2023,1057159025.0
 98000,Far West,2023,5421427913.0
